feature,coefficient,selected,etf,split_id,target_column,alpha,l1_ratio,inner_cv_time_series_rank_ic
z_return_5d,0.0,False,XLB,1,target_5d_forward_return_raw,0.01,0.7,0.29039406443137045
z_return_5d_rel_spy,0.0,False,XLB,1,target_5d_forward_return_raw,0.01,0.7,0.29039406443137045
z_return_5d_excess_rf,0.0,False,XLB,1,target_5d_forward_return_raw,0.01,0.7,0.29039406443137045
z_return_20d,0.0,False,XLB,1,target_5d_forward_return_raw,0.01,0.7,0.29039406443137045
z_return_20d_rel_spy,0.0,False,XLB,1,target_5d_forward_return_raw,0.01,0.7,0.29039406443137045
z_return_20d_excess_rf,0.0,False,XLB,1,target_5d_forward_return_raw,0.01,0.7,0.29039406443137045
z_return_60d_rel_spy,-0.0,False,XLB,1,target_5d_forward_return_raw,0.01,0.7,0.29039406443137045
z_price_to_MA20,0.0,False,XLB,1,target_5d_forward_return_raw,0.01,0.7,0.29039406443137045
z_price_to_MA50,0.0,False,XLB,1,target_5d_forward_return_raw,0.01,0.7,0.29039406443137045
z_MA20_minus_MA50,0.0,False,XLB,1,target_5d_forward_return_raw,0.01,0.7,0.29039406443137045
z_volatility_20d,0.0,False,XLB,1,target_5d_forward_return_raw,0.01,0.7,0.29039406443137045
z_max_drawdown_60d,-0.0,False,XLB,1,target_5d_forward_return_raw,0.01,0.7,0.29039406443137045
z_ATR_14,-0.0,False,XLB,1,target_5d_forward_return_raw,0.01,0.7,0.29039406443137045
z_volume_change,-0.0,False,XLB,1,target_5d_forward_return_raw,0.01,0.7,0.29039406443137045
z_relative_volume,0.0,False,XLB,1,target_5d_forward_return_raw,0.01,0.7,0.29039406443137045
z_RSI_14,-0.0,False,XLB,1,target_5d_forward_return_raw,0.01,0.7,0.29039406443137045
z_market_beta_60d,-0.0,False,XLB,1,target_5d_forward_return_raw,0.01,0.7,0.29039406443137045
z_idio_vol_60d,-0.0,False,XLB,1,target_5d_forward_return_raw,0.01,0.7,0.29039406443137045
z_Federal_Funds_Rate,-0.0,False,XLB,1,target_5d_forward_return_raw,0.01,0.7,0.29039406443137045
z_Treasury_10Y,-0.0,False,XLB,1,target_5d_forward_return_raw,0.01,0.7,0.29039406443137045
z_Yield_Spread_10Y2Y,-0.0,False,XLB,1,target_5d_forward_return_raw,0.01,0.7,0.29039406443137045
z_Breakeven_Inflation_10Y,-0.0002745720370528201,True,XLB,1,target_5d_forward_return_raw,0.01,0.7,0.29039406443137045
z_CPI,-0.0,False,XLB,1,target_5d_forward_return_raw,0.01,0.7,0.29039406443137045
z_Unemployment_Rate,0.0,False,XLB,1,target_5d_forward_return_raw,0.01,0.7,0.29039406443137045
z_Financial_Conditions_Index,-0.0,False,XLB,1,target_5d_forward_return_raw,0.01,0.7,0.29039406443137045
z_VIX,0.0,False,XLB,1,target_5d_forward_return_raw,0.01,0.7,0.29039406443137045
z_rate_sensitivity_beta,0.0,False,XLB,1,target_5d_forward_return_raw,0.01,0.7,0.29039406443137045
z_return_5d,-0.0028725704808084734,True,XLC,1,target_5d_forward_return_raw,0.001,0.5,0.23568373377365445
z_return_5d_rel_spy,-8.03397684933067e-05,True,XLC,1,target_5d_forward_return_raw,0.001,0.5,0.23568373377365445
z_return_5d_excess_rf,-1.120860328580587e-06,True,XLC,1,target_5d_forward_return_raw,0.001,0.5,0.23568373377365445
z_return_20d,-0.0029471076968001267,True,XLC,1,target_5d_forward_return_raw,0.001,0.5,0.23568373377365445
z_return_20d_rel_spy,-8.58630467075731e-05,True,XLC,1,target_5d_forward_return_raw,0.001,0.5,0.23568373377365445
z_return_20d_excess_rf,-1.2179301777361401e-06,True,XLC,1,target_5d_forward_return_raw,0.001,0.5,0.23568373377365445
z_return_60d_rel_spy,-0.0005043543659761126,True,XLC,1,target_5d_forward_return_raw,0.001,0.5,0.23568373377365445
z_price_to_MA20,-0.00544403654667386,True,XLC,1,target_5d_forward_return_raw,0.001,0.5,0.23568373377365445
z_price_to_MA50,-5.127072108490895e-06,True,XLC,1,target_5d_forward_return_raw,0.001,0.5,0.23568373377365445
z_MA20_minus_MA50,-0.005511689026747248,True,XLC,1,target_5d_forward_return_raw,0.001,0.5,0.23568373377365445
z_volatility_20d,-0.0016163823940557867,True,XLC,1,target_5d_forward_return_raw,0.001,0.5,0.23568373377365445
z_max_drawdown_60d,0.0003662625761359535,True,XLC,1,target_5d_forward_return_raw,0.001,0.5,0.23568373377365445
z_ATR_14,0.0038215358156172036,True,XLC,1,target_5d_forward_return_raw,0.001,0.5,0.23568373377365445
z_volume_change,-0.0,False,XLC,1,target_5d_forward_return_raw,0.001,0.5,0.23568373377365445
z_relative_volume,0.0004902499622771985,True,XLC,1,target_5d_forward_return_raw,0.001,0.5,0.23568373377365445
z_RSI_14,0.0006002343471200764,True,XLC,1,target_5d_forward_return_raw,0.001,0.5,0.23568373377365445
z_market_beta_60d,-0.001322109301811688,True,XLC,1,target_5d_forward_return_raw,0.001,0.5,0.23568373377365445
z_idio_vol_60d,0.0010220697526202728,True,XLC,1,target_5d_forward_return_raw,0.001,0.5,0.23568373377365445
z_Federal_Funds_Rate,-0.0,False,XLC,1,target_5d_forward_return_raw,0.001,0.5,0.23568373377365445
z_Treasury_10Y,-0.015791007075799623,True,XLC,1,target_5d_forward_return_raw,0.001,0.5,0.23568373377365445
z_Yield_Spread_10Y2Y,0.003502353131428729,True,XLC,1,target_5d_forward_return_raw,0.001,0.5,0.23568373377365445
z_Breakeven_Inflation_10Y,0.002070236762905923,True,XLC,1,target_5d_forward_return_raw,0.001,0.5,0.23568373377365445
z_CPI,0.0,False,XLC,1,target_5d_forward_return_raw,0.001,0.5,0.23568373377365445
z_Unemployment_Rate,0.0037560877433348845,True,XLC,1,target_5d_forward_return_raw,0.001,0.5,0.23568373377365445
z_Financial_Conditions_Index,-0.0,False,XLC,1,target_5d_forward_return_raw,0.001,0.5,0.23568373377365445
z_VIX,0.005491156511429531,True,XLC,1,target_5d_forward_return_raw,0.001,0.5,0.23568373377365445
z_rate_sensitivity_beta,-0.0,False,XLC,1,target_5d_forward_return_raw,0.001,0.5,0.23568373377365445
z_return_5d,0.0,False,XLE,1,target_5d_forward_return_raw,0.01,0.7,0.16713440418014813
z_return_5d_rel_spy,0.0,False,XLE,1,target_5d_forward_return_raw,0.01,0.7,0.16713440418014813
z_return_5d_excess_rf,0.0,False,XLE,1,target_5d_forward_return_raw,0.01,0.7,0.16713440418014813
z_return_20d,-0.0,False,XLE,1,target_5d_forward_return_raw,0.01,0.7,0.16713440418014813
z_return_20d_rel_spy,-0.0,False,XLE,1,target_5d_forward_return_raw,0.01,0.7,0.16713440418014813
z_return_20d_excess_rf,-0.0,False,XLE,1,target_5d_forward_return_raw,0.01,0.7,0.16713440418014813
z_return_60d_rel_spy,-0.0,False,XLE,1,target_5d_forward_return_raw,0.01,0.7,0.16713440418014813
z_price_to_MA20,-0.0,False,XLE,1,target_5d_forward_return_raw,0.01,0.7,0.16713440418014813
z_price_to_MA50,-0.0,False,XLE,1,target_5d_forward_return_raw,0.01,0.7,0.16713440418014813
z_MA20_minus_MA50,-0.0,False,XLE,1,target_5d_forward_return_raw,0.01,0.7,0.16713440418014813
z_volatility_20d,0.0,False,XLE,1,target_5d_forward_return_raw,0.01,0.7,0.16713440418014813
z_max_drawdown_60d,-0.0,False,XLE,1,target_5d_forward_return_raw,0.01,0.7,0.16713440418014813
z_ATR_14,-0.0,False,XLE,1,target_5d_forward_return_raw,0.01,0.7,0.16713440418014813
z_volume_change,-0.0,False,XLE,1,target_5d_forward_return_raw,0.01,0.7,0.16713440418014813
z_relative_volume,-0.0,False,XLE,1,target_5d_forward_return_raw,0.01,0.7,0.16713440418014813
z_RSI_14,-0.0,False,XLE,1,target_5d_forward_return_raw,0.01,0.7,0.16713440418014813
z_market_beta_60d,0.0,False,XLE,1,target_5d_forward_return_raw,0.01,0.7,0.16713440418014813
z_idio_vol_60d,0.0,False,XLE,1,target_5d_forward_return_raw,0.01,0.7,0.16713440418014813
z_Federal_Funds_Rate,-0.0,False,XLE,1,target_5d_forward_return_raw,0.01,0.7,0.16713440418014813
z_Treasury_10Y,-0.0,False,XLE,1,target_5d_forward_return_raw,0.01,0.7,0.16713440418014813
z_Yield_Spread_10Y2Y,-0.0,False,XLE,1,target_5d_forward_return_raw,0.01,0.7,0.16713440418014813
z_Breakeven_Inflation_10Y,-0.0,False,XLE,1,target_5d_forward_return_raw,0.01,0.7,0.16713440418014813
z_CPI,-0.0,False,XLE,1,target_5d_forward_return_raw,0.01,0.7,0.16713440418014813
z_Unemployment_Rate,0.0,False,XLE,1,target_5d_forward_return_raw,0.01,0.7,0.16713440418014813
z_Financial_Conditions_Index,-0.0,False,XLE,1,target_5d_forward_return_raw,0.01,0.7,0.16713440418014813
z_VIX,-0.0,False,XLE,1,target_5d_forward_return_raw,0.01,0.7,0.16713440418014813
z_rate_sensitivity_beta,-0.0,False,XLE,1,target_5d_forward_return_raw,0.01,0.7,0.16713440418014813
z_return_5d,-0.0024721846781475105,True,XLF,1,target_5d_forward_return_raw,1e-05,0.9,-0.10205203314224766
z_return_5d_rel_spy,-1.0940254207901274e-07,True,XLF,1,target_5d_forward_return_raw,1e-05,0.9,-0.10205203314224766
z_return_5d_excess_rf,-2.5279674783483923e-12,False,XLF,1,target_5d_forward_return_raw,1e-05,0.9,-0.10205203314224766
z_return_20d,-0.0020139143429080695,True,XLF,1,target_5d_forward_return_raw,1e-05,0.9,-0.10205203314224766
z_return_20d_rel_spy,-8.841836592653312e-08,True,XLF,1,target_5d_forward_return_raw,1e-05,0.9,-0.10205203314224766
z_return_20d_excess_rf,-2.0441890515992623e-12,False,XLF,1,target_5d_forward_return_raw,1e-05,0.9,-0.10205203314224766
z_return_60d_rel_spy,-0.0016137546582150751,True,XLF,1,target_5d_forward_return_raw,1e-05,0.9,-0.10205203314224766
z_price_to_MA20,0.021488140320562316,True,XLF,1,target_5d_forward_return_raw,1e-05,0.9,-0.10205203314224766
z_price_to_MA50,-0.018480029907696635,True,XLF,1,target_5d_forward_return_raw,1e-05,0.9,-0.10205203314224766
z_MA20_minus_MA50,0.005017679934995268,True,XLF,1,target_5d_forward_return_raw,1e-05,0.9,-0.10205203314224766
z_volatility_20d,-0.0016346713133662128,True,XLF,1,target_5d_forward_return_raw,1e-05,0.9,-0.10205203314224766
z_max_drawdown_60d,-0.0039742916301907655,True,XLF,1,target_5d_forward_return_raw,1e-05,0.9,-0.10205203314224766
z_ATR_14,0.0015796213146338557,True,XLF,1,target_5d_forward_return_raw,1e-05,0.9,-0.10205203314224766
z_volume_change,-0.0001856260062486514,True,XLF,1,target_5d_forward_return_raw,1e-05,0.9,-0.10205203314224766
z_relative_volume,0.0007788990102843759,True,XLF,1,target_5d_forward_return_raw,1e-05,0.9,-0.10205203314224766
z_RSI_14,-0.00964550042398879,True,XLF,1,target_5d_forward_return_raw,1e-05,0.9,-0.10205203314224766
z_market_beta_60d,0.006808245479997026,True,XLF,1,target_5d_forward_return_raw,1e-05,0.9,-0.10205203314224766
z_idio_vol_60d,0.0023484884799666044,True,XLF,1,target_5d_forward_return_raw,1e-05,0.9,-0.10205203314224766
z_Federal_Funds_Rate,-0.004963756891680176,True,XLF,1,target_5d_forward_return_raw,1e-05,0.9,-0.10205203314224766
z_Treasury_10Y,-0.00563762895584578,True,XLF,1,target_5d_forward_return_raw,1e-05,0.9,-0.10205203314224766
z_Yield_Spread_10Y2Y,0.01051913513038418,True,XLF,1,target_5d_forward_return_raw,1e-05,0.9,-0.10205203314224766
z_Breakeven_Inflation_10Y,-0.006151009489612974,True,XLF,1,target_5d_forward_return_raw,1e-05,0.9,-0.10205203314224766
z_CPI,0.0013038913783350629,True,XLF,1,target_5d_forward_return_raw,1e-05,0.9,-0.10205203314224766
z_Unemployment_Rate,0.006184830401435269,True,XLF,1,target_5d_forward_return_raw,1e-05,0.9,-0.10205203314224766
z_Financial_Conditions_Index,-0.006968568646753249,True,XLF,1,target_5d_forward_return_raw,1e-05,0.9,-0.10205203314224766
z_VIX,0.002984118872339998,True,XLF,1,target_5d_forward_return_raw,1e-05,0.9,-0.10205203314224766
z_rate_sensitivity_beta,-0.008845746979600735,True,XLF,1,target_5d_forward_return_raw,1e-05,0.9,-0.10205203314224766
z_return_5d,-0.0024747641291913416,True,XLI,1,target_5d_forward_return_raw,0.0001,0.3,0.2123310638346391
z_return_5d_rel_spy,-1.4560158837961844e-05,True,XLI,1,target_5d_forward_return_raw,0.0001,0.3,0.2123310638346391
z_return_5d_excess_rf,-4.3387567752754695e-08,True,XLI,1,target_5d_forward_return_raw,0.0001,0.3,0.2123310638346391
z_return_20d,0.0022078830779533936,True,XLI,1,target_5d_forward_return_raw,0.0001,0.3,0.2123310638346391
z_return_20d_rel_spy,1.9085126403194502e-05,True,XLI,1,target_5d_forward_return_raw,0.0001,0.3,0.2123310638346391
z_return_20d_excess_rf,7.58872429692935e-08,True,XLI,1,target_5d_forward_return_raw,0.0001,0.3,0.2123310638346391
z_return_60d_rel_spy,0.002465199179740032,True,XLI,1,target_5d_forward_return_raw,0.0001,0.3,0.2123310638346391
z_price_to_MA20,0.007405150379060945,True,XLI,1,target_5d_forward_return_raw,0.0001,0.3,0.2123310638346391
z_price_to_MA50,-0.004525071568368542,True,XLI,1,target_5d_forward_return_raw,0.0001,0.3,0.2123310638346391
z_MA20_minus_MA50,-0.007860790573393237,True,XLI,1,target_5d_forward_return_raw,0.0001,0.3,0.2123310638346391
z_volatility_20d,-0.0023309387125269596,True,XLI,1,target_5d_forward_return_raw,0.0001,0.3,0.2123310638346391
z_max_drawdown_60d,-0.004682537984029811,True,XLI,1,target_5d_forward_return_raw,0.0001,0.3,0.2123310638346391
z_ATR_14,-0.0007069809000548688,True,XLI,1,target_5d_forward_return_raw,0.0001,0.3,0.2123310638346391
z_volume_change,-0.0005633832522629413,True,XLI,1,target_5d_forward_return_raw,0.0001,0.3,0.2123310638346391
z_relative_volume,0.00391706733946452,True,XLI,1,target_5d_forward_return_raw,0.0001,0.3,0.2123310638346391
z_RSI_14,-0.007659778692043152,True,XLI,1,target_5d_forward_return_raw,0.0001,0.3,0.2123310638346391
z_market_beta_60d,-0.007899036332580985,True,XLI,1,target_5d_forward_return_raw,0.0001,0.3,0.2123310638346391
z_idio_vol_60d,-0.009218826466114254,True,XLI,1,target_5d_forward_return_raw,0.0001,0.3,0.2123310638346391
z_Federal_Funds_Rate,-0.009200175872324108,True,XLI,1,target_5d_forward_return_raw,0.0001,0.3,0.2123310638346391
z_Treasury_10Y,-0.00393810844211689,True,XLI,1,target_5d_forward_return_raw,0.0001,0.3,0.2123310638346391
z_Yield_Spread_10Y2Y,0.003845025280660491,True,XLI,1,target_5d_forward_return_raw,0.0001,0.3,0.2123310638346391
z_Breakeven_Inflation_10Y,-0.005205096132831857,True,XLI,1,target_5d_forward_return_raw,0.0001,0.3,0.2123310638346391
z_CPI,0.004381936309762869,True,XLI,1,target_5d_forward_return_raw,0.0001,0.3,0.2123310638346391
z_Unemployment_Rate,0.005778360649858779,True,XLI,1,target_5d_forward_return_raw,0.0001,0.3,0.2123310638346391
z_Financial_Conditions_Index,-0.0072198984078417,True,XLI,1,target_5d_forward_return_raw,0.0001,0.3,0.2123310638346391
z_VIX,0.001540252513101635,True,XLI,1,target_5d_forward_return_raw,0.0001,0.3,0.2123310638346391
z_rate_sensitivity_beta,-0.0015502241564059494,True,XLI,1,target_5d_forward_return_raw,0.0001,0.3,0.2123310638346391
z_return_5d,-0.0,False,XLK,1,target_5d_forward_return_raw,0.01,0.7,0.13446616448266982
z_return_5d_rel_spy,-0.0,False,XLK,1,target_5d_forward_return_raw,0.01,0.7,0.13446616448266982
z_return_5d_excess_rf,-0.0,False,XLK,1,target_5d_forward_return_raw,0.01,0.7,0.13446616448266982
z_return_20d,-0.0,False,XLK,1,target_5d_forward_return_raw,0.01,0.7,0.13446616448266982
z_return_20d_rel_spy,-0.0,False,XLK,1,target_5d_forward_return_raw,0.01,0.7,0.13446616448266982
z_return_20d_excess_rf,-0.0,False,XLK,1,target_5d_forward_return_raw,0.01,0.7,0.13446616448266982
z_return_60d_rel_spy,-0.0,False,XLK,1,target_5d_forward_return_raw,0.01,0.7,0.13446616448266982
z_price_to_MA20,-0.0,False,XLK,1,target_5d_forward_return_raw,0.01,0.7,0.13446616448266982
z_price_to_MA50,-0.0,False,XLK,1,target_5d_forward_return_raw,0.01,0.7,0.13446616448266982
z_MA20_minus_MA50,0.0,False,XLK,1,target_5d_forward_return_raw,0.01,0.7,0.13446616448266982
z_volatility_20d,0.0,False,XLK,1,target_5d_forward_return_raw,0.01,0.7,0.13446616448266982
z_max_drawdown_60d,-0.0019139089235555556,True,XLK,1,target_5d_forward_return_raw,0.01,0.7,0.13446616448266982
z_ATR_14,0.0,False,XLK,1,target_5d_forward_return_raw,0.01,0.7,0.13446616448266982
z_volume_change,-0.0,False,XLK,1,target_5d_forward_return_raw,0.01,0.7,0.13446616448266982
z_relative_volume,-0.0,False,XLK,1,target_5d_forward_return_raw,0.01,0.7,0.13446616448266982
z_RSI_14,-0.0,False,XLK,1,target_5d_forward_return_raw,0.01,0.7,0.13446616448266982
z_market_beta_60d,-0.0,False,XLK,1,target_5d_forward_return_raw,0.01,0.7,0.13446616448266982
z_idio_vol_60d,-0.0,False,XLK,1,target_5d_forward_return_raw,0.01,0.7,0.13446616448266982
z_Federal_Funds_Rate,-0.0,False,XLK,1,target_5d_forward_return_raw,0.01,0.7,0.13446616448266982
z_Treasury_10Y,-0.0,False,XLK,1,target_5d_forward_return_raw,0.01,0.7,0.13446616448266982
z_Yield_Spread_10Y2Y,-0.0,False,XLK,1,target_5d_forward_return_raw,0.01,0.7,0.13446616448266982
z_Breakeven_Inflation_10Y,-0.0,False,XLK,1,target_5d_forward_return_raw,0.01,0.7,0.13446616448266982
z_CPI,-0.0,False,XLK,1,target_5d_forward_return_raw,0.01,0.7,0.13446616448266982
z_Unemployment_Rate,0.0,False,XLK,1,target_5d_forward_return_raw,0.01,0.7,0.13446616448266982
z_Financial_Conditions_Index,-0.0,False,XLK,1,target_5d_forward_return_raw,0.01,0.7,0.13446616448266982
z_VIX,0.0,False,XLK,1,target_5d_forward_return_raw,0.01,0.7,0.13446616448266982
z_rate_sensitivity_beta,0.0,False,XLK,1,target_5d_forward_return_raw,0.01,0.7,0.13446616448266982
z_return_5d,-0.0011338047397402178,True,XLP,1,target_5d_forward_return_raw,0.001,1.0,-0.076597265303309
z_return_5d_rel_spy,-5.061807103154209e-19,False,XLP,1,target_5d_forward_return_raw,0.001,1.0,-0.076597265303309
z_return_5d_excess_rf,-1.113597562693926e-17,False,XLP,1,target_5d_forward_return_raw,0.001,1.0,-0.076597265303309
z_return_20d,-0.0,False,XLP,1,target_5d_forward_return_raw,0.001,1.0,-0.076597265303309
z_return_20d_rel_spy,-0.0,False,XLP,1,target_5d_forward_return_raw,0.001,1.0,-0.076597265303309
z_return_20d_excess_rf,-0.0,False,XLP,1,target_5d_forward_return_raw,0.001,1.0,-0.076597265303309
z_return_60d_rel_spy,-0.00011924658774619289,True,XLP,1,target_5d_forward_return_raw,0.001,1.0,-0.076597265303309
z_price_to_MA20,-0.0,False,XLP,1,target_5d_forward_return_raw,0.001,1.0,-0.076597265303309
z_price_to_MA50,-0.0008992789141881357,True,XLP,1,target_5d_forward_return_raw,0.001,1.0,-0.076597265303309
z_MA20_minus_MA50,-0.0002140335232095186,True,XLP,1,target_5d_forward_return_raw,0.001,1.0,-0.076597265303309
z_volatility_20d,0.0,False,XLP,1,target_5d_forward_return_raw,0.001,1.0,-0.076597265303309
z_max_drawdown_60d,0.00041652710381403693,True,XLP,1,target_5d_forward_return_raw,0.001,1.0,-0.076597265303309
z_ATR_14,-2.7038490933633838e-05,True,XLP,1,target_5d_forward_return_raw,0.001,1.0,-0.076597265303309
z_volume_change,-0.0,False,XLP,1,target_5d_forward_return_raw,0.001,1.0,-0.076597265303309
z_relative_volume,-0.0007278642105990749,True,XLP,1,target_5d_forward_return_raw,0.001,1.0,-0.076597265303309
z_RSI_14,-0.0,False,XLP,1,target_5d_forward_return_raw,0.001,1.0,-0.076597265303309
z_market_beta_60d,0.0,False,XLP,1,target_5d_forward_return_raw,0.001,1.0,-0.076597265303309
z_idio_vol_60d,-0.0,False,XLP,1,target_5d_forward_return_raw,0.001,1.0,-0.076597265303309
z_Federal_Funds_Rate,-0.0,False,XLP,1,target_5d_forward_return_raw,0.001,1.0,-0.076597265303309
z_Treasury_10Y,-0.0008950424136967486,True,XLP,1,target_5d_forward_return_raw,0.001,1.0,-0.076597265303309
z_Yield_Spread_10Y2Y,0.0006743003927706791,True,XLP,1,target_5d_forward_return_raw,0.001,1.0,-0.076597265303309
z_Breakeven_Inflation_10Y,-0.0,False,XLP,1,target_5d_forward_return_raw,0.001,1.0,-0.076597265303309
z_CPI,-0.0,False,XLP,1,target_5d_forward_return_raw,0.001,1.0,-0.076597265303309
z_Unemployment_Rate,0.0,False,XLP,1,target_5d_forward_return_raw,0.001,1.0,-0.076597265303309
z_Financial_Conditions_Index,-0.002574690082507073,True,XLP,1,target_5d_forward_return_raw,0.001,1.0,-0.076597265303309
z_VIX,0.0023717618799316944,True,XLP,1,target_5d_forward_return_raw,0.001,1.0,-0.076597265303309
z_rate_sensitivity_beta,0.0,False,XLP,1,target_5d_forward_return_raw,0.001,1.0,-0.076597265303309
z_return_5d,-0.0,False,XLRE,1,target_5d_forward_return_raw,0.001,0.1,0.2070000812093403
z_return_5d_rel_spy,-0.0,False,XLRE,1,target_5d_forward_return_raw,0.001,0.1,0.2070000812093403
z_return_5d_excess_rf,-0.0,False,XLRE,1,target_5d_forward_return_raw,0.001,0.1,0.2070000812093403
z_return_20d,-0.0010086849820520765,True,XLRE,1,target_5d_forward_return_raw,0.001,0.1,0.2070000812093403
z_return_20d_rel_spy,-7.303886930084805e-05,True,XLRE,1,target_5d_forward_return_raw,0.001,0.1,0.2070000812093403
z_return_20d_excess_rf,-2.570317484298627e-06,True,XLRE,1,target_5d_forward_return_raw,0.001,0.1,0.2070000812093403
z_return_60d_rel_spy,-0.003945175403043836,True,XLRE,1,target_5d_forward_return_raw,0.001,0.1,0.2070000812093403
z_price_to_MA20,0.005770259676509769,True,XLRE,1,target_5d_forward_return_raw,0.001,0.1,0.2070000812093403
z_price_to_MA50,-0.011791246428779439,True,XLRE,1,target_5d_forward_return_raw,0.001,0.1,0.2070000812093403
z_MA20_minus_MA50,0.0005161642580230296,True,XLRE,1,target_5d_forward_return_raw,0.001,0.1,0.2070000812093403
z_volatility_20d,-0.005688331400759071,True,XLRE,1,target_5d_forward_return_raw,0.001,0.1,0.2070000812093403
z_max_drawdown_60d,-0.0,False,XLRE,1,target_5d_forward_return_raw,0.001,0.1,0.2070000812093403
z_ATR_14,0.00209009602602812,True,XLRE,1,target_5d_forward_return_raw,0.001,0.1,0.2070000812093403
z_volume_change,0.00040039600704766727,True,XLRE,1,target_5d_forward_return_raw,0.001,0.1,0.2070000812093403
z_relative_volume,-0.0008344170417819147,True,XLRE,1,target_5d_forward_return_raw,0.001,0.1,0.2070000812093403
z_RSI_14,0.0023385571918692746,True,XLRE,1,target_5d_forward_return_raw,0.001,0.1,0.2070000812093403
z_market_beta_60d,-0.0034822214529751827,True,XLRE,1,target_5d_forward_return_raw,0.001,0.1,0.2070000812093403
z_idio_vol_60d,0.011251941433960687,True,XLRE,1,target_5d_forward_return_raw,0.001,0.1,0.2070000812093403
z_Federal_Funds_Rate,0.0015760058447632597,True,XLRE,1,target_5d_forward_return_raw,0.001,0.1,0.2070000812093403
z_Treasury_10Y,0.0,False,XLRE,1,target_5d_forward_return_raw,0.001,0.1,0.2070000812093403
z_Yield_Spread_10Y2Y,0.003489405762092118,True,XLRE,1,target_5d_forward_return_raw,0.001,0.1,0.2070000812093403
z_Breakeven_Inflation_10Y,-0.006119445533016124,True,XLRE,1,target_5d_forward_return_raw,0.001,0.1,0.2070000812093403
z_CPI,-0.0,False,XLRE,1,target_5d_forward_return_raw,0.001,0.1,0.2070000812093403
z_Unemployment_Rate,0.0009898038137927379,True,XLRE,1,target_5d_forward_return_raw,0.001,0.1,0.2070000812093403
z_Financial_Conditions_Index,0.00114997485071249,True,XLRE,1,target_5d_forward_return_raw,0.001,0.1,0.2070000812093403
z_VIX,0.002234390673519034,True,XLRE,1,target_5d_forward_return_raw,0.001,0.1,0.2070000812093403
z_rate_sensitivity_beta,0.010774522871899927,True,XLRE,1,target_5d_forward_return_raw,0.001,0.1,0.2070000812093403
z_return_5d,-0.0008071871831227485,True,XLU,1,target_5d_forward_return_raw,0.0001,0.3,-0.018029531987804104
z_return_5d_rel_spy,-1.9898068625207576e-05,True,XLU,1,target_5d_forward_return_raw,0.0001,0.3,-0.018029531987804104
z_return_5d_excess_rf,-2.4551766703534917e-07,True,XLU,1,target_5d_forward_return_raw,0.0001,0.3,-0.018029531987804104
z_return_20d,0.0017853363127257676,True,XLU,1,target_5d_forward_return_raw,0.0001,0.3,-0.018029531987804104
z_return_20d_rel_spy,3.7067941395412534e-05,True,XLU,1,target_5d_forward_return_raw,0.0001,0.3,-0.018029531987804104
z_return_20d_excess_rf,3.934684912978152e-07,True,XLU,1,target_5d_forward_return_raw,0.0001,0.3,-0.018029531987804104
z_return_60d_rel_spy,-0.003759003619138098,True,XLU,1,target_5d_forward_return_raw,0.0001,0.3,-0.018029531987804104
z_price_to_MA20,-0.002822359405583652,True,XLU,1,target_5d_forward_return_raw,0.0001,0.3,-0.018029531987804104
z_price_to_MA50,-0.004234067881121137,True,XLU,1,target_5d_forward_return_raw,0.0001,0.3,-0.018029531987804104
z_MA20_minus_MA50,0.0026097545045614574,True,XLU,1,target_5d_forward_return_raw,0.0001,0.3,-0.018029531987804104
z_volatility_20d,-0.001019377403986212,True,XLU,1,target_5d_forward_return_raw,0.0001,0.3,-0.018029531987804104
z_max_drawdown_60d,0.0058438349291588376,True,XLU,1,target_5d_forward_return_raw,0.0001,0.3,-0.018029531987804104
z_ATR_14,-0.0001225614341481557,True,XLU,1,target_5d_forward_return_raw,0.0001,0.3,-0.018029531987804104
z_volume_change,0.0020571442519890003,True,XLU,1,target_5d_forward_return_raw,0.0001,0.3,-0.018029531987804104
z_relative_volume,-0.002686095729491884,True,XLU,1,target_5d_forward_return_raw,0.0001,0.3,-0.018029531987804104
z_RSI_14,0.0011821959051125795,True,XLU,1,target_5d_forward_return_raw,0.0001,0.3,-0.018029531987804104
z_market_beta_60d,-0.016967810217896496,True,XLU,1,target_5d_forward_return_raw,0.0001,0.3,-0.018029531987804104
z_idio_vol_60d,-0.0005225611266307125,True,XLU,1,target_5d_forward_return_raw,0.0001,0.3,-0.018029531987804104
z_Federal_Funds_Rate,0.002002027619816596,True,XLU,1,target_5d_forward_return_raw,0.0001,0.3,-0.018029531987804104
z_Treasury_10Y,0.0054434192246954494,True,XLU,1,target_5d_forward_return_raw,0.0001,0.3,-0.018029531987804104
z_Yield_Spread_10Y2Y,-0.0024558558146892456,True,XLU,1,target_5d_forward_return_raw,0.0001,0.3,-0.018029531987804104
z_Breakeven_Inflation_10Y,-0.0011890045045571116,True,XLU,1,target_5d_forward_return_raw,0.0001,0.3,-0.018029531987804104
z_CPI,-0.00023583071893707176,True,XLU,1,target_5d_forward_return_raw,0.0001,0.3,-0.018029531987804104
z_Unemployment_Rate,-0.00010877756937850507,True,XLU,1,target_5d_forward_return_raw,0.0001,0.3,-0.018029531987804104
z_Financial_Conditions_Index,-0.0005227087320805999,True,XLU,1,target_5d_forward_return_raw,0.0001,0.3,-0.018029531987804104
z_VIX,0.0010228662298950766,True,XLU,1,target_5d_forward_return_raw,0.0001,0.3,-0.018029531987804104
z_rate_sensitivity_beta,0.01531648846204221,True,XLU,1,target_5d_forward_return_raw,0.0001,0.3,-0.018029531987804104
z_return_5d,-0.0013999200573431222,True,XLV,1,target_5d_forward_return_raw,0.001,0.9,0.10719818232796978
z_return_5d_rel_spy,-5.149790873330561e-06,True,XLV,1,target_5d_forward_return_raw,0.001,0.9,0.10719818232796978
z_return_5d_excess_rf,-9.653636148931846e-09,False,XLV,1,target_5d_forward_return_raw,0.001,0.9,0.10719818232796978
z_return_20d,0.0,False,XLV,1,target_5d_forward_return_raw,0.001,0.9,0.10719818232796978
z_return_20d_rel_spy,0.0,False,XLV,1,target_5d_forward_return_raw,0.001,0.9,0.10719818232796978
z_return_20d_excess_rf,0.0,False,XLV,1,target_5d_forward_return_raw,0.001,0.9,0.10719818232796978
z_return_60d_rel_spy,-0.0018312636180180411,True,XLV,1,target_5d_forward_return_raw,0.001,0.9,0.10719818232796978
z_price_to_MA20,-0.0,False,XLV,1,target_5d_forward_return_raw,0.001,0.9,0.10719818232796978
z_price_to_MA50,0.0,False,XLV,1,target_5d_forward_return_raw,0.001,0.9,0.10719818232796978
z_MA20_minus_MA50,-0.005280981422784828,True,XLV,1,target_5d_forward_return_raw,0.001,0.9,0.10719818232796978
z_volatility_20d,-0.0,False,XLV,1,target_5d_forward_return_raw,0.001,0.9,0.10719818232796978
z_max_drawdown_60d,0.006054221724912434,True,XLV,1,target_5d_forward_return_raw,0.001,0.9,0.10719818232796978
z_ATR_14,-0.002471413144636929,True,XLV,1,target_5d_forward_return_raw,0.001,0.9,0.10719818232796978
z_volume_change,-0.0,False,XLV,1,target_5d_forward_return_raw,0.001,0.9,0.10719818232796978
z_relative_volume,-0.0020617569663157692,True,XLV,1,target_5d_forward_return_raw,0.001,0.9,0.10719818232796978
z_RSI_14,0.0,False,XLV,1,target_5d_forward_return_raw,0.001,0.9,0.10719818232796978
z_market_beta_60d,-0.0,False,XLV,1,target_5d_forward_return_raw,0.001,0.9,0.10719818232796978
z_idio_vol_60d,0.003952239011294072,True,XLV,1,target_5d_forward_return_raw,0.001,0.9,0.10719818232796978
z_Federal_Funds_Rate,-0.0,False,XLV,1,target_5d_forward_return_raw,0.001,0.9,0.10719818232796978
z_Treasury_10Y,-0.0,False,XLV,1,target_5d_forward_return_raw,0.001,0.9,0.10719818232796978
z_Yield_Spread_10Y2Y,0.003599095266365773,True,XLV,1,target_5d_forward_return_raw,0.001,0.9,0.10719818232796978
z_Breakeven_Inflation_10Y,-0.00034305750937176484,True,XLV,1,target_5d_forward_return_raw,0.001,0.9,0.10719818232796978
z_CPI,-0.0004555346161115256,True,XLV,1,target_5d_forward_return_raw,0.001,0.9,0.10719818232796978
z_Unemployment_Rate,0.0,False,XLV,1,target_5d_forward_return_raw,0.001,0.9,0.10719818232796978
z_Financial_Conditions_Index,-0.0009069134080246039,True,XLV,1,target_5d_forward_return_raw,0.001,0.9,0.10719818232796978
z_VIX,0.0028352236319842215,True,XLV,1,target_5d_forward_return_raw,0.001,0.9,0.10719818232796978
z_rate_sensitivity_beta,0.00151165505369957,True,XLV,1,target_5d_forward_return_raw,0.001,0.9,0.10719818232796978
z_return_5d,0.0,False,XLY,1,target_5d_forward_return_raw,0.01,0.1,0.31497340504099247
z_return_5d_rel_spy,0.0,False,XLY,1,target_5d_forward_return_raw,0.01,0.1,0.31497340504099247
z_return_5d_excess_rf,0.0,False,XLY,1,target_5d_forward_return_raw,0.01,0.1,0.31497340504099247
z_return_20d,0.00015780848337997762,True,XLY,1,target_5d_forward_return_raw,0.01,0.1,0.31497340504099247
z_return_20d_rel_spy,0.00012651905811850405,True,XLY,1,target_5d_forward_return_raw,0.01,0.1,0.31497340504099247
z_return_20d_excess_rf,5.076129731803924e-05,True,XLY,1,target_5d_forward_return_raw,0.01,0.1,0.31497340504099247
z_return_60d_rel_spy,-0.00012033103885200267,True,XLY,1,target_5d_forward_return_raw,0.01,0.1,0.31497340504099247
z_price_to_MA20,0.0,False,XLY,1,target_5d_forward_return_raw,0.01,0.1,0.31497340504099247
z_price_to_MA50,0.0,False,XLY,1,target_5d_forward_return_raw,0.01,0.1,0.31497340504099247
z_MA20_minus_MA50,-0.0056853329041021035,True,XLY,1,target_5d_forward_return_raw,0.01,0.1,0.31497340504099247
z_volatility_20d,-0.0,False,XLY,1,target_5d_forward_return_raw,0.01,0.1,0.31497340504099247
z_max_drawdown_60d,-0.001750734155241508,True,XLY,1,target_5d_forward_return_raw,0.01,0.1,0.31497340504099247
z_ATR_14,0.0,False,XLY,1,target_5d_forward_return_raw,0.01,0.1,0.31497340504099247
z_volume_change,-0.0,False,XLY,1,target_5d_forward_return_raw,0.01,0.1,0.31497340504099247
z_relative_volume,0.0,False,XLY,1,target_5d_forward_return_raw,0.01,0.1,0.31497340504099247
z_RSI_14,0.0,False,XLY,1,target_5d_forward_return_raw,0.01,0.1,0.31497340504099247
z_market_beta_60d,-0.007230251248911196,True,XLY,1,target_5d_forward_return_raw,0.01,0.1,0.31497340504099247
z_idio_vol_60d,-0.0026250955184039773,True,XLY,1,target_5d_forward_return_raw,0.01,0.1,0.31497340504099247
z_Federal_Funds_Rate,0.0,False,XLY,1,target_5d_forward_return_raw,0.01,0.1,0.31497340504099247
z_Treasury_10Y,-0.009777177846081361,True,XLY,1,target_5d_forward_return_raw,0.01,0.1,0.31497340504099247
z_Yield_Spread_10Y2Y,0.0028996981603009735,True,XLY,1,target_5d_forward_return_raw,0.01,0.1,0.31497340504099247
z_Breakeven_Inflation_10Y,-0.0,False,XLY,1,target_5d_forward_return_raw,0.01,0.1,0.31497340504099247
z_CPI,-0.0,False,XLY,1,target_5d_forward_return_raw,0.01,0.1,0.31497340504099247
z_Unemployment_Rate,0.005392877537320435,True,XLY,1,target_5d_forward_return_raw,0.01,0.1,0.31497340504099247
z_Financial_Conditions_Index,-0.0,False,XLY,1,target_5d_forward_return_raw,0.01,0.1,0.31497340504099247
z_VIX,0.003683404284113903,True,XLY,1,target_5d_forward_return_raw,0.01,0.1,0.31497340504099247
z_rate_sensitivity_beta,-0.0008154688630248857,True,XLY,1,target_5d_forward_return_raw,0.01,0.1,0.31497340504099247
z_return_5d,0.0,False,XLB,2,target_5d_forward_return_raw,0.01,0.5,0.15726890351227793
z_return_5d_rel_spy,0.0,False,XLB,2,target_5d_forward_return_raw,0.01,0.5,0.15726890351227793
z_return_5d_excess_rf,0.0,False,XLB,2,target_5d_forward_return_raw,0.01,0.5,0.15726890351227793
z_return_20d,0.0,False,XLB,2,target_5d_forward_return_raw,0.01,0.5,0.15726890351227793
z_return_20d_rel_spy,0.0,False,XLB,2,target_5d_forward_return_raw,0.01,0.5,0.15726890351227793
z_return_20d_excess_rf,0.0,False,XLB,2,target_5d_forward_return_raw,0.01,0.5,0.15726890351227793
z_return_60d_rel_spy,0.0,False,XLB,2,target_5d_forward_return_raw,0.01,0.5,0.15726890351227793
z_price_to_MA20,0.0,False,XLB,2,target_5d_forward_return_raw,0.01,0.5,0.15726890351227793
z_price_to_MA50,0.0,False,XLB,2,target_5d_forward_return_raw,0.01,0.5,0.15726890351227793
z_MA20_minus_MA50,0.0,False,XLB,2,target_5d_forward_return_raw,0.01,0.5,0.15726890351227793
z_volatility_20d,-0.0,False,XLB,2,target_5d_forward_return_raw,0.01,0.5,0.15726890351227793
z_max_drawdown_60d,0.0,False,XLB,2,target_5d_forward_return_raw,0.01,0.5,0.15726890351227793
z_ATR_14,0.0,False,XLB,2,target_5d_forward_return_raw,0.01,0.5,0.15726890351227793
z_volume_change,0.0,False,XLB,2,target_5d_forward_return_raw,0.01,0.5,0.15726890351227793
z_relative_volume,0.0,False,XLB,2,target_5d_forward_return_raw,0.01,0.5,0.15726890351227793
z_RSI_14,-0.0,False,XLB,2,target_5d_forward_return_raw,0.01,0.5,0.15726890351227793
z_market_beta_60d,-0.0,False,XLB,2,target_5d_forward_return_raw,0.01,0.5,0.15726890351227793
z_idio_vol_60d,-0.0,False,XLB,2,target_5d_forward_return_raw,0.01,0.5,0.15726890351227793
z_Federal_Funds_Rate,-0.0,False,XLB,2,target_5d_forward_return_raw,0.01,0.5,0.15726890351227793
z_Treasury_10Y,-0.0,False,XLB,2,target_5d_forward_return_raw,0.01,0.5,0.15726890351227793
z_Yield_Spread_10Y2Y,0.0,False,XLB,2,target_5d_forward_return_raw,0.01,0.5,0.15726890351227793
z_Breakeven_Inflation_10Y,-0.0,False,XLB,2,target_5d_forward_return_raw,0.01,0.5,0.15726890351227793
z_CPI,-2.1502833851258446e-05,True,XLB,2,target_5d_forward_return_raw,0.01,0.5,0.15726890351227793
z_Unemployment_Rate,0.001027633387276809,True,XLB,2,target_5d_forward_return_raw,0.01,0.5,0.15726890351227793
z_Financial_Conditions_Index,-0.0,False,XLB,2,target_5d_forward_return_raw,0.01,0.5,0.15726890351227793
z_VIX,-0.0,False,XLB,2,target_5d_forward_return_raw,0.01,0.5,0.15726890351227793
z_rate_sensitivity_beta,-0.0,False,XLB,2,target_5d_forward_return_raw,0.01,0.5,0.15726890351227793
z_return_5d,-0.002023299022360233,True,XLC,2,target_5d_forward_return_raw,0.001,0.5,0.22573506922917916
z_return_5d_rel_spy,-0.0009793353403269387,True,XLC,2,target_5d_forward_return_raw,0.001,0.5,0.22573506922917916
z_return_5d_excess_rf,-0.00024003849947417926,True,XLC,2,target_5d_forward_return_raw,0.001,0.5,0.22573506922917916
z_return_20d,-0.0,False,XLC,2,target_5d_forward_return_raw,0.001,0.5,0.22573506922917916
z_return_20d_rel_spy,-0.0,False,XLC,2,target_5d_forward_return_raw,0.001,0.5,0.22573506922917916
z_return_20d_excess_rf,-0.0,False,XLC,2,target_5d_forward_return_raw,0.001,0.5,0.22573506922917916
z_return_60d_rel_spy,-0.0038542406599677845,True,XLC,2,target_5d_forward_return_raw,0.001,0.5,0.22573506922917916
z_price_to_MA20,-0.0019345036002274096,True,XLC,2,target_5d_forward_return_raw,0.001,0.5,0.22573506922917916
z_price_to_MA50,0.0,False,XLC,2,target_5d_forward_return_raw,0.001,0.5,0.22573506922917916
z_MA20_minus_MA50,-0.005283802627317581,True,XLC,2,target_5d_forward_return_raw,0.001,0.5,0.22573506922917916
z_volatility_20d,-0.0,False,XLC,2,target_5d_forward_return_raw,0.001,0.5,0.22573506922917916
z_max_drawdown_60d,0.000715160502169838,True,XLC,2,target_5d_forward_return_raw,0.001,0.5,0.22573506922917916
z_ATR_14,0.0023845043210327767,True,XLC,2,target_5d_forward_return_raw,0.001,0.5,0.22573506922917916
z_volume_change,-0.0002641954460638466,True,XLC,2,target_5d_forward_return_raw,0.001,0.5,0.22573506922917916
z_relative_volume,0.001268290640276641,True,XLC,2,target_5d_forward_return_raw,0.001,0.5,0.22573506922917916
z_RSI_14,0.0,False,XLC,2,target_5d_forward_return_raw,0.001,0.5,0.22573506922917916
z_market_beta_60d,-0.0009497046111233212,True,XLC,2,target_5d_forward_return_raw,0.001,0.5,0.22573506922917916
z_idio_vol_60d,0.0,False,XLC,2,target_5d_forward_return_raw,0.001,0.5,0.22573506922917916
z_Federal_Funds_Rate,-0.0,False,XLC,2,target_5d_forward_return_raw,0.001,0.5,0.22573506922917916
z_Treasury_10Y,-0.008919899346723667,True,XLC,2,target_5d_forward_return_raw,0.001,0.5,0.22573506922917916
z_Yield_Spread_10Y2Y,0.003890870520743617,True,XLC,2,target_5d_forward_return_raw,0.001,0.5,0.22573506922917916
z_Breakeven_Inflation_10Y,-0.0015720631789693457,True,XLC,2,target_5d_forward_return_raw,0.001,0.5,0.22573506922917916
z_CPI,-0.0,False,XLC,2,target_5d_forward_return_raw,0.001,0.5,0.22573506922917916
z_Unemployment_Rate,0.004757252620296969,True,XLC,2,target_5d_forward_return_raw,0.001,0.5,0.22573506922917916
z_Financial_Conditions_Index,-0.006141765064968516,True,XLC,2,target_5d_forward_return_raw,0.001,0.5,0.22573506922917916
z_VIX,-0.0009747764034635366,True,XLC,2,target_5d_forward_return_raw,0.001,0.5,0.22573506922917916
z_rate_sensitivity_beta,-0.0,False,XLC,2,target_5d_forward_return_raw,0.001,0.5,0.22573506922917916
z_return_5d,0.0001869374905270123,True,XLE,2,target_5d_forward_return_raw,0.01,0.3,0.12093291805898061
z_return_5d_rel_spy,8.266941468443419e-05,True,XLE,2,target_5d_forward_return_raw,0.01,0.3,0.12093291805898061
z_return_5d_excess_rf,1.8744587117050417e-05,True,XLE,2,target_5d_forward_return_raw,0.01,0.3,0.12093291805898061
z_return_20d,0.0,False,XLE,2,target_5d_forward_return_raw,0.01,0.3,0.12093291805898061
z_return_20d_rel_spy,0.0,False,XLE,2,target_5d_forward_return_raw,0.01,0.3,0.12093291805898061
z_return_20d_excess_rf,0.0,False,XLE,2,target_5d_forward_return_raw,0.01,0.3,0.12093291805898061
z_return_60d_rel_spy,-0.005080377823717133,True,XLE,2,target_5d_forward_return_raw,0.01,0.3,0.12093291805898061
z_price_to_MA20,0.0,False,XLE,2,target_5d_forward_return_raw,0.01,0.3,0.12093291805898061
z_price_to_MA50,-0.0,False,XLE,2,target_5d_forward_return_raw,0.01,0.3,0.12093291805898061
z_MA20_minus_MA50,0.011921414748685666,True,XLE,2,target_5d_forward_return_raw,0.01,0.3,0.12093291805898061
z_volatility_20d,0.005302935119381713,True,XLE,2,target_5d_forward_return_raw,0.01,0.3,0.12093291805898061
z_max_drawdown_60d,-0.0,False,XLE,2,target_5d_forward_return_raw,0.01,0.3,0.12093291805898061
z_ATR_14,-0.005825792921493541,True,XLE,2,target_5d_forward_return_raw,0.01,0.3,0.12093291805898061
z_volume_change,-0.0,False,XLE,2,target_5d_forward_return_raw,0.01,0.3,0.12093291805898061
z_relative_volume,0.0,False,XLE,2,target_5d_forward_return_raw,0.01,0.3,0.12093291805898061
z_RSI_14,0.0,False,XLE,2,target_5d_forward_return_raw,0.01,0.3,0.12093291805898061
z_market_beta_60d,0.0,False,XLE,2,target_5d_forward_return_raw,0.01,0.3,0.12093291805898061
z_idio_vol_60d,0.0024142847356276144,True,XLE,2,target_5d_forward_return_raw,0.01,0.3,0.12093291805898061
z_Federal_Funds_Rate,0.0,False,XLE,2,target_5d_forward_return_raw,0.01,0.3,0.12093291805898061
z_Treasury_10Y,-0.0,False,XLE,2,target_5d_forward_return_raw,0.01,0.3,0.12093291805898061
z_Yield_Spread_10Y2Y,0.0,False,XLE,2,target_5d_forward_return_raw,0.01,0.3,0.12093291805898061
z_Breakeven_Inflation_10Y,-0.0,False,XLE,2,target_5d_forward_return_raw,0.01,0.3,0.12093291805898061
z_CPI,-0.0,False,XLE,2,target_5d_forward_return_raw,0.01,0.3,0.12093291805898061
z_Unemployment_Rate,0.0017191317937309556,True,XLE,2,target_5d_forward_return_raw,0.01,0.3,0.12093291805898061
z_Financial_Conditions_Index,-0.002467579199735571,True,XLE,2,target_5d_forward_return_raw,0.01,0.3,0.12093291805898061
z_VIX,-0.0055787451010673025,True,XLE,2,target_5d_forward_return_raw,0.01,0.3,0.12093291805898061
z_rate_sensitivity_beta,-0.003897198128537689,True,XLE,2,target_5d_forward_return_raw,0.01,0.3,0.12093291805898061
z_return_5d,0.0020161076597307254,True,XLF,2,target_5d_forward_return_raw,0.001,0.9,0.01238701649676957
z_return_5d_rel_spy,4.405086271695916e-06,True,XLF,2,target_5d_forward_return_raw,0.001,0.9,0.01238701649676957
z_return_5d_excess_rf,5.061101425175685e-09,False,XLF,2,target_5d_forward_return_raw,0.001,0.9,0.01238701649676957
z_return_20d,-0.003546504558160666,True,XLF,2,target_5d_forward_return_raw,0.001,0.9,0.01238701649676957
z_return_20d_rel_spy,-9.086156908605667e-06,True,XLF,2,target_5d_forward_return_raw,0.001,0.9,0.01238701649676957
z_return_20d_excess_rf,-1.1670685755038062e-08,True,XLF,2,target_5d_forward_return_raw,0.001,0.9,0.01238701649676957
z_return_60d_rel_spy,0.0,False,XLF,2,target_5d_forward_return_raw,0.001,0.9,0.01238701649676957
z_price_to_MA20,0.0,False,XLF,2,target_5d_forward_return_raw,0.001,0.9,0.01238701649676957
z_price_to_MA50,-0.0034026485775036975,True,XLF,2,target_5d_forward_return_raw,0.001,0.9,0.01238701649676957
z_MA20_minus_MA50,0.006395067211937086,True,XLF,2,target_5d_forward_return_raw,0.001,0.9,0.01238701649676957
z_volatility_20d,0.000990968990690589,True,XLF,2,target_5d_forward_return_raw,0.001,0.9,0.01238701649676957
z_max_drawdown_60d,-0.00045489552956060216,True,XLF,2,target_5d_forward_return_raw,0.001,0.9,0.01238701649676957
z_ATR_14,-0.002698501000157494,True,XLF,2,target_5d_forward_return_raw,0.001,0.9,0.01238701649676957
z_volume_change,0.0015636500185494885,True,XLF,2,target_5d_forward_return_raw,0.001,0.9,0.01238701649676957
z_relative_volume,-0.0067245752396459055,True,XLF,2,target_5d_forward_return_raw,0.001,0.9,0.01238701649676957
z_RSI_14,-0.0,False,XLF,2,target_5d_forward_return_raw,0.001,0.9,0.01238701649676957
z_market_beta_60d,-0.0,False,XLF,2,target_5d_forward_return_raw,0.001,0.9,0.01238701649676957
z_idio_vol_60d,0.0008708562503727114,True,XLF,2,target_5d_forward_return_raw,0.001,0.9,0.01238701649676957
z_Federal_Funds_Rate,-0.0,False,XLF,2,target_5d_forward_return_raw,0.001,0.9,0.01238701649676957
z_Treasury_10Y,-0.0017362976121424328,True,XLF,2,target_5d_forward_return_raw,0.001,0.9,0.01238701649676957
z_Yield_Spread_10Y2Y,0.005329554119747457,True,XLF,2,target_5d_forward_return_raw,0.001,0.9,0.01238701649676957
z_Breakeven_Inflation_10Y,-0.004580071578257536,True,XLF,2,target_5d_forward_return_raw,0.001,0.9,0.01238701649676957
z_CPI,-0.0025444099775366077,True,XLF,2,target_5d_forward_return_raw,0.001,0.9,0.01238701649676957
z_Unemployment_Rate,0.0013890900259658895,True,XLF,2,target_5d_forward_return_raw,0.001,0.9,0.01238701649676957
z_Financial_Conditions_Index,-0.010154604125347211,True,XLF,2,target_5d_forward_return_raw,0.001,0.9,0.01238701649676957
z_VIX,-0.00451179297637376,True,XLF,2,target_5d_forward_return_raw,0.001,0.9,0.01238701649676957
z_rate_sensitivity_beta,0.0,False,XLF,2,target_5d_forward_return_raw,0.001,0.9,0.01238701649676957
z_return_5d,-0.0003161854921627665,True,XLI,2,target_5d_forward_return_raw,0.001,1.0,0.243664019922755
z_return_5d_rel_spy,-3.349089063725962e-19,False,XLI,2,target_5d_forward_return_raw,0.001,1.0,0.243664019922755
z_return_5d_excess_rf,-0.0,False,XLI,2,target_5d_forward_return_raw,0.001,1.0,0.243664019922755
z_return_20d,-0.0,False,XLI,2,target_5d_forward_return_raw,0.001,1.0,0.243664019922755
z_return_20d_rel_spy,-0.0,False,XLI,2,target_5d_forward_return_raw,0.001,1.0,0.243664019922755
z_return_20d_excess_rf,-0.0,False,XLI,2,target_5d_forward_return_raw,0.001,1.0,0.243664019922755
z_return_60d_rel_spy,0.00011576224794691278,True,XLI,2,target_5d_forward_return_raw,0.001,1.0,0.243664019922755
z_price_to_MA20,-0.0,False,XLI,2,target_5d_forward_return_raw,0.001,1.0,0.243664019922755
z_price_to_MA50,-0.0014022876514381325,True,XLI,2,target_5d_forward_return_raw,0.001,1.0,0.243664019922755
z_MA20_minus_MA50,-0.002144976840183132,True,XLI,2,target_5d_forward_return_raw,0.001,1.0,0.243664019922755
z_volatility_20d,0.0011394824352759484,True,XLI,2,target_5d_forward_return_raw,0.001,1.0,0.243664019922755
z_max_drawdown_60d,-0.006638711827166521,True,XLI,2,target_5d_forward_return_raw,0.001,1.0,0.243664019922755
z_ATR_14,-0.005449091352022059,True,XLI,2,target_5d_forward_return_raw,0.001,1.0,0.243664019922755
z_volume_change,0.0,False,XLI,2,target_5d_forward_return_raw,0.001,1.0,0.243664019922755
z_relative_volume,0.0010153082143666318,True,XLI,2,target_5d_forward_return_raw,0.001,1.0,0.243664019922755
z_RSI_14,-0.0,False,XLI,2,target_5d_forward_return_raw,0.001,1.0,0.243664019922755
z_market_beta_60d,-0.004167748222788713,True,XLI,2,target_5d_forward_return_raw,0.001,1.0,0.243664019922755
z_idio_vol_60d,-0.003529243200913136,True,XLI,2,target_5d_forward_return_raw,0.001,1.0,0.243664019922755
z_Federal_Funds_Rate,-0.0003891343071983198,True,XLI,2,target_5d_forward_return_raw,0.001,1.0,0.243664019922755
z_Treasury_10Y,-0.0,False,XLI,2,target_5d_forward_return_raw,0.001,1.0,0.243664019922755
z_Yield_Spread_10Y2Y,0.004325531950368673,True,XLI,2,target_5d_forward_return_raw,0.001,1.0,0.243664019922755
z_Breakeven_Inflation_10Y,-0.002605032856601845,True,XLI,2,target_5d_forward_return_raw,0.001,1.0,0.243664019922755
z_CPI,0.0,False,XLI,2,target_5d_forward_return_raw,0.001,1.0,0.243664019922755
z_Unemployment_Rate,0.0,False,XLI,2,target_5d_forward_return_raw,0.001,1.0,0.243664019922755
z_Financial_Conditions_Index,-0.009945242933435024,True,XLI,2,target_5d_forward_return_raw,0.001,1.0,0.243664019922755
z_VIX,-0.0025357421366954034,True,XLI,2,target_5d_forward_return_raw,0.001,1.0,0.243664019922755
z_rate_sensitivity_beta,0.00036773845313773246,True,XLI,2,target_5d_forward_return_raw,0.001,1.0,0.243664019922755
z_return_5d,-0.0015364694725625199,True,XLK,2,target_5d_forward_return_raw,0.0001,0.1,0.16431380811436452
z_return_5d_rel_spy,-1.401415902348556e-05,True,XLK,2,target_5d_forward_return_raw,0.0001,0.1,0.16431380811436452
z_return_5d_excess_rf,-5.445939581313287e-08,True,XLK,2,target_5d_forward_return_raw,0.0001,0.1,0.16431380811436452
z_return_20d,-0.0020083917247776125,True,XLK,2,target_5d_forward_return_raw,0.0001,0.1,0.16431380811436452
z_return_20d_rel_spy,-1.6889429961306908e-05,True,XLK,2,target_5d_forward_return_raw,0.0001,0.1,0.16431380811436452
z_return_20d_excess_rf,-6.234870800131033e-08,True,XLK,2,target_5d_forward_return_raw,0.0001,0.1,0.16431380811436452
z_return_60d_rel_spy,-0.00787063719141691,True,XLK,2,target_5d_forward_return_raw,0.0001,0.1,0.16431380811436452
z_price_to_MA20,-0.014505215806170556,True,XLK,2,target_5d_forward_return_raw,0.0001,0.1,0.16431380811436452
z_price_to_MA50,0.01471864371824824,True,XLK,2,target_5d_forward_return_raw,0.0001,0.1,0.16431380811436452
z_MA20_minus_MA50,-0.010432135804967754,True,XLK,2,target_5d_forward_return_raw,0.0001,0.1,0.16431380811436452
z_volatility_20d,0.008562840607538215,True,XLK,2,target_5d_forward_return_raw,0.0001,0.1,0.16431380811436452
z_max_drawdown_60d,-0.005771400293497848,True,XLK,2,target_5d_forward_return_raw,0.0001,0.1,0.16431380811436452
z_ATR_14,0.0014778433074206891,True,XLK,2,target_5d_forward_return_raw,0.0001,0.1,0.16431380811436452
z_volume_change,-0.000997815073185155,True,XLK,2,target_5d_forward_return_raw,0.0001,0.1,0.16431380811436452
z_relative_volume,-0.0013450154445250337,True,XLK,2,target_5d_forward_return_raw,0.0001,0.1,0.16431380811436452
z_RSI_14,0.0036317771147237315,True,XLK,2,target_5d_forward_return_raw,0.0001,0.1,0.16431380811436452
z_market_beta_60d,-0.013638894615631936,True,XLK,2,target_5d_forward_return_raw,0.0001,0.1,0.16431380811436452
z_idio_vol_60d,0.003770206899395845,True,XLK,2,target_5d_forward_return_raw,0.0001,0.1,0.16431380811436452
z_Federal_Funds_Rate,-0.0131509720328463,True,XLK,2,target_5d_forward_return_raw,0.0001,0.1,0.16431380811436452
z_Treasury_10Y,-0.010275146703998072,True,XLK,2,target_5d_forward_return_raw,0.0001,0.1,0.16431380811436452
z_Yield_Spread_10Y2Y,0.005888224608942831,True,XLK,2,target_5d_forward_return_raw,0.0001,0.1,0.16431380811436452
z_Breakeven_Inflation_10Y,-0.0006165339988518102,True,XLK,2,target_5d_forward_return_raw,0.0001,0.1,0.16431380811436452
z_CPI,0.004001412595733859,True,XLK,2,target_5d_forward_return_raw,0.0001,0.1,0.16431380811436452
z_Unemployment_Rate,0.0022618481904222976,True,XLK,2,target_5d_forward_return_raw,0.0001,0.1,0.16431380811436452
z_Financial_Conditions_Index,-0.015349587871634351,True,XLK,2,target_5d_forward_return_raw,0.0001,0.1,0.16431380811436452
z_VIX,0.0010157808445207675,True,XLK,2,target_5d_forward_return_raw,0.0001,0.1,0.16431380811436452
z_rate_sensitivity_beta,0.01415761844881371,True,XLK,2,target_5d_forward_return_raw,0.0001,0.1,0.16431380811436452
z_return_5d,-0.000442530893915767,True,XLP,2,target_5d_forward_return_raw,0.01,0.1,0.021665209122981383
z_return_5d_rel_spy,-0.0004609874874382863,True,XLP,2,target_5d_forward_return_raw,0.01,0.1,0.021665209122981383
z_return_5d_excess_rf,-0.00045086042080194416,True,XLP,2,target_5d_forward_return_raw,0.01,0.1,0.021665209122981383
z_return_20d,0.0,False,XLP,2,target_5d_forward_return_raw,0.01,0.1,0.021665209122981383
z_return_20d_rel_spy,0.0,False,XLP,2,target_5d_forward_return_raw,0.01,0.1,0.021665209122981383
z_return_20d_excess_rf,0.0,False,XLP,2,target_5d_forward_return_raw,0.01,0.1,0.021665209122981383
z_return_60d_rel_spy,-0.0,False,XLP,2,target_5d_forward_return_raw,0.01,0.1,0.021665209122981383
z_price_to_MA20,0.0,False,XLP,2,target_5d_forward_return_raw,0.01,0.1,0.021665209122981383
z_price_to_MA50,0.0,False,XLP,2,target_5d_forward_return_raw,0.01,0.1,0.021665209122981383
z_MA20_minus_MA50,-0.0,False,XLP,2,target_5d_forward_return_raw,0.01,0.1,0.021665209122981383
z_volatility_20d,-0.0,False,XLP,2,target_5d_forward_return_raw,0.01,0.1,0.021665209122981383
z_max_drawdown_60d,0.0004753744877581597,True,XLP,2,target_5d_forward_return_raw,0.01,0.1,0.021665209122981383
z_ATR_14,-0.0,False,XLP,2,target_5d_forward_return_raw,0.01,0.1,0.021665209122981383
z_volume_change,0.0,False,XLP,2,target_5d_forward_return_raw,0.01,0.1,0.021665209122981383
z_relative_volume,-0.0006085835544893762,True,XLP,2,target_5d_forward_return_raw,0.01,0.1,0.021665209122981383
z_RSI_14,-0.00044950209750726,True,XLP,2,target_5d_forward_return_raw,0.01,0.1,0.021665209122981383
z_market_beta_60d,-0.0,False,XLP,2,target_5d_forward_return_raw,0.01,0.1,0.021665209122981383
z_idio_vol_60d,0.0,False,XLP,2,target_5d_forward_return_raw,0.01,0.1,0.021665209122981383
z_Federal_Funds_Rate,-0.0,False,XLP,2,target_5d_forward_return_raw,0.01,0.1,0.021665209122981383
z_Treasury_10Y,-0.0,False,XLP,2,target_5d_forward_return_raw,0.01,0.1,0.021665209122981383
z_Yield_Spread_10Y2Y,0.0,False,XLP,2,target_5d_forward_return_raw,0.01,0.1,0.021665209122981383
z_Breakeven_Inflation_10Y,-0.0,False,XLP,2,target_5d_forward_return_raw,0.01,0.1,0.021665209122981383
z_CPI,-0.00047544934678250226,True,XLP,2,target_5d_forward_return_raw,0.01,0.1,0.021665209122981383
z_Unemployment_Rate,0.00045180064436015316,True,XLP,2,target_5d_forward_return_raw,0.01,0.1,0.021665209122981383
z_Financial_Conditions_Index,-0.0016761522983230678,True,XLP,2,target_5d_forward_return_raw,0.01,0.1,0.021665209122981383
z_VIX,-0.0,False,XLP,2,target_5d_forward_return_raw,0.01,0.1,0.021665209122981383
z_rate_sensitivity_beta,0.0,False,XLP,2,target_5d_forward_return_raw,0.01,0.1,0.021665209122981383
z_return_5d,0.0,False,XLRE,2,target_5d_forward_return_raw,0.001,0.1,0.1602781533656291
z_return_5d_rel_spy,0.0,False,XLRE,2,target_5d_forward_return_raw,0.001,0.1,0.1602781533656291
z_return_5d_excess_rf,0.0,False,XLRE,2,target_5d_forward_return_raw,0.001,0.1,0.1602781533656291
z_return_20d,-0.0025912599567658196,True,XLRE,2,target_5d_forward_return_raw,0.001,0.1,0.1602781533656291
z_return_20d_rel_spy,-0.002250554589543321,True,XLRE,2,target_5d_forward_return_raw,0.001,0.1,0.1602781533656291
z_return_20d_excess_rf,-0.0010604277386388208,True,XLRE,2,target_5d_forward_return_raw,0.001,0.1,0.1602781533656291
z_return_60d_rel_spy,-0.0015927495764379153,True,XLRE,2,target_5d_forward_return_raw,0.001,0.1,0.1602781533656291
z_price_to_MA20,-0.0037341831016650343,True,XLRE,2,target_5d_forward_return_raw,0.001,0.1,0.1602781533656291
z_price_to_MA50,0.0016627043964402826,True,XLRE,2,target_5d_forward_return_raw,0.001,0.1,0.1602781533656291
z_MA20_minus_MA50,-0.00774256954019192,True,XLRE,2,target_5d_forward_return_raw,0.001,0.1,0.1602781533656291
z_volatility_20d,-0.008896314709236587,True,XLRE,2,target_5d_forward_return_raw,0.001,0.1,0.1602781533656291
z_max_drawdown_60d,-0.0013323604939220815,True,XLRE,2,target_5d_forward_return_raw,0.001,0.1,0.1602781533656291
z_ATR_14,-0.009922507390588156,True,XLRE,2,target_5d_forward_return_raw,0.001,0.1,0.1602781533656291
z_volume_change,0.0007725995865466396,True,XLRE,2,target_5d_forward_return_raw,0.001,0.1,0.1602781533656291
z_relative_volume,0.003213815915684589,True,XLRE,2,target_5d_forward_return_raw,0.001,0.1,0.1602781533656291
z_RSI_14,0.0002960793605418713,True,XLRE,2,target_5d_forward_return_raw,0.001,0.1,0.1602781533656291
z_market_beta_60d,0.013835366304374508,True,XLRE,2,target_5d_forward_return_raw,0.001,0.1,0.1602781533656291
z_idio_vol_60d,0.004682234107360499,True,XLRE,2,target_5d_forward_return_raw,0.001,0.1,0.1602781533656291
z_Federal_Funds_Rate,-0.0,False,XLRE,2,target_5d_forward_return_raw,0.001,0.1,0.1602781533656291
z_Treasury_10Y,-0.004640283236464358,True,XLRE,2,target_5d_forward_return_raw,0.001,0.1,0.1602781533656291
z_Yield_Spread_10Y2Y,0.0011333804133886916,True,XLRE,2,target_5d_forward_return_raw,0.001,0.1,0.1602781533656291
z_Breakeven_Inflation_10Y,-0.007451835202483875,True,XLRE,2,target_5d_forward_return_raw,0.001,0.1,0.1602781533656291
z_CPI,0.003645793835985872,True,XLRE,2,target_5d_forward_return_raw,0.001,0.1,0.1602781533656291
z_Unemployment_Rate,0.0014153691287969903,True,XLRE,2,target_5d_forward_return_raw,0.001,0.1,0.1602781533656291
z_Financial_Conditions_Index,-0.0008056918605240793,True,XLRE,2,target_5d_forward_return_raw,0.001,0.1,0.1602781533656291
z_VIX,-0.005190702619555242,True,XLRE,2,target_5d_forward_return_raw,0.001,0.1,0.1602781533656291
z_rate_sensitivity_beta,-0.009201809757183302,True,XLRE,2,target_5d_forward_return_raw,0.001,0.1,0.1602781533656291
z_return_5d,-0.0014553347105211104,True,XLU,2,target_5d_forward_return_raw,1e-05,0.7,-0.021925674006715034
z_return_5d_rel_spy,-5.158432189930453e-07,True,XLU,2,target_5d_forward_return_raw,1e-05,0.7,-0.021925674006715034
z_return_5d_excess_rf,-8.991479767107117e-11,False,XLU,2,target_5d_forward_return_raw,1e-05,0.7,-0.021925674006715034
z_return_20d,-0.001695552358394692,True,XLU,2,target_5d_forward_return_raw,1e-05,0.7,-0.021925674006715034
z_return_20d_rel_spy,-6.680057941774039e-07,True,XLU,2,target_5d_forward_return_raw,1e-05,0.7,-0.021925674006715034
z_return_20d_excess_rf,-1.1961747018871358e-10,False,XLU,2,target_5d_forward_return_raw,1e-05,0.7,-0.021925674006715034
z_return_60d_rel_spy,-0.00433394345954549,True,XLU,2,target_5d_forward_return_raw,1e-05,0.7,-0.021925674006715034
z_price_to_MA20,-0.0053023088639999535,True,XLU,2,target_5d_forward_return_raw,1e-05,0.7,-0.021925674006715034
z_price_to_MA50,0.00030916856237016304,True,XLU,2,target_5d_forward_return_raw,1e-05,0.7,-0.021925674006715034
z_MA20_minus_MA50,0.005571494835086453,True,XLU,2,target_5d_forward_return_raw,1e-05,0.7,-0.021925674006715034
z_volatility_20d,-0.0025917051333877762,True,XLU,2,target_5d_forward_return_raw,1e-05,0.7,-0.021925674006715034
z_max_drawdown_60d,-0.0014536129044706281,True,XLU,2,target_5d_forward_return_raw,1e-05,0.7,-0.021925674006715034
z_ATR_14,-0.009920760378923543,True,XLU,2,target_5d_forward_return_raw,1e-05,0.7,-0.021925674006715034
z_volume_change,0.002045531036937222,True,XLU,2,target_5d_forward_return_raw,1e-05,0.7,-0.021925674006715034
z_relative_volume,-0.003060571834556833,True,XLU,2,target_5d_forward_return_raw,1e-05,0.7,-0.021925674006715034
z_RSI_14,0.009435572357862246,True,XLU,2,target_5d_forward_return_raw,1e-05,0.7,-0.021925674006715034
z_market_beta_60d,-0.018350006013788764,True,XLU,2,target_5d_forward_return_raw,1e-05,0.7,-0.021925674006715034
z_idio_vol_60d,0.009537559605120816,True,XLU,2,target_5d_forward_return_raw,1e-05,0.7,-0.021925674006715034
z_Federal_Funds_Rate,-0.008310972830662436,True,XLU,2,target_5d_forward_return_raw,1e-05,0.7,-0.021925674006715034
z_Treasury_10Y,0.005420249395456482,True,XLU,2,target_5d_forward_return_raw,1e-05,0.7,-0.021925674006715034
z_Yield_Spread_10Y2Y,-0.0016539895912047776,True,XLU,2,target_5d_forward_return_raw,1e-05,0.7,-0.021925674006715034
z_Breakeven_Inflation_10Y,-0.007146202179200496,True,XLU,2,target_5d_forward_return_raw,1e-05,0.7,-0.021925674006715034
z_CPI,-5.969801541233139e-05,True,XLU,2,target_5d_forward_return_raw,1e-05,0.7,-0.021925674006715034
z_Unemployment_Rate,0.0014020915161393076,True,XLU,2,target_5d_forward_return_raw,1e-05,0.7,-0.021925674006715034
z_Financial_Conditions_Index,-0.003234604218930673,True,XLU,2,target_5d_forward_return_raw,1e-05,0.7,-0.021925674006715034
z_VIX,-0.005102815682595114,True,XLU,2,target_5d_forward_return_raw,1e-05,0.7,-0.021925674006715034
z_rate_sensitivity_beta,0.019572281898126778,True,XLU,2,target_5d_forward_return_raw,1e-05,0.7,-0.021925674006715034
z_return_5d,-0.0014896375166528898,True,XLV,2,target_5d_forward_return_raw,0.001,0.3,0.03355290337550417
z_return_5d_rel_spy,-0.0014815257372825501,True,XLV,2,target_5d_forward_return_raw,0.001,0.3,0.03355290337550417
z_return_5d_excess_rf,-0.0008509165184727422,True,XLV,2,target_5d_forward_return_raw,0.001,0.3,0.03355290337550417
z_return_20d,0.002216513563175246,True,XLV,2,target_5d_forward_return_raw,0.001,0.3,0.03355290337550417
z_return_20d_rel_spy,0.002208963126547558,True,XLV,2,target_5d_forward_return_raw,0.001,0.3,0.03355290337550417
z_return_20d_excess_rf,0.00127227487127247,True,XLV,2,target_5d_forward_return_raw,0.001,0.3,0.03355290337550417
z_return_60d_rel_spy,-0.00013002391736784423,True,XLV,2,target_5d_forward_return_raw,0.001,0.3,0.03355290337550417
z_price_to_MA20,-0.0,False,XLV,2,target_5d_forward_return_raw,0.001,0.3,0.03355290337550417
z_price_to_MA50,0.004749130213670424,True,XLV,2,target_5d_forward_return_raw,0.001,0.3,0.03355290337550417
z_MA20_minus_MA50,-0.00663415567767664,True,XLV,2,target_5d_forward_return_raw,0.001,0.3,0.03355290337550417
z_volatility_20d,0.0002579849157065593,True,XLV,2,target_5d_forward_return_raw,0.001,0.3,0.03355290337550417
z_max_drawdown_60d,0.001575929572288622,True,XLV,2,target_5d_forward_return_raw,0.001,0.3,0.03355290337550417
z_ATR_14,-0.0016821720474891131,True,XLV,2,target_5d_forward_return_raw,0.001,0.3,0.03355290337550417
z_volume_change,-3.160786646901216e-05,True,XLV,2,target_5d_forward_return_raw,0.001,0.3,0.03355290337550417
z_relative_volume,-0.0014202631783538525,True,XLV,2,target_5d_forward_return_raw,0.001,0.3,0.03355290337550417
z_RSI_14,-0.0040873050680391996,True,XLV,2,target_5d_forward_return_raw,0.001,0.3,0.03355290337550417
z_market_beta_60d,-0.0,False,XLV,2,target_5d_forward_return_raw,0.001,0.3,0.03355290337550417
z_idio_vol_60d,0.0007300016239561746,True,XLV,2,target_5d_forward_return_raw,0.001,0.3,0.03355290337550417
z_Federal_Funds_Rate,-0.0,False,XLV,2,target_5d_forward_return_raw,0.001,0.3,0.03355290337550417
z_Treasury_10Y,0.0,False,XLV,2,target_5d_forward_return_raw,0.001,0.3,0.03355290337550417
z_Yield_Spread_10Y2Y,0.004608432702417616,True,XLV,2,target_5d_forward_return_raw,0.001,0.3,0.03355290337550417
z_Breakeven_Inflation_10Y,-0.002971395023242073,True,XLV,2,target_5d_forward_return_raw,0.001,0.3,0.03355290337550417
z_CPI,-0.0009884048795924894,True,XLV,2,target_5d_forward_return_raw,0.001,0.3,0.03355290337550417
z_Unemployment_Rate,0.0018407970254513864,True,XLV,2,target_5d_forward_return_raw,0.001,0.3,0.03355290337550417
z_Financial_Conditions_Index,-0.004706015067730685,True,XLV,2,target_5d_forward_return_raw,0.001,0.3,0.03355290337550417
z_VIX,-0.0022583821769319935,True,XLV,2,target_5d_forward_return_raw,0.001,0.3,0.03355290337550417
z_rate_sensitivity_beta,-0.0020310366020336893,True,XLV,2,target_5d_forward_return_raw,0.001,0.3,0.03355290337550417
z_return_5d,-0.0,False,XLY,2,target_5d_forward_return_raw,0.01,0.1,0.2273612688264837
z_return_5d_rel_spy,-0.0,False,XLY,2,target_5d_forward_return_raw,0.01,0.1,0.2273612688264837
z_return_5d_excess_rf,-0.0,False,XLY,2,target_5d_forward_return_raw,0.01,0.1,0.2273612688264837
z_return_20d,0.0,False,XLY,2,target_5d_forward_return_raw,0.01,0.1,0.2273612688264837
z_return_20d_rel_spy,0.0,False,XLY,2,target_5d_forward_return_raw,0.01,0.1,0.2273612688264837
z_return_20d_excess_rf,0.0,False,XLY,2,target_5d_forward_return_raw,0.01,0.1,0.2273612688264837
z_return_60d_rel_spy,-0.0,False,XLY,2,target_5d_forward_return_raw,0.01,0.1,0.2273612688264837
z_price_to_MA20,-0.0,False,XLY,2,target_5d_forward_return_raw,0.01,0.1,0.2273612688264837
z_price_to_MA50,0.0007407189479965076,True,XLY,2,target_5d_forward_return_raw,0.01,0.1,0.2273612688264837
z_MA20_minus_MA50,-0.006683828334316642,True,XLY,2,target_5d_forward_return_raw,0.01,0.1,0.2273612688264837
z_volatility_20d,0.002090418284717478,True,XLY,2,target_5d_forward_return_raw,0.01,0.1,0.2273612688264837
z_max_drawdown_60d,-0.0020686924135175874,True,XLY,2,target_5d_forward_return_raw,0.01,0.1,0.2273612688264837
z_ATR_14,0.00018531431698213486,True,XLY,2,target_5d_forward_return_raw,0.01,0.1,0.2273612688264837
z_volume_change,-0.0,False,XLY,2,target_5d_forward_return_raw,0.01,0.1,0.2273612688264837
z_relative_volume,0.0,False,XLY,2,target_5d_forward_return_raw,0.01,0.1,0.2273612688264837
z_RSI_14,0.0,False,XLY,2,target_5d_forward_return_raw,0.01,0.1,0.2273612688264837
z_market_beta_60d,0.0,False,XLY,2,target_5d_forward_return_raw,0.01,0.1,0.2273612688264837
z_idio_vol_60d,-0.00277786688351008,True,XLY,2,target_5d_forward_return_raw,0.01,0.1,0.2273612688264837
z_Federal_Funds_Rate,0.0,False,XLY,2,target_5d_forward_return_raw,0.01,0.1,0.2273612688264837
z_Treasury_10Y,-0.002574234104913846,True,XLY,2,target_5d_forward_return_raw,0.01,0.1,0.2273612688264837
z_Yield_Spread_10Y2Y,0.0006403333792051683,True,XLY,2,target_5d_forward_return_raw,0.01,0.1,0.2273612688264837
z_Breakeven_Inflation_10Y,-0.0029376010839371326,True,XLY,2,target_5d_forward_return_raw,0.01,0.1,0.2273612688264837
z_CPI,-0.0014047166855949231,True,XLY,2,target_5d_forward_return_raw,0.01,0.1,0.2273612688264837
z_Unemployment_Rate,0.0034659821792672975,True,XLY,2,target_5d_forward_return_raw,0.01,0.1,0.2273612688264837
z_Financial_Conditions_Index,-0.008398113074012382,True,XLY,2,target_5d_forward_return_raw,0.01,0.1,0.2273612688264837
z_VIX,-0.0,False,XLY,2,target_5d_forward_return_raw,0.01,0.1,0.2273612688264837
z_rate_sensitivity_beta,-0.008992568139619524,True,XLY,2,target_5d_forward_return_raw,0.01,0.1,0.2273612688264837
z_return_5d,0.0,False,XLB,3,target_5d_forward_return_raw,0.01,0.5,0.14340418108199857
z_return_5d_rel_spy,0.0,False,XLB,3,target_5d_forward_return_raw,0.01,0.5,0.14340418108199857
z_return_5d_excess_rf,0.0,False,XLB,3,target_5d_forward_return_raw,0.01,0.5,0.14340418108199857
z_return_20d,0.0,False,XLB,3,target_5d_forward_return_raw,0.01,0.5,0.14340418108199857
z_return_20d_rel_spy,0.0,False,XLB,3,target_5d_forward_return_raw,0.01,0.5,0.14340418108199857
z_return_20d_excess_rf,0.0,False,XLB,3,target_5d_forward_return_raw,0.01,0.5,0.14340418108199857
z_return_60d_rel_spy,0.0,False,XLB,3,target_5d_forward_return_raw,0.01,0.5,0.14340418108199857
z_price_to_MA20,0.0,False,XLB,3,target_5d_forward_return_raw,0.01,0.5,0.14340418108199857
z_price_to_MA50,0.0,False,XLB,3,target_5d_forward_return_raw,0.01,0.5,0.14340418108199857
z_MA20_minus_MA50,0.0,False,XLB,3,target_5d_forward_return_raw,0.01,0.5,0.14340418108199857
z_volatility_20d,0.0,False,XLB,3,target_5d_forward_return_raw,0.01,0.5,0.14340418108199857
z_max_drawdown_60d,-0.0,False,XLB,3,target_5d_forward_return_raw,0.01,0.5,0.14340418108199857
z_ATR_14,-0.0,False,XLB,3,target_5d_forward_return_raw,0.01,0.5,0.14340418108199857
z_volume_change,0.0,False,XLB,3,target_5d_forward_return_raw,0.01,0.5,0.14340418108199857
z_relative_volume,0.0,False,XLB,3,target_5d_forward_return_raw,0.01,0.5,0.14340418108199857
z_RSI_14,-0.0,False,XLB,3,target_5d_forward_return_raw,0.01,0.5,0.14340418108199857
z_market_beta_60d,-0.0,False,XLB,3,target_5d_forward_return_raw,0.01,0.5,0.14340418108199857
z_idio_vol_60d,-0.0,False,XLB,3,target_5d_forward_return_raw,0.01,0.5,0.14340418108199857
z_Federal_Funds_Rate,-0.0,False,XLB,3,target_5d_forward_return_raw,0.01,0.5,0.14340418108199857
z_Treasury_10Y,-0.0,False,XLB,3,target_5d_forward_return_raw,0.01,0.5,0.14340418108199857
z_Yield_Spread_10Y2Y,0.0,False,XLB,3,target_5d_forward_return_raw,0.01,0.5,0.14340418108199857
z_Breakeven_Inflation_10Y,-0.0,False,XLB,3,target_5d_forward_return_raw,0.01,0.5,0.14340418108199857
z_CPI,-0.0,False,XLB,3,target_5d_forward_return_raw,0.01,0.5,0.14340418108199857
z_Unemployment_Rate,0.00020516041032921906,True,XLB,3,target_5d_forward_return_raw,0.01,0.5,0.14340418108199857
z_Financial_Conditions_Index,-0.0,False,XLB,3,target_5d_forward_return_raw,0.01,0.5,0.14340418108199857
z_VIX,-0.0,False,XLB,3,target_5d_forward_return_raw,0.01,0.5,0.14340418108199857
z_rate_sensitivity_beta,0.0,False,XLB,3,target_5d_forward_return_raw,0.01,0.5,0.14340418108199857
z_return_5d,-0.0017497875579587175,True,XLC,3,target_5d_forward_return_raw,0.001,0.5,0.2147114064792779
z_return_5d_rel_spy,-0.0012625141617845239,True,XLC,3,target_5d_forward_return_raw,0.001,0.5,0.2147114064792779
z_return_5d_excess_rf,-0.00047525058534098605,True,XLC,3,target_5d_forward_return_raw,0.001,0.5,0.2147114064792779
z_return_20d,-0.00043352421829657116,True,XLC,3,target_5d_forward_return_raw,0.001,0.5,0.2147114064792779
z_return_20d_rel_spy,-0.0003139794194889986,True,XLC,3,target_5d_forward_return_raw,0.001,0.5,0.2147114064792779
z_return_20d_excess_rf,-0.00011867284090650169,True,XLC,3,target_5d_forward_return_raw,0.001,0.5,0.2147114064792779
z_return_60d_rel_spy,-0.0,False,XLC,3,target_5d_forward_return_raw,0.001,0.5,0.2147114064792779
z_price_to_MA20,-0.0009705015021365616,True,XLC,3,target_5d_forward_return_raw,0.001,0.5,0.2147114064792779
z_price_to_MA50,-0.0,False,XLC,3,target_5d_forward_return_raw,0.001,0.5,0.2147114064792779
z_MA20_minus_MA50,-0.0034567025434139335,True,XLC,3,target_5d_forward_return_raw,0.001,0.5,0.2147114064792779
z_volatility_20d,-0.0011304421025482433,True,XLC,3,target_5d_forward_return_raw,0.001,0.5,0.2147114064792779
z_max_drawdown_60d,0.0017252733961648562,True,XLC,3,target_5d_forward_return_raw,0.001,0.5,0.2147114064792779
z_ATR_14,8.186781561397352e-07,True,XLC,3,target_5d_forward_return_raw,0.001,0.5,0.2147114064792779
z_volume_change,-0.0,False,XLC,3,target_5d_forward_return_raw,0.001,0.5,0.2147114064792779
z_relative_volume,0.0007013816976075276,True,XLC,3,target_5d_forward_return_raw,0.001,0.5,0.2147114064792779
z_RSI_14,0.0,False,XLC,3,target_5d_forward_return_raw,0.001,0.5,0.2147114064792779
z_market_beta_60d,0.0005363237150799349,True,XLC,3,target_5d_forward_return_raw,0.001,0.5,0.2147114064792779
z_idio_vol_60d,0.0005150099598719823,True,XLC,3,target_5d_forward_return_raw,0.001,0.5,0.2147114064792779
z_Federal_Funds_Rate,-0.0,False,XLC,3,target_5d_forward_return_raw,0.001,0.5,0.2147114064792779
z_Treasury_10Y,-0.00638159410625637,True,XLC,3,target_5d_forward_return_raw,0.001,0.5,0.2147114064792779
z_Yield_Spread_10Y2Y,0.0040260935646624805,True,XLC,3,target_5d_forward_return_raw,0.001,0.5,0.2147114064792779
z_Breakeven_Inflation_10Y,-0.00232777457418142,True,XLC,3,target_5d_forward_return_raw,0.001,0.5,0.2147114064792779
z_CPI,-0.0012490173826333142,True,XLC,3,target_5d_forward_return_raw,0.001,0.5,0.2147114064792779
z_Unemployment_Rate,0.003418759918002752,True,XLC,3,target_5d_forward_return_raw,0.001,0.5,0.2147114064792779
z_Financial_Conditions_Index,-0.004753560699033675,True,XLC,3,target_5d_forward_return_raw,0.001,0.5,0.2147114064792779
z_VIX,0.0,False,XLC,3,target_5d_forward_return_raw,0.001,0.5,0.2147114064792779
z_rate_sensitivity_beta,-0.0,False,XLC,3,target_5d_forward_return_raw,0.001,0.5,0.2147114064792779
z_return_5d,0.006100980046604108,True,XLE,3,target_5d_forward_return_raw,0.0001,0.3,0.09302407625618785
z_return_5d_rel_spy,5.068898094048944e-05,True,XLE,3,target_5d_forward_return_raw,0.0001,0.3,0.09302407625618785
z_return_5d_excess_rf,2.1217624778709446e-07,True,XLE,3,target_5d_forward_return_raw,0.0001,0.3,0.09302407625618785
z_return_20d,0.00881559407411931,True,XLE,3,target_5d_forward_return_raw,0.0001,0.3,0.09302407625618785
z_return_20d_rel_spy,6.873278373803638e-05,True,XLE,3,target_5d_forward_return_raw,0.0001,0.3,0.09302407625618785
z_return_20d_excess_rf,2.7180229131861476e-07,True,XLE,3,target_5d_forward_return_raw,0.0001,0.3,0.09302407625618785
z_return_60d_rel_spy,-0.012182473649739905,True,XLE,3,target_5d_forward_return_raw,0.0001,0.3,0.09302407625618785
z_price_to_MA20,-0.01478229433384473,True,XLE,3,target_5d_forward_return_raw,0.0001,0.3,0.09302407625618785
z_price_to_MA50,-0.01201346246378384,True,XLE,3,target_5d_forward_return_raw,0.0001,0.3,0.09302407625618785
z_MA20_minus_MA50,0.01705115483184356,True,XLE,3,target_5d_forward_return_raw,0.0001,0.3,0.09302407625618785
z_volatility_20d,0.00968066568130747,True,XLE,3,target_5d_forward_return_raw,0.0001,0.3,0.09302407625618785
z_max_drawdown_60d,0.006588460307877941,True,XLE,3,target_5d_forward_return_raw,0.0001,0.3,0.09302407625618785
z_ATR_14,-0.017900681781144203,True,XLE,3,target_5d_forward_return_raw,0.0001,0.3,0.09302407625618785
z_volume_change,-0.002185869803084641,True,XLE,3,target_5d_forward_return_raw,0.0001,0.3,0.09302407625618785
z_relative_volume,-0.0001227010080341231,True,XLE,3,target_5d_forward_return_raw,0.0001,0.3,0.09302407625618785
z_RSI_14,0.014744677036266087,True,XLE,3,target_5d_forward_return_raw,0.0001,0.3,0.09302407625618785
z_market_beta_60d,0.010013283247938176,True,XLE,3,target_5d_forward_return_raw,0.0001,0.3,0.09302407625618785
z_idio_vol_60d,0.018645349026642968,True,XLE,3,target_5d_forward_return_raw,0.0001,0.3,0.09302407625618785
z_Federal_Funds_Rate,0.013701899423110495,True,XLE,3,target_5d_forward_return_raw,0.0001,0.3,0.09302407625618785
z_Treasury_10Y,0.010753463272530224,True,XLE,3,target_5d_forward_return_raw,0.0001,0.3,0.09302407625618785
z_Yield_Spread_10Y2Y,0.004355487544626548,True,XLE,3,target_5d_forward_return_raw,0.0001,0.3,0.09302407625618785
z_Breakeven_Inflation_10Y,-0.025850595280196866,True,XLE,3,target_5d_forward_return_raw,0.0001,0.3,0.09302407625618785
z_CPI,3.6782964120544496e-05,True,XLE,3,target_5d_forward_return_raw,0.0001,0.3,0.09302407625618785
z_Unemployment_Rate,0.0034645836371820444,True,XLE,3,target_5d_forward_return_raw,0.0001,0.3,0.09302407625618785
z_Financial_Conditions_Index,-0.021958285591336793,True,XLE,3,target_5d_forward_return_raw,0.0001,0.3,0.09302407625618785
z_VIX,-0.003801981924810804,True,XLE,3,target_5d_forward_return_raw,0.0001,0.3,0.09302407625618785
z_rate_sensitivity_beta,-0.017310546896726117,True,XLE,3,target_5d_forward_return_raw,0.0001,0.3,0.09302407625618785
z_return_5d,0.002438395909676239,True,XLF,3,target_5d_forward_return_raw,0.001,1.0,0.12672440655088676
z_return_5d_rel_spy,1.113563715772474e-18,False,XLF,3,target_5d_forward_return_raw,0.001,1.0,0.12672440655088676
z_return_5d_excess_rf,4.454254863089896e-18,False,XLF,3,target_5d_forward_return_raw,0.001,1.0,0.12672440655088676
z_return_20d,-0.0015742319174295617,True,XLF,3,target_5d_forward_return_raw,0.001,1.0,0.12672440655088676
z_return_20d_rel_spy,-0.0,False,XLF,3,target_5d_forward_return_raw,0.001,1.0,0.12672440655088676
z_return_20d_excess_rf,-0.0,False,XLF,3,target_5d_forward_return_raw,0.001,1.0,0.12672440655088676
z_return_60d_rel_spy,0.0,False,XLF,3,target_5d_forward_return_raw,0.001,1.0,0.12672440655088676
z_price_to_MA20,0.0,False,XLF,3,target_5d_forward_return_raw,0.001,1.0,0.12672440655088676
z_price_to_MA50,-0.0035533008780624857,True,XLF,3,target_5d_forward_return_raw,0.001,1.0,0.12672440655088676
z_MA20_minus_MA50,0.004628283142619806,True,XLF,3,target_5d_forward_return_raw,0.001,1.0,0.12672440655088676
z_volatility_20d,0.0019221528454054682,True,XLF,3,target_5d_forward_return_raw,0.001,1.0,0.12672440655088676
z_max_drawdown_60d,-0.0,False,XLF,3,target_5d_forward_return_raw,0.001,1.0,0.12672440655088676
z_ATR_14,-0.0012391108405603393,True,XLF,3,target_5d_forward_return_raw,0.001,1.0,0.12672440655088676
z_volume_change,0.00017473920163926066,True,XLF,3,target_5d_forward_return_raw,0.001,1.0,0.12672440655088676
z_relative_volume,-0.003926718388511566,True,XLF,3,target_5d_forward_return_raw,0.001,1.0,0.12672440655088676
z_RSI_14,-0.00021549799683192745,True,XLF,3,target_5d_forward_return_raw,0.001,1.0,0.12672440655088676
z_market_beta_60d,0.0,False,XLF,3,target_5d_forward_return_raw,0.001,1.0,0.12672440655088676
z_idio_vol_60d,0.0005761563959789014,True,XLF,3,target_5d_forward_return_raw,0.001,1.0,0.12672440655088676
z_Federal_Funds_Rate,-0.0,False,XLF,3,target_5d_forward_return_raw,0.001,1.0,0.12672440655088676
z_Treasury_10Y,-0.0029845236552702445,True,XLF,3,target_5d_forward_return_raw,0.001,1.0,0.12672440655088676
z_Yield_Spread_10Y2Y,0.0027055938703017084,True,XLF,3,target_5d_forward_return_raw,0.001,1.0,0.12672440655088676
z_Breakeven_Inflation_10Y,-0.0010909462668621795,True,XLF,3,target_5d_forward_return_raw,0.001,1.0,0.12672440655088676
z_CPI,-0.0027629741168812495,True,XLF,3,target_5d_forward_return_raw,0.001,1.0,0.12672440655088676
z_Unemployment_Rate,0.0011894958683259767,True,XLF,3,target_5d_forward_return_raw,0.001,1.0,0.12672440655088676
z_Financial_Conditions_Index,-0.00821345006222208,True,XLF,3,target_5d_forward_return_raw,0.001,1.0,0.12672440655088676
z_VIX,-0.0004238672711403665,True,XLF,3,target_5d_forward_return_raw,0.001,1.0,0.12672440655088676
z_rate_sensitivity_beta,0.0,False,XLF,3,target_5d_forward_return_raw,0.001,1.0,0.12672440655088676
z_return_5d,-0.000662491148716179,True,XLI,3,target_5d_forward_return_raw,0.001,0.9,0.1469487119535848
z_return_5d_rel_spy,-1.6298228775053423e-06,True,XLI,3,target_5d_forward_return_raw,0.001,0.9,0.1469487119535848
z_return_5d_excess_rf,-2.084369252187244e-09,False,XLI,3,target_5d_forward_return_raw,0.001,0.9,0.1469487119535848
z_return_20d,-0.0,False,XLI,3,target_5d_forward_return_raw,0.001,0.9,0.1469487119535848
z_return_20d_rel_spy,-0.0,False,XLI,3,target_5d_forward_return_raw,0.001,0.9,0.1469487119535848
z_return_20d_excess_rf,-0.0,False,XLI,3,target_5d_forward_return_raw,0.001,0.9,0.1469487119535848
z_return_60d_rel_spy,0.0,False,XLI,3,target_5d_forward_return_raw,0.001,0.9,0.1469487119535848
z_price_to_MA20,-0.0,False,XLI,3,target_5d_forward_return_raw,0.001,0.9,0.1469487119535848
z_price_to_MA50,-0.0,False,XLI,3,target_5d_forward_return_raw,0.001,0.9,0.1469487119535848
z_MA20_minus_MA50,-0.0025212435232353147,True,XLI,3,target_5d_forward_return_raw,0.001,0.9,0.1469487119535848
z_volatility_20d,0.0004402713410523337,True,XLI,3,target_5d_forward_return_raw,0.001,0.9,0.1469487119535848
z_max_drawdown_60d,-0.002215031052090857,True,XLI,3,target_5d_forward_return_raw,0.001,0.9,0.1469487119535848
z_ATR_14,-0.003246540929402444,True,XLI,3,target_5d_forward_return_raw,0.001,0.9,0.1469487119535848
z_volume_change,0.0,False,XLI,3,target_5d_forward_return_raw,0.001,0.9,0.1469487119535848
z_relative_volume,0.0003163328052874627,True,XLI,3,target_5d_forward_return_raw,0.001,0.9,0.1469487119535848
z_RSI_14,-0.0002954018135538009,True,XLI,3,target_5d_forward_return_raw,0.001,0.9,0.1469487119535848
z_market_beta_60d,-0.0011592026512146295,True,XLI,3,target_5d_forward_return_raw,0.001,0.9,0.1469487119535848
z_idio_vol_60d,-0.002331901155005077,True,XLI,3,target_5d_forward_return_raw,0.001,0.9,0.1469487119535848
z_Federal_Funds_Rate,-0.0,False,XLI,3,target_5d_forward_return_raw,0.001,0.9,0.1469487119535848
z_Treasury_10Y,-0.002281038869069608,True,XLI,3,target_5d_forward_return_raw,0.001,0.9,0.1469487119535848
z_Yield_Spread_10Y2Y,0.004079818693375074,True,XLI,3,target_5d_forward_return_raw,0.001,0.9,0.1469487119535848
z_Breakeven_Inflation_10Y,-0.00022196478301746972,True,XLI,3,target_5d_forward_return_raw,0.001,0.9,0.1469487119535848
z_CPI,-0.002073030057963426,True,XLI,3,target_5d_forward_return_raw,0.001,0.9,0.1469487119535848
z_Unemployment_Rate,0.0011539610071344814,True,XLI,3,target_5d_forward_return_raw,0.001,0.9,0.1469487119535848
z_Financial_Conditions_Index,-0.008342251986512676,True,XLI,3,target_5d_forward_return_raw,0.001,0.9,0.1469487119535848
z_VIX,-0.0,False,XLI,3,target_5d_forward_return_raw,0.001,0.9,0.1469487119535848
z_rate_sensitivity_beta,0.0002343810779979602,True,XLI,3,target_5d_forward_return_raw,0.001,0.9,0.1469487119535848
z_return_5d,-0.0,False,XLK,3,target_5d_forward_return_raw,0.0001,0.9,0.08470784926107204
z_return_5d_rel_spy,-0.0,False,XLK,3,target_5d_forward_return_raw,0.0001,0.9,0.08470784926107204
z_return_5d_excess_rf,-0.0,False,XLK,3,target_5d_forward_return_raw,0.0001,0.9,0.08470784926107204
z_return_20d,-0.0,False,XLK,3,target_5d_forward_return_raw,0.0001,0.9,0.08470784926107204
z_return_20d_rel_spy,-0.0,False,XLK,3,target_5d_forward_return_raw,0.0001,0.9,0.08470784926107204
z_return_20d_excess_rf,-0.0,False,XLK,3,target_5d_forward_return_raw,0.0001,0.9,0.08470784926107204
z_return_60d_rel_spy,-0.008576621171624138,True,XLK,3,target_5d_forward_return_raw,0.0001,0.9,0.08470784926107204
z_price_to_MA20,-0.01151487049107018,True,XLK,3,target_5d_forward_return_raw,0.0001,0.9,0.08470784926107204
z_price_to_MA50,0.011954460294608518,True,XLK,3,target_5d_forward_return_raw,0.0001,0.9,0.08470784926107204
z_MA20_minus_MA50,-0.008269247867693744,True,XLK,3,target_5d_forward_return_raw,0.0001,0.9,0.08470784926107204
z_volatility_20d,0.0017427207865610061,True,XLK,3,target_5d_forward_return_raw,0.0001,0.9,0.08470784926107204
z_max_drawdown_60d,-0.0012185658841552746,True,XLK,3,target_5d_forward_return_raw,0.0001,0.9,0.08470784926107204
z_ATR_14,0.0003526082502104075,True,XLK,3,target_5d_forward_return_raw,0.0001,0.9,0.08470784926107204
z_volume_change,-0.0006280969242505746,True,XLK,3,target_5d_forward_return_raw,0.0001,0.9,0.08470784926107204
z_relative_volume,-0.001080942529569544,True,XLK,3,target_5d_forward_return_raw,0.0001,0.9,0.08470784926107204
z_RSI_14,0.002951996770949357,True,XLK,3,target_5d_forward_return_raw,0.0001,0.9,0.08470784926107204
z_market_beta_60d,-0.005291250590347833,True,XLK,3,target_5d_forward_return_raw,0.0001,0.9,0.08470784926107204
z_idio_vol_60d,0.0008554085013898857,True,XLK,3,target_5d_forward_return_raw,0.0001,0.9,0.08470784926107204
z_Federal_Funds_Rate,-0.004330969897400722,True,XLK,3,target_5d_forward_return_raw,0.0001,0.9,0.08470784926107204
z_Treasury_10Y,-0.010279112210065012,True,XLK,3,target_5d_forward_return_raw,0.0001,0.9,0.08470784926107204
z_Yield_Spread_10Y2Y,0.0044589507513170265,True,XLK,3,target_5d_forward_return_raw,0.0001,0.9,0.08470784926107204
z_Breakeven_Inflation_10Y,-0.0021290526887369956,True,XLK,3,target_5d_forward_return_raw,0.0001,0.9,0.08470784926107204
z_CPI,0.0024900532302698885,True,XLK,3,target_5d_forward_return_raw,0.0001,0.9,0.08470784926107204
z_Unemployment_Rate,0.0028925259745478126,True,XLK,3,target_5d_forward_return_raw,0.0001,0.9,0.08470784926107204
z_Financial_Conditions_Index,-0.010558797302298733,True,XLK,3,target_5d_forward_return_raw,0.0001,0.9,0.08470784926107204
z_VIX,0.0011789393634225793,True,XLK,3,target_5d_forward_return_raw,0.0001,0.9,0.08470784926107204
z_rate_sensitivity_beta,0.0054472746436380025,True,XLK,3,target_5d_forward_return_raw,0.0001,0.9,0.08470784926107204
z_return_5d,-0.0017428140018615093,True,XLP,3,target_5d_forward_return_raw,0.001,0.9,0.07073802122553684
z_return_5d_rel_spy,-1.5825843044176966e-06,True,XLP,3,target_5d_forward_return_raw,0.001,0.9,0.07073802122553684
z_return_5d_excess_rf,-7.991023763649332e-10,False,XLP,3,target_5d_forward_return_raw,0.001,0.9,0.07073802122553684
z_return_20d,0.0,False,XLP,3,target_5d_forward_return_raw,0.001,0.9,0.07073802122553684
z_return_20d_rel_spy,0.0,False,XLP,3,target_5d_forward_return_raw,0.001,0.9,0.07073802122553684
z_return_20d_excess_rf,0.0,False,XLP,3,target_5d_forward_return_raw,0.001,0.9,0.07073802122553684
z_return_60d_rel_spy,-0.0,False,XLP,3,target_5d_forward_return_raw,0.001,0.9,0.07073802122553684
z_price_to_MA20,0.0,False,XLP,3,target_5d_forward_return_raw,0.001,0.9,0.07073802122553684
z_price_to_MA50,-0.0,False,XLP,3,target_5d_forward_return_raw,0.001,0.9,0.07073802122553684
z_MA20_minus_MA50,-0.0009893923813333373,True,XLP,3,target_5d_forward_return_raw,0.001,0.9,0.07073802122553684
z_volatility_20d,-0.0,False,XLP,3,target_5d_forward_return_raw,0.001,0.9,0.07073802122553684
z_max_drawdown_60d,0.0,False,XLP,3,target_5d_forward_return_raw,0.001,0.9,0.07073802122553684
z_ATR_14,-0.0,False,XLP,3,target_5d_forward_return_raw,0.001,0.9,0.07073802122553684
z_volume_change,-0.0,False,XLP,3,target_5d_forward_return_raw,0.001,0.9,0.07073802122553684
z_relative_volume,0.0,False,XLP,3,target_5d_forward_return_raw,0.001,0.9,0.07073802122553684
z_RSI_14,-0.00015045217610488618,True,XLP,3,target_5d_forward_return_raw,0.001,0.9,0.07073802122553684
z_market_beta_60d,-0.0,False,XLP,3,target_5d_forward_return_raw,0.001,0.9,0.07073802122553684
z_idio_vol_60d,0.0,False,XLP,3,target_5d_forward_return_raw,0.001,0.9,0.07073802122553684
z_Federal_Funds_Rate,-0.0,False,XLP,3,target_5d_forward_return_raw,0.001,0.9,0.07073802122553684
z_Treasury_10Y,-0.0004610312920855062,True,XLP,3,target_5d_forward_return_raw,0.001,0.9,0.07073802122553684
z_Yield_Spread_10Y2Y,0.0,False,XLP,3,target_5d_forward_return_raw,0.001,0.9,0.07073802122553684
z_Breakeven_Inflation_10Y,-0.0,False,XLP,3,target_5d_forward_return_raw,0.001,0.9,0.07073802122553684
z_CPI,-0.00012072189093269841,True,XLP,3,target_5d_forward_return_raw,0.001,0.9,0.07073802122553684
z_Unemployment_Rate,0.00029773222317788534,True,XLP,3,target_5d_forward_return_raw,0.001,0.9,0.07073802122553684
z_Financial_Conditions_Index,-0.0012948431860297007,True,XLP,3,target_5d_forward_return_raw,0.001,0.9,0.07073802122553684
z_VIX,0.0,False,XLP,3,target_5d_forward_return_raw,0.001,0.9,0.07073802122553684
z_rate_sensitivity_beta,0.0,False,XLP,3,target_5d_forward_return_raw,0.001,0.9,0.07073802122553684
z_return_5d,-0.0,False,XLRE,3,target_5d_forward_return_raw,0.01,0.3,0.07040954656571317
z_return_5d_rel_spy,-0.0,False,XLRE,3,target_5d_forward_return_raw,0.01,0.3,0.07040954656571317
z_return_5d_excess_rf,-0.0,False,XLRE,3,target_5d_forward_return_raw,0.01,0.3,0.07040954656571317
z_return_20d,-0.0005843239114756235,True,XLRE,3,target_5d_forward_return_raw,0.01,0.3,0.07040954656571317
z_return_20d_rel_spy,-0.0006062923859776322,True,XLRE,3,target_5d_forward_return_raw,0.01,0.3,0.07040954656571317
z_return_20d_excess_rf,-0.0005953335623152259,True,XLRE,3,target_5d_forward_return_raw,0.01,0.3,0.07040954656571317
z_return_60d_rel_spy,-0.0,False,XLRE,3,target_5d_forward_return_raw,0.01,0.3,0.07040954656571317
z_price_to_MA20,-0.0,False,XLRE,3,target_5d_forward_return_raw,0.01,0.3,0.07040954656571317
z_price_to_MA50,-0.0,False,XLRE,3,target_5d_forward_return_raw,0.01,0.3,0.07040954656571317
z_MA20_minus_MA50,-0.0,False,XLRE,3,target_5d_forward_return_raw,0.01,0.3,0.07040954656571317
z_volatility_20d,-0.0,False,XLRE,3,target_5d_forward_return_raw,0.01,0.3,0.07040954656571317
z_max_drawdown_60d,0.0,False,XLRE,3,target_5d_forward_return_raw,0.01,0.3,0.07040954656571317
z_ATR_14,-0.0015424508950136041,True,XLRE,3,target_5d_forward_return_raw,0.01,0.3,0.07040954656571317
z_volume_change,0.0,False,XLRE,3,target_5d_forward_return_raw,0.01,0.3,0.07040954656571317
z_relative_volume,0.0,False,XLRE,3,target_5d_forward_return_raw,0.01,0.3,0.07040954656571317
z_RSI_14,-0.0,False,XLRE,3,target_5d_forward_return_raw,0.01,0.3,0.07040954656571317
z_market_beta_60d,0.0,False,XLRE,3,target_5d_forward_return_raw,0.01,0.3,0.07040954656571317
z_idio_vol_60d,-0.0,False,XLRE,3,target_5d_forward_return_raw,0.01,0.3,0.07040954656571317
z_Federal_Funds_Rate,-0.0,False,XLRE,3,target_5d_forward_return_raw,0.01,0.3,0.07040954656571317
z_Treasury_10Y,-0.0,False,XLRE,3,target_5d_forward_return_raw,0.01,0.3,0.07040954656571317
z_Yield_Spread_10Y2Y,0.0,False,XLRE,3,target_5d_forward_return_raw,0.01,0.3,0.07040954656571317
z_Breakeven_Inflation_10Y,-0.0,False,XLRE,3,target_5d_forward_return_raw,0.01,0.3,0.07040954656571317
z_CPI,-0.0,False,XLRE,3,target_5d_forward_return_raw,0.01,0.3,0.07040954656571317
z_Unemployment_Rate,0.0,False,XLRE,3,target_5d_forward_return_raw,0.01,0.3,0.07040954656571317
z_Financial_Conditions_Index,-0.0,False,XLRE,3,target_5d_forward_return_raw,0.01,0.3,0.07040954656571317
z_VIX,-0.0009283349666902448,True,XLRE,3,target_5d_forward_return_raw,0.01,0.3,0.07040954656571317
z_rate_sensitivity_beta,0.0,False,XLRE,3,target_5d_forward_return_raw,0.01,0.3,0.07040954656571317
z_return_5d,-0.0003523200056780292,True,XLU,3,target_5d_forward_return_raw,1e-05,0.1,0.041263825724076796
z_return_5d_rel_spy,-4.338337830105295e-07,True,XLU,3,target_5d_forward_return_raw,1e-05,0.1,0.041263825724076796
z_return_5d_excess_rf,-2.321126287166938e-10,False,XLU,3,target_5d_forward_return_raw,1e-05,0.1,0.041263825724076796
z_return_20d,-0.0003708958133630376,True,XLU,3,target_5d_forward_return_raw,1e-05,0.1,0.041263825724076796
z_return_20d_rel_spy,-5.72271346935063e-07,True,XLU,3,target_5d_forward_return_raw,1e-05,0.1,0.041263825724076796
z_return_20d_excess_rf,-3.1810430508864726e-10,False,XLU,3,target_5d_forward_return_raw,1e-05,0.1,0.041263825724076796
z_return_60d_rel_spy,-0.00514981523894032,True,XLU,3,target_5d_forward_return_raw,1e-05,0.1,0.041263825724076796
z_price_to_MA20,-0.0017948128570125237,True,XLU,3,target_5d_forward_return_raw,1e-05,0.1,0.041263825724076796
z_price_to_MA50,-0.0020368611170765633,True,XLU,3,target_5d_forward_return_raw,1e-05,0.1,0.041263825724076796
z_MA20_minus_MA50,0.005463148846961018,True,XLU,3,target_5d_forward_return_raw,1e-05,0.1,0.041263825724076796
z_volatility_20d,-0.0008951201981873037,True,XLU,3,target_5d_forward_return_raw,1e-05,0.1,0.041263825724076796
z_max_drawdown_60d,-0.00017002983908752563,True,XLU,3,target_5d_forward_return_raw,1e-05,0.1,0.041263825724076796
z_ATR_14,-0.008194314573818903,True,XLU,3,target_5d_forward_return_raw,1e-05,0.1,0.041263825724076796
z_volume_change,0.0015871772475781717,True,XLU,3,target_5d_forward_return_raw,1e-05,0.1,0.041263825724076796
z_relative_volume,-0.0029011478097156146,True,XLU,3,target_5d_forward_return_raw,1e-05,0.1,0.041263825724076796
z_RSI_14,0.00542194743980726,True,XLU,3,target_5d_forward_return_raw,1e-05,0.1,0.041263825724076796
z_market_beta_60d,-0.007511166767168228,True,XLU,3,target_5d_forward_return_raw,1e-05,0.1,0.041263825724076796
z_idio_vol_60d,0.005279718226596648,True,XLU,3,target_5d_forward_return_raw,1e-05,0.1,0.041263825724076796
z_Federal_Funds_Rate,-0.003758230375080295,True,XLU,3,target_5d_forward_return_raw,1e-05,0.1,0.041263825724076796
z_Treasury_10Y,0.003908345156159254,True,XLU,3,target_5d_forward_return_raw,1e-05,0.1,0.041263825724076796
z_Yield_Spread_10Y2Y,-0.00018747585318535666,True,XLU,3,target_5d_forward_return_raw,1e-05,0.1,0.041263825724076796
z_Breakeven_Inflation_10Y,-0.008627928835633156,True,XLU,3,target_5d_forward_return_raw,1e-05,0.1,0.041263825724076796
z_CPI,-0.0022310510943319853,True,XLU,3,target_5d_forward_return_raw,1e-05,0.1,0.041263825724076796
z_Unemployment_Rate,0.0014468151169668717,True,XLU,3,target_5d_forward_return_raw,1e-05,0.1,0.041263825724076796
z_Financial_Conditions_Index,-0.004102831073990671,True,XLU,3,target_5d_forward_return_raw,1e-05,0.1,0.041263825724076796
z_VIX,-0.0025417070439083408,True,XLU,3,target_5d_forward_return_raw,1e-05,0.1,0.041263825724076796
z_rate_sensitivity_beta,0.0070516244609220265,True,XLU,3,target_5d_forward_return_raw,1e-05,0.1,0.041263825724076796
z_return_5d,-0.0,False,XLV,3,target_5d_forward_return_raw,0.01,0.1,0.06493600981486672
z_return_5d_rel_spy,-0.0,False,XLV,3,target_5d_forward_return_raw,0.01,0.1,0.06493600981486672
z_return_5d_excess_rf,-0.0,False,XLV,3,target_5d_forward_return_raw,0.01,0.1,0.06493600981486672
z_return_20d,0.0005338836952699355,True,XLV,3,target_5d_forward_return_raw,0.01,0.1,0.06493600981486672
z_return_20d_rel_spy,0.0005685396244614828,True,XLV,3,target_5d_forward_return_raw,0.01,0.1,0.06493600981486672
z_return_20d_excess_rf,0.0005405801873348634,True,XLV,3,target_5d_forward_return_raw,0.01,0.1,0.06493600981486672
z_return_60d_rel_spy,-0.0,False,XLV,3,target_5d_forward_return_raw,0.01,0.1,0.06493600981486672
z_price_to_MA20,0.0,False,XLV,3,target_5d_forward_return_raw,0.01,0.1,0.06493600981486672
z_price_to_MA50,0.0,False,XLV,3,target_5d_forward_return_raw,0.01,0.1,0.06493600981486672
z_MA20_minus_MA50,-0.0031491979873378624,True,XLV,3,target_5d_forward_return_raw,0.01,0.1,0.06493600981486672
z_volatility_20d,-0.00022884205581193463,True,XLV,3,target_5d_forward_return_raw,0.01,0.1,0.06493600981486672
z_max_drawdown_60d,8.636573945817363e-05,True,XLV,3,target_5d_forward_return_raw,0.01,0.1,0.06493600981486672
z_ATR_14,-5.097981780959427e-05,True,XLV,3,target_5d_forward_return_raw,0.01,0.1,0.06493600981486672
z_volume_change,-0.0,False,XLV,3,target_5d_forward_return_raw,0.01,0.1,0.06493600981486672
z_relative_volume,-0.0,False,XLV,3,target_5d_forward_return_raw,0.01,0.1,0.06493600981486672
z_RSI_14,-0.0,False,XLV,3,target_5d_forward_return_raw,0.01,0.1,0.06493600981486672
z_market_beta_60d,-6.382706927749604e-05,True,XLV,3,target_5d_forward_return_raw,0.01,0.1,0.06493600981486672
z_idio_vol_60d,0.0,False,XLV,3,target_5d_forward_return_raw,0.01,0.1,0.06493600981486672
z_Federal_Funds_Rate,-0.0003615144995842129,True,XLV,3,target_5d_forward_return_raw,0.01,0.1,0.06493600981486672
z_Treasury_10Y,-0.00020244389040805622,True,XLV,3,target_5d_forward_return_raw,0.01,0.1,0.06493600981486672
z_Yield_Spread_10Y2Y,0.0015192025367221926,True,XLV,3,target_5d_forward_return_raw,0.01,0.1,0.06493600981486672
z_Breakeven_Inflation_10Y,-0.0,False,XLV,3,target_5d_forward_return_raw,0.01,0.1,0.06493600981486672
z_CPI,-0.0008562601909994842,True,XLV,3,target_5d_forward_return_raw,0.01,0.1,0.06493600981486672
z_Unemployment_Rate,0.0010482320722314611,True,XLV,3,target_5d_forward_return_raw,0.01,0.1,0.06493600981486672
z_Financial_Conditions_Index,-0.001063306487651132,True,XLV,3,target_5d_forward_return_raw,0.01,0.1,0.06493600981486672
z_VIX,-0.0,False,XLV,3,target_5d_forward_return_raw,0.01,0.1,0.06493600981486672
z_rate_sensitivity_beta,-0.0,False,XLV,3,target_5d_forward_return_raw,0.01,0.1,0.06493600981486672
z_return_5d,0.0,False,XLY,3,target_5d_forward_return_raw,0.01,0.5,0.18338679070478028
z_return_5d_rel_spy,0.0,False,XLY,3,target_5d_forward_return_raw,0.01,0.5,0.18338679070478028
z_return_5d_excess_rf,0.0,False,XLY,3,target_5d_forward_return_raw,0.01,0.5,0.18338679070478028
z_return_20d,-0.0,False,XLY,3,target_5d_forward_return_raw,0.01,0.5,0.18338679070478028
z_return_20d_rel_spy,-0.0,False,XLY,3,target_5d_forward_return_raw,0.01,0.5,0.18338679070478028
z_return_20d_excess_rf,-0.0,False,XLY,3,target_5d_forward_return_raw,0.01,0.5,0.18338679070478028
z_return_60d_rel_spy,0.0,False,XLY,3,target_5d_forward_return_raw,0.01,0.5,0.18338679070478028
z_price_to_MA20,-0.0,False,XLY,3,target_5d_forward_return_raw,0.01,0.5,0.18338679070478028
z_price_to_MA50,0.0,False,XLY,3,target_5d_forward_return_raw,0.01,0.5,0.18338679070478028
z_MA20_minus_MA50,-0.0,False,XLY,3,target_5d_forward_return_raw,0.01,0.5,0.18338679070478028
z_volatility_20d,-0.0,False,XLY,3,target_5d_forward_return_raw,0.01,0.5,0.18338679070478028
z_max_drawdown_60d,0.0,False,XLY,3,target_5d_forward_return_raw,0.01,0.5,0.18338679070478028
z_ATR_14,0.0,False,XLY,3,target_5d_forward_return_raw,0.01,0.5,0.18338679070478028
z_volume_change,0.0,False,XLY,3,target_5d_forward_return_raw,0.01,0.5,0.18338679070478028
z_relative_volume,0.0,False,XLY,3,target_5d_forward_return_raw,0.01,0.5,0.18338679070478028
z_RSI_14,0.0,False,XLY,3,target_5d_forward_return_raw,0.01,0.5,0.18338679070478028
z_market_beta_60d,-0.0,False,XLY,3,target_5d_forward_return_raw,0.01,0.5,0.18338679070478028
z_idio_vol_60d,-0.0,False,XLY,3,target_5d_forward_return_raw,0.01,0.5,0.18338679070478028
z_Federal_Funds_Rate,-0.0,False,XLY,3,target_5d_forward_return_raw,0.01,0.5,0.18338679070478028
z_Treasury_10Y,-0.0011609268576973175,True,XLY,3,target_5d_forward_return_raw,0.01,0.5,0.18338679070478028
z_Yield_Spread_10Y2Y,0.0,False,XLY,3,target_5d_forward_return_raw,0.01,0.5,0.18338679070478028
z_Breakeven_Inflation_10Y,-0.0,False,XLY,3,target_5d_forward_return_raw,0.01,0.5,0.18338679070478028
z_CPI,-0.0,False,XLY,3,target_5d_forward_return_raw,0.01,0.5,0.18338679070478028
z_Unemployment_Rate,0.000785183972526815,True,XLY,3,target_5d_forward_return_raw,0.01,0.5,0.18338679070478028
z_Financial_Conditions_Index,-0.0,False,XLY,3,target_5d_forward_return_raw,0.01,0.5,0.18338679070478028
z_VIX,-0.0,False,XLY,3,target_5d_forward_return_raw,0.01,0.5,0.18338679070478028
z_rate_sensitivity_beta,-0.0,False,XLY,3,target_5d_forward_return_raw,0.01,0.5,0.18338679070478028
z_return_5d,-0.0008211820602276615,True,XLB,4,target_5d_forward_return_raw,1e-05,0.1,0.07239466721455572
z_return_5d_rel_spy,-5.902249391096387e-07,True,XLB,4,target_5d_forward_return_raw,1e-05,0.1,0.07239466721455572
z_return_5d_excess_rf,-2.1440593230076209e-10,False,XLB,4,target_5d_forward_return_raw,1e-05,0.1,0.07239466721455572
z_return_20d,5.87895096659712e-05,True,XLB,4,target_5d_forward_return_raw,1e-05,0.1,0.07239466721455572
z_return_20d_rel_spy,2.405811620747198e-07,True,XLB,4,target_5d_forward_return_raw,1e-05,0.1,0.07239466721455572
z_return_20d_excess_rf,1.7127857696043619e-10,False,XLB,4,target_5d_forward_return_raw,1e-05,0.1,0.07239466721455572
z_return_60d_rel_spy,-0.0011747602217473938,True,XLB,4,target_5d_forward_return_raw,1e-05,0.1,0.07239466721455572
z_price_to_MA20,0.0074857700813245765,True,XLB,4,target_5d_forward_return_raw,1e-05,0.1,0.07239466721455572
z_price_to_MA50,-0.004434184340156054,True,XLB,4,target_5d_forward_return_raw,1e-05,0.1,0.07239466721455572
z_MA20_minus_MA50,0.003358753783165582,True,XLB,4,target_5d_forward_return_raw,1e-05,0.1,0.07239466721455572
z_volatility_20d,0.0016684408768028504,True,XLB,4,target_5d_forward_return_raw,1e-05,0.1,0.07239466721455572
z_max_drawdown_60d,-0.0015004495311810157,True,XLB,4,target_5d_forward_return_raw,1e-05,0.1,0.07239466721455572
z_ATR_14,-0.001157143345843575,True,XLB,4,target_5d_forward_return_raw,1e-05,0.1,0.07239466721455572
z_volume_change,0.0006401286499690689,True,XLB,4,target_5d_forward_return_raw,1e-05,0.1,0.07239466721455572
z_relative_volume,0.00025197062709424786,True,XLB,4,target_5d_forward_return_raw,1e-05,0.1,0.07239466721455572
z_RSI_14,-0.005337037081490308,True,XLB,4,target_5d_forward_return_raw,1e-05,0.1,0.07239466721455572
z_market_beta_60d,0.00035731897532593966,True,XLB,4,target_5d_forward_return_raw,1e-05,0.1,0.07239466721455572
z_idio_vol_60d,-0.003366217869097686,True,XLB,4,target_5d_forward_return_raw,1e-05,0.1,0.07239466721455572
z_Federal_Funds_Rate,0.0006130762698542332,True,XLB,4,target_5d_forward_return_raw,1e-05,0.1,0.07239466721455572
z_Treasury_10Y,-0.002572887709337789,True,XLB,4,target_5d_forward_return_raw,1e-05,0.1,0.07239466721455572
z_Yield_Spread_10Y2Y,0.002077882559310127,True,XLB,4,target_5d_forward_return_raw,1e-05,0.1,0.07239466721455572
z_Breakeven_Inflation_10Y,7.112319205141025e-06,True,XLB,4,target_5d_forward_return_raw,1e-05,0.1,0.07239466721455572
z_CPI,-0.0029875818059157708,True,XLB,4,target_5d_forward_return_raw,1e-05,0.1,0.07239466721455572
z_Unemployment_Rate,0.003187478509782824,True,XLB,4,target_5d_forward_return_raw,1e-05,0.1,0.07239466721455572
z_Financial_Conditions_Index,-0.003513148925638271,True,XLB,4,target_5d_forward_return_raw,1e-05,0.1,0.07239466721455572
z_VIX,-0.0011020993820985334,True,XLB,4,target_5d_forward_return_raw,1e-05,0.1,0.07239466721455572
z_rate_sensitivity_beta,-0.0032961862773335294,True,XLB,4,target_5d_forward_return_raw,1e-05,0.1,0.07239466721455572
z_return_5d,-0.0,False,XLC,4,target_5d_forward_return_raw,0.01,0.5,0.15955993233759236
z_return_5d_rel_spy,-0.0,False,XLC,4,target_5d_forward_return_raw,0.01,0.5,0.15955993233759236
z_return_5d_excess_rf,-0.0,False,XLC,4,target_5d_forward_return_raw,0.01,0.5,0.15955993233759236
z_return_20d,0.0,False,XLC,4,target_5d_forward_return_raw,0.01,0.5,0.15955993233759236
z_return_20d_rel_spy,0.0,False,XLC,4,target_5d_forward_return_raw,0.01,0.5,0.15955993233759236
z_return_20d_excess_rf,0.0,False,XLC,4,target_5d_forward_return_raw,0.01,0.5,0.15955993233759236
z_return_60d_rel_spy,0.0,False,XLC,4,target_5d_forward_return_raw,0.01,0.5,0.15955993233759236
z_price_to_MA20,-0.0,False,XLC,4,target_5d_forward_return_raw,0.01,0.5,0.15955993233759236
z_price_to_MA50,0.0,False,XLC,4,target_5d_forward_return_raw,0.01,0.5,0.15955993233759236
z_MA20_minus_MA50,0.0,False,XLC,4,target_5d_forward_return_raw,0.01,0.5,0.15955993233759236
z_volatility_20d,-0.0,False,XLC,4,target_5d_forward_return_raw,0.01,0.5,0.15955993233759236
z_max_drawdown_60d,0.0,False,XLC,4,target_5d_forward_return_raw,0.01,0.5,0.15955993233759236
z_ATR_14,0.0,False,XLC,4,target_5d_forward_return_raw,0.01,0.5,0.15955993233759236
z_volume_change,-0.0,False,XLC,4,target_5d_forward_return_raw,0.01,0.5,0.15955993233759236
z_relative_volume,0.0,False,XLC,4,target_5d_forward_return_raw,0.01,0.5,0.15955993233759236
z_RSI_14,0.0,False,XLC,4,target_5d_forward_return_raw,0.01,0.5,0.15955993233759236
z_market_beta_60d,-0.0,False,XLC,4,target_5d_forward_return_raw,0.01,0.5,0.15955993233759236
z_idio_vol_60d,0.0,False,XLC,4,target_5d_forward_return_raw,0.01,0.5,0.15955993233759236
z_Federal_Funds_Rate,-0.0,False,XLC,4,target_5d_forward_return_raw,0.01,0.5,0.15955993233759236
z_Treasury_10Y,-0.0,False,XLC,4,target_5d_forward_return_raw,0.01,0.5,0.15955993233759236
z_Yield_Spread_10Y2Y,0.0,False,XLC,4,target_5d_forward_return_raw,0.01,0.5,0.15955993233759236
z_Breakeven_Inflation_10Y,-0.0,False,XLC,4,target_5d_forward_return_raw,0.01,0.5,0.15955993233759236
z_CPI,-0.0,False,XLC,4,target_5d_forward_return_raw,0.01,0.5,0.15955993233759236
z_Unemployment_Rate,0.0,False,XLC,4,target_5d_forward_return_raw,0.01,0.5,0.15955993233759236
z_Financial_Conditions_Index,-0.0,False,XLC,4,target_5d_forward_return_raw,0.01,0.5,0.15955993233759236
z_VIX,-0.0,False,XLC,4,target_5d_forward_return_raw,0.01,0.5,0.15955993233759236
z_rate_sensitivity_beta,-0.0,False,XLC,4,target_5d_forward_return_raw,0.01,0.5,0.15955993233759236
z_return_5d,0.002994866556524286,True,XLE,4,target_5d_forward_return_raw,1e-05,0.5,0.07520476346837174
z_return_5d_rel_spy,1.7433227778075337e-06,True,XLE,4,target_5d_forward_return_raw,1e-05,0.5,0.07520476346837174
z_return_5d_excess_rf,5.068960832720975e-10,False,XLE,4,target_5d_forward_return_raw,1e-05,0.5,0.07520476346837174
z_return_20d,0.00567360346383788,True,XLE,4,target_5d_forward_return_raw,1e-05,0.5,0.07520476346837174
z_return_20d_rel_spy,3.0684364445186753e-06,True,XLE,4,target_5d_forward_return_raw,1e-05,0.5,0.07520476346837174
z_return_20d_excess_rf,8.32458931746927e-10,False,XLE,4,target_5d_forward_return_raw,1e-05,0.5,0.07520476346837174
z_return_60d_rel_spy,-0.00803284464341042,True,XLE,4,target_5d_forward_return_raw,1e-05,0.5,0.07520476346837174
z_price_to_MA20,-0.0065162451452079675,True,XLE,4,target_5d_forward_return_raw,1e-05,0.5,0.07520476346837174
z_price_to_MA50,-0.012376187847519543,True,XLE,4,target_5d_forward_return_raw,1e-05,0.5,0.07520476346837174
z_MA20_minus_MA50,0.012027566868761694,True,XLE,4,target_5d_forward_return_raw,1e-05,0.5,0.07520476346837174
z_volatility_20d,0.010344461997108326,True,XLE,4,target_5d_forward_return_raw,1e-05,0.5,0.07520476346837174
z_max_drawdown_60d,0.007465462675616168,True,XLE,4,target_5d_forward_return_raw,1e-05,0.5,0.07520476346837174
z_ATR_14,-0.013095054170471106,True,XLE,4,target_5d_forward_return_raw,1e-05,0.5,0.07520476346837174
z_volume_change,-0.0013119616543308653,True,XLE,4,target_5d_forward_return_raw,1e-05,0.5,0.07520476346837174
z_relative_volume,-0.0010576126537240127,True,XLE,4,target_5d_forward_return_raw,1e-05,0.5,0.07520476346837174
z_RSI_14,0.010982789863950645,True,XLE,4,target_5d_forward_return_raw,1e-05,0.5,0.07520476346837174
z_market_beta_60d,0.006450096111019926,True,XLE,4,target_5d_forward_return_raw,1e-05,0.5,0.07520476346837174
z_idio_vol_60d,0.013233016936355224,True,XLE,4,target_5d_forward_return_raw,1e-05,0.5,0.07520476346837174
z_Federal_Funds_Rate,0.009867122148482179,True,XLE,4,target_5d_forward_return_raw,1e-05,0.5,0.07520476346837174
z_Treasury_10Y,0.01213560894458454,True,XLE,4,target_5d_forward_return_raw,1e-05,0.5,0.07520476346837174
z_Yield_Spread_10Y2Y,0.0018690179395841066,True,XLE,4,target_5d_forward_return_raw,1e-05,0.5,0.07520476346837174
z_Breakeven_Inflation_10Y,-0.02010963865187106,True,XLE,4,target_5d_forward_return_raw,1e-05,0.5,0.07520476346837174
z_CPI,0.002280945159218588,True,XLE,4,target_5d_forward_return_raw,1e-05,0.5,0.07520476346837174
z_Unemployment_Rate,0.003793513204126906,True,XLE,4,target_5d_forward_return_raw,1e-05,0.5,0.07520476346837174
z_Financial_Conditions_Index,-0.017636003728745357,True,XLE,4,target_5d_forward_return_raw,1e-05,0.5,0.07520476346837174
z_VIX,-0.0012304264407327582,True,XLE,4,target_5d_forward_return_raw,1e-05,0.5,0.07520476346837174
z_rate_sensitivity_beta,-0.012270210837145752,True,XLE,4,target_5d_forward_return_raw,1e-05,0.5,0.07520476346837174
z_return_5d,0.002050179327389798,True,XLF,4,target_5d_forward_return_raw,0.001,0.7,0.17748647948462057
z_return_5d_rel_spy,0.0007833419251297165,True,XLF,4,target_5d_forward_return_raw,0.001,0.7,0.17748647948462057
z_return_5d_excess_rf,0.0001506179659050215,True,XLF,4,target_5d_forward_return_raw,0.001,0.7,0.17748647948462057
z_return_20d,-0.0005710718330088058,True,XLF,4,target_5d_forward_return_raw,0.001,0.7,0.17748647948462057
z_return_20d_rel_spy,-0.00022101576492715653,True,XLF,4,target_5d_forward_return_raw,0.001,0.7,0.17748647948462057
z_return_20d_excess_rf,-4.30438104428582e-05,True,XLF,4,target_5d_forward_return_raw,0.001,0.7,0.17748647948462057
z_return_60d_rel_spy,0.0,False,XLF,4,target_5d_forward_return_raw,0.001,0.7,0.17748647948462057
z_price_to_MA20,-0.0,False,XLF,4,target_5d_forward_return_raw,0.001,0.7,0.17748647948462057
z_price_to_MA50,-0.0036266692568424916,True,XLF,4,target_5d_forward_return_raw,0.001,0.7,0.17748647948462057
z_MA20_minus_MA50,0.004970985892585927,True,XLF,4,target_5d_forward_return_raw,0.001,0.7,0.17748647948462057
z_volatility_20d,0.003166849835920022,True,XLF,4,target_5d_forward_return_raw,0.001,0.7,0.17748647948462057
z_max_drawdown_60d,-0.0003740390197748618,True,XLF,4,target_5d_forward_return_raw,0.001,0.7,0.17748647948462057
z_ATR_14,-0.0030125427740765034,True,XLF,4,target_5d_forward_return_raw,0.001,0.7,0.17748647948462057
z_volume_change,0.0010644867609983773,True,XLF,4,target_5d_forward_return_raw,0.001,0.7,0.17748647948462057
z_relative_volume,-0.004789344513713414,True,XLF,4,target_5d_forward_return_raw,0.001,0.7,0.17748647948462057
z_RSI_14,-0.000381275744018749,True,XLF,4,target_5d_forward_return_raw,0.001,0.7,0.17748647948462057
z_market_beta_60d,0.0005349793686504572,True,XLF,4,target_5d_forward_return_raw,0.001,0.7,0.17748647948462057
z_idio_vol_60d,0.0,False,XLF,4,target_5d_forward_return_raw,0.001,0.7,0.17748647948462057
z_Federal_Funds_Rate,-0.0,False,XLF,4,target_5d_forward_return_raw,0.001,0.7,0.17748647948462057
z_Treasury_10Y,-0.0,False,XLF,4,target_5d_forward_return_raw,0.001,0.7,0.17748647948462057
z_Yield_Spread_10Y2Y,0.0010162821312229616,True,XLF,4,target_5d_forward_return_raw,0.001,0.7,0.17748647948462057
z_Breakeven_Inflation_10Y,-0.0008265040711389395,True,XLF,4,target_5d_forward_return_raw,0.001,0.7,0.17748647948462057
z_CPI,-0.0023648101858988863,True,XLF,4,target_5d_forward_return_raw,0.001,0.7,0.17748647948462057
z_Unemployment_Rate,0.0013921469122639687,True,XLF,4,target_5d_forward_return_raw,0.001,0.7,0.17748647948462057
z_Financial_Conditions_Index,-0.005700276784293892,True,XLF,4,target_5d_forward_return_raw,0.001,0.7,0.17748647948462057
z_VIX,-0.001284498574879921,True,XLF,4,target_5d_forward_return_raw,0.001,0.7,0.17748647948462057
z_rate_sensitivity_beta,-0.00177306624586298,True,XLF,4,target_5d_forward_return_raw,0.001,0.7,0.17748647948462057
z_return_5d,-0.0009902068223472556,True,XLI,4,target_5d_forward_return_raw,0.001,0.3,0.04855466877815296
z_return_5d_rel_spy,-0.0005222864875422012,True,XLI,4,target_5d_forward_return_raw,0.001,0.3,0.04855466877815296
z_return_5d_excess_rf,-0.0001400389047410136,True,XLI,4,target_5d_forward_return_raw,0.001,0.3,0.04855466877815296
z_return_20d,0.0006247572778734532,True,XLI,4,target_5d_forward_return_raw,0.001,0.3,0.04855466877815296
z_return_20d_rel_spy,0.0003307560092207412,True,XLI,4,target_5d_forward_return_raw,0.001,0.3,0.04855466877815296
z_return_20d_excess_rf,8.901273410215513e-05,True,XLI,4,target_5d_forward_return_raw,0.001,0.3,0.04855466877815296
z_return_60d_rel_spy,0.0020168528232201773,True,XLI,4,target_5d_forward_return_raw,0.001,0.3,0.04855466877815296
z_price_to_MA20,0.0,False,XLI,4,target_5d_forward_return_raw,0.001,0.3,0.04855466877815296
z_price_to_MA50,0.00038439241453748615,True,XLI,4,target_5d_forward_return_raw,0.001,0.3,0.04855466877815296
z_MA20_minus_MA50,-0.004383686049702283,True,XLI,4,target_5d_forward_return_raw,0.001,0.3,0.04855466877815296
z_volatility_20d,0.0025615355189022616,True,XLI,4,target_5d_forward_return_raw,0.001,0.3,0.04855466877815296
z_max_drawdown_60d,-0.0005857961241635587,True,XLI,4,target_5d_forward_return_raw,0.001,0.3,0.04855466877815296
z_ATR_14,-0.0048392858266631655,True,XLI,4,target_5d_forward_return_raw,0.001,0.3,0.04855466877815296
z_volume_change,-0.0,False,XLI,4,target_5d_forward_return_raw,0.001,0.3,0.04855466877815296
z_relative_volume,0.0009288143866665055,True,XLI,4,target_5d_forward_return_raw,0.001,0.3,0.04855466877815296
z_RSI_14,0.0007759050983937668,True,XLI,4,target_5d_forward_return_raw,0.001,0.3,0.04855466877815296
z_market_beta_60d,-0.0021666467260976654,True,XLI,4,target_5d_forward_return_raw,0.001,0.3,0.04855466877815296
z_idio_vol_60d,-0.00361540715632486,True,XLI,4,target_5d_forward_return_raw,0.001,0.3,0.04855466877815296
z_Federal_Funds_Rate,0.0003086006288296018,True,XLI,4,target_5d_forward_return_raw,0.001,0.3,0.04855466877815296
z_Treasury_10Y,0.0,False,XLI,4,target_5d_forward_return_raw,0.001,0.3,0.04855466877815296
z_Yield_Spread_10Y2Y,0.0033336456702331265,True,XLI,4,target_5d_forward_return_raw,0.001,0.3,0.04855466877815296
z_Breakeven_Inflation_10Y,-0.0004514643656060493,True,XLI,4,target_5d_forward_return_raw,0.001,0.3,0.04855466877815296
z_CPI,-0.0012149251315443687,True,XLI,4,target_5d_forward_return_raw,0.001,0.3,0.04855466877815296
z_Unemployment_Rate,0.0017659166081711146,True,XLI,4,target_5d_forward_return_raw,0.001,0.3,0.04855466877815296
z_Financial_Conditions_Index,-0.005955003606157203,True,XLI,4,target_5d_forward_return_raw,0.001,0.3,0.04855466877815296
z_VIX,-0.0010068091209057153,True,XLI,4,target_5d_forward_return_raw,0.001,0.3,0.04855466877815296
z_rate_sensitivity_beta,0.0013240739997684874,True,XLI,4,target_5d_forward_return_raw,0.001,0.3,0.04855466877815296
z_return_5d,-0.0010605750836461263,True,XLK,4,target_5d_forward_return_raw,1e-05,0.1,0.09009833080548184
z_return_5d_rel_spy,-1.2950063527977564e-06,True,XLK,4,target_5d_forward_return_raw,1e-05,0.1,0.09009833080548184
z_return_5d_excess_rf,-7.167923669632675e-10,False,XLK,4,target_5d_forward_return_raw,1e-05,0.1,0.09009833080548184
z_return_20d,-0.0015339442980224609,True,XLK,4,target_5d_forward_return_raw,1e-05,0.1,0.09009833080548184
z_return_20d_rel_spy,-1.6600359391159694e-06,True,XLK,4,target_5d_forward_return_raw,1e-05,0.1,0.09009833080548184
z_return_20d_excess_rf,-8.453394893203522e-10,False,XLK,4,target_5d_forward_return_raw,1e-05,0.1,0.09009833080548184
z_return_60d_rel_spy,-0.006789867844143426,True,XLK,4,target_5d_forward_return_raw,1e-05,0.1,0.09009833080548184
z_price_to_MA20,-0.010102778134078602,True,XLK,4,target_5d_forward_return_raw,1e-05,0.1,0.09009833080548184
z_price_to_MA50,0.01584486895240126,True,XLK,4,target_5d_forward_return_raw,1e-05,0.1,0.09009833080548184
z_MA20_minus_MA50,-0.008495271624499775,True,XLK,4,target_5d_forward_return_raw,1e-05,0.1,0.09009833080548184
z_volatility_20d,-0.0005364007438648577,True,XLK,4,target_5d_forward_return_raw,1e-05,0.1,0.09009833080548184
z_max_drawdown_60d,0.0024950260336710265,True,XLK,4,target_5d_forward_return_raw,1e-05,0.1,0.09009833080548184
z_ATR_14,0.003392294048022475,True,XLK,4,target_5d_forward_return_raw,1e-05,0.1,0.09009833080548184
z_volume_change,-0.00043514704681672323,True,XLK,4,target_5d_forward_return_raw,1e-05,0.1,0.09009833080548184
z_relative_volume,-0.001473473373374945,True,XLK,4,target_5d_forward_return_raw,1e-05,0.1,0.09009833080548184
z_RSI_14,0.002495993610918712,True,XLK,4,target_5d_forward_return_raw,1e-05,0.1,0.09009833080548184
z_market_beta_60d,-0.0015106790433257959,True,XLK,4,target_5d_forward_return_raw,1e-05,0.1,0.09009833080548184
z_idio_vol_60d,-0.003266098653485672,True,XLK,4,target_5d_forward_return_raw,1e-05,0.1,0.09009833080548184
z_Federal_Funds_Rate,0.00443717310026698,True,XLK,4,target_5d_forward_return_raw,1e-05,0.1,0.09009833080548184
z_Treasury_10Y,-0.004470734315596622,True,XLK,4,target_5d_forward_return_raw,1e-05,0.1,0.09009833080548184
z_Yield_Spread_10Y2Y,0.0015265775051649133,True,XLK,4,target_5d_forward_return_raw,1e-05,0.1,0.09009833080548184
z_Breakeven_Inflation_10Y,-0.0028348861511144634,True,XLK,4,target_5d_forward_return_raw,1e-05,0.1,0.09009833080548184
z_CPI,-0.0009203582715249238,True,XLK,4,target_5d_forward_return_raw,1e-05,0.1,0.09009833080548184
z_Unemployment_Rate,0.003500919800866013,True,XLK,4,target_5d_forward_return_raw,1e-05,0.1,0.09009833080548184
z_Financial_Conditions_Index,-0.003757423011848418,True,XLK,4,target_5d_forward_return_raw,1e-05,0.1,0.09009833080548184
z_VIX,-8.009132736220606e-05,True,XLK,4,target_5d_forward_return_raw,1e-05,0.1,0.09009833080548184
z_rate_sensitivity_beta,-0.001552109228708262,True,XLK,4,target_5d_forward_return_raw,1e-05,0.1,0.09009833080548184
z_return_5d,-0.0032400259641142248,True,XLP,4,target_5d_forward_return_raw,1e-05,0.1,0.14734916001538845
z_return_5d_rel_spy,-2.569435326131237e-06,True,XLP,4,target_5d_forward_return_raw,1e-05,0.1,0.14734916001538845
z_return_5d_excess_rf,-1.0171753988440653e-09,False,XLP,4,target_5d_forward_return_raw,1e-05,0.1,0.14734916001538845
z_return_20d,-0.0012742118635572775,True,XLP,4,target_5d_forward_return_raw,1e-05,0.1,0.14734916001538845
z_return_20d_rel_spy,-9.185891839584805e-07,True,XLP,4,target_5d_forward_return_raw,1e-05,0.1,0.14734916001538845
z_return_20d_excess_rf,-3.2712126604580233e-10,False,XLP,4,target_5d_forward_return_raw,1e-05,0.1,0.14734916001538845
z_return_60d_rel_spy,-0.0012442452947662548,True,XLP,4,target_5d_forward_return_raw,1e-05,0.1,0.14734916001538845
z_price_to_MA20,-0.0012443879388173837,True,XLP,4,target_5d_forward_return_raw,1e-05,0.1,0.14734916001538845
z_price_to_MA50,0.008112303016634756,True,XLP,4,target_5d_forward_return_raw,1e-05,0.1,0.14734916001538845
z_MA20_minus_MA50,-0.004278552354435621,True,XLP,4,target_5d_forward_return_raw,1e-05,0.1,0.14734916001538845
z_volatility_20d,-0.0018710149360002314,True,XLP,4,target_5d_forward_return_raw,1e-05,0.1,0.14734916001538845
z_max_drawdown_60d,0.0017823412001705611,True,XLP,4,target_5d_forward_return_raw,1e-05,0.1,0.14734916001538845
z_ATR_14,-0.0012894243009000292,True,XLP,4,target_5d_forward_return_raw,1e-05,0.1,0.14734916001538845
z_volume_change,-0.0006942508485152848,True,XLP,4,target_5d_forward_return_raw,1e-05,0.1,0.14734916001538845
z_relative_volume,0.000636620549348358,True,XLP,4,target_5d_forward_return_raw,1e-05,0.1,0.14734916001538845
z_RSI_14,-0.002139697808096615,True,XLP,4,target_5d_forward_return_raw,1e-05,0.1,0.14734916001538845
z_market_beta_60d,-0.0023304266944884117,True,XLP,4,target_5d_forward_return_raw,1e-05,0.1,0.14734916001538845
z_idio_vol_60d,0.003285464910201166,True,XLP,4,target_5d_forward_return_raw,1e-05,0.1,0.14734916001538845
z_Federal_Funds_Rate,0.0013271780013970969,True,XLP,4,target_5d_forward_return_raw,1e-05,0.1,0.14734916001538845
z_Treasury_10Y,-0.003000189769654623,True,XLP,4,target_5d_forward_return_raw,1e-05,0.1,0.14734916001538845
z_Yield_Spread_10Y2Y,0.0007116939761629787,True,XLP,4,target_5d_forward_return_raw,1e-05,0.1,0.14734916001538845
z_Breakeven_Inflation_10Y,0.0011173322797412909,True,XLP,4,target_5d_forward_return_raw,1e-05,0.1,0.14734916001538845
z_CPI,-0.00166596442017952,True,XLP,4,target_5d_forward_return_raw,1e-05,0.1,0.14734916001538845
z_Unemployment_Rate,0.0006465392292578565,True,XLP,4,target_5d_forward_return_raw,1e-05,0.1,0.14734916001538845
z_Financial_Conditions_Index,-0.004484558127594257,True,XLP,4,target_5d_forward_return_raw,1e-05,0.1,0.14734916001538845
z_VIX,0.0016173474069140063,True,XLP,4,target_5d_forward_return_raw,1e-05,0.1,0.14734916001538845
z_rate_sensitivity_beta,0.002443685916457719,True,XLP,4,target_5d_forward_return_raw,1e-05,0.1,0.14734916001538845
z_return_5d,-0.0,False,XLRE,4,target_5d_forward_return_raw,0.001,0.5,0.05896213005921382
z_return_5d_rel_spy,-0.0,False,XLRE,4,target_5d_forward_return_raw,0.001,0.5,0.05896213005921382
z_return_5d_excess_rf,-0.0,False,XLRE,4,target_5d_forward_return_raw,0.001,0.5,0.05896213005921382
z_return_20d,-0.001392394128539481,True,XLRE,4,target_5d_forward_return_raw,0.001,0.5,0.05896213005921382
z_return_20d_rel_spy,-0.000813639064091854,True,XLRE,4,target_5d_forward_return_raw,0.001,0.5,0.05896213005921382
z_return_20d_excess_rf,-0.00024298829363910443,True,XLRE,4,target_5d_forward_return_raw,0.001,0.5,0.05896213005921382
z_return_60d_rel_spy,0.0,False,XLRE,4,target_5d_forward_return_raw,0.001,0.5,0.05896213005921382
z_price_to_MA20,-0.0,False,XLRE,4,target_5d_forward_return_raw,0.001,0.5,0.05896213005921382
z_price_to_MA50,-0.0,False,XLRE,4,target_5d_forward_return_raw,0.001,0.5,0.05896213005921382
z_MA20_minus_MA50,0.0,False,XLRE,4,target_5d_forward_return_raw,0.001,0.5,0.05896213005921382
z_volatility_20d,-0.001401581484063683,True,XLRE,4,target_5d_forward_return_raw,0.001,0.5,0.05896213005921382
z_max_drawdown_60d,-0.0012895332847283835,True,XLRE,4,target_5d_forward_return_raw,0.001,0.5,0.05896213005921382
z_ATR_14,-0.005691573677455766,True,XLRE,4,target_5d_forward_return_raw,0.001,0.5,0.05896213005921382
z_volume_change,0.00010928138508529721,True,XLRE,4,target_5d_forward_return_raw,0.001,0.5,0.05896213005921382
z_relative_volume,0.0015789311700934847,True,XLRE,4,target_5d_forward_return_raw,0.001,0.5,0.05896213005921382
z_RSI_14,-0.0,False,XLRE,4,target_5d_forward_return_raw,0.001,0.5,0.05896213005921382
z_market_beta_60d,0.0,False,XLRE,4,target_5d_forward_return_raw,0.001,0.5,0.05896213005921382
z_idio_vol_60d,0.0,False,XLRE,4,target_5d_forward_return_raw,0.001,0.5,0.05896213005921382
z_Federal_Funds_Rate,-0.000591671490154231,True,XLRE,4,target_5d_forward_return_raw,0.001,0.5,0.05896213005921382
z_Treasury_10Y,-0.0057528867800741915,True,XLRE,4,target_5d_forward_return_raw,0.001,0.5,0.05896213005921382
z_Yield_Spread_10Y2Y,0.0013494443858710924,True,XLRE,4,target_5d_forward_return_raw,0.001,0.5,0.05896213005921382
z_Breakeven_Inflation_10Y,0.0,False,XLRE,4,target_5d_forward_return_raw,0.001,0.5,0.05896213005921382
z_CPI,0.0012585676229393639,True,XLRE,4,target_5d_forward_return_raw,0.001,0.5,0.05896213005921382
z_Unemployment_Rate,0.0016611177260138885,True,XLRE,4,target_5d_forward_return_raw,0.001,0.5,0.05896213005921382
z_Financial_Conditions_Index,-0.002291317805259597,True,XLRE,4,target_5d_forward_return_raw,0.001,0.5,0.05896213005921382
z_VIX,-0.0012387065332622048,True,XLRE,4,target_5d_forward_return_raw,0.001,0.5,0.05896213005921382
z_rate_sensitivity_beta,-0.0,False,XLRE,4,target_5d_forward_return_raw,0.001,0.5,0.05896213005921382
z_return_5d,-0.0,False,XLU,4,target_5d_forward_return_raw,0.001,1.0,0.05870248862681418
z_return_5d_rel_spy,-0.0,False,XLU,4,target_5d_forward_return_raw,0.001,1.0,0.05870248862681418
z_return_5d_excess_rf,-0.0,False,XLU,4,target_5d_forward_return_raw,0.001,1.0,0.05870248862681418
z_return_20d,-0.0,False,XLU,4,target_5d_forward_return_raw,0.001,1.0,0.05870248862681418
z_return_20d_rel_spy,-0.0,False,XLU,4,target_5d_forward_return_raw,0.001,1.0,0.05870248862681418
z_return_20d_excess_rf,-0.0,False,XLU,4,target_5d_forward_return_raw,0.001,1.0,0.05870248862681418
z_return_60d_rel_spy,-0.0016786259712068823,True,XLU,4,target_5d_forward_return_raw,0.001,1.0,0.05870248862681418
z_price_to_MA20,-0.0007301098271582031,True,XLU,4,target_5d_forward_return_raw,0.001,1.0,0.05870248862681418
z_price_to_MA50,-0.0,False,XLU,4,target_5d_forward_return_raw,0.001,1.0,0.05870248862681418
z_MA20_minus_MA50,-0.0,False,XLU,4,target_5d_forward_return_raw,0.001,1.0,0.05870248862681418
z_volatility_20d,-0.0,False,XLU,4,target_5d_forward_return_raw,0.001,1.0,0.05870248862681418
z_max_drawdown_60d,0.0,False,XLU,4,target_5d_forward_return_raw,0.001,1.0,0.05870248862681418
z_ATR_14,-0.0011172848054484858,True,XLU,4,target_5d_forward_return_raw,0.001,1.0,0.05870248862681418
z_volume_change,-0.0,False,XLU,4,target_5d_forward_return_raw,0.001,1.0,0.05870248862681418
z_relative_volume,-0.00020738821411716383,True,XLU,4,target_5d_forward_return_raw,0.001,1.0,0.05870248862681418
z_RSI_14,-0.0,False,XLU,4,target_5d_forward_return_raw,0.001,1.0,0.05870248862681418
z_market_beta_60d,-0.0,False,XLU,4,target_5d_forward_return_raw,0.001,1.0,0.05870248862681418
z_idio_vol_60d,0.0,False,XLU,4,target_5d_forward_return_raw,0.001,1.0,0.05870248862681418
z_Federal_Funds_Rate,-0.0,False,XLU,4,target_5d_forward_return_raw,0.001,1.0,0.05870248862681418
z_Treasury_10Y,-0.0008921456321283331,True,XLU,4,target_5d_forward_return_raw,0.001,1.0,0.05870248862681418
z_Yield_Spread_10Y2Y,0.0,False,XLU,4,target_5d_forward_return_raw,0.001,1.0,0.05870248862681418
z_Breakeven_Inflation_10Y,-0.0,False,XLU,4,target_5d_forward_return_raw,0.001,1.0,0.05870248862681418
z_CPI,-0.0,False,XLU,4,target_5d_forward_return_raw,0.001,1.0,0.05870248862681418
z_Unemployment_Rate,0.000582249631304587,True,XLU,4,target_5d_forward_return_raw,0.001,1.0,0.05870248862681418
z_Financial_Conditions_Index,-0.0007007651827464451,True,XLU,4,target_5d_forward_return_raw,0.001,1.0,0.05870248862681418
z_VIX,-0.00017299256712904188,True,XLU,4,target_5d_forward_return_raw,0.001,1.0,0.05870248862681418
z_rate_sensitivity_beta,-0.00029560238296389877,True,XLU,4,target_5d_forward_return_raw,0.001,1.0,0.05870248862681418
z_return_5d,-0.0008073241266668541,True,XLV,4,target_5d_forward_return_raw,0.001,0.5,0.08312096400031056
z_return_5d_rel_spy,-1.2082498413173776e-05,True,XLV,4,target_5d_forward_return_raw,0.001,0.5,0.08312096400031056
z_return_5d_excess_rf,-9.395326460867692e-08,True,XLV,4,target_5d_forward_return_raw,0.001,0.5,0.08312096400031056
z_return_20d,0.0005585194896205696,True,XLV,4,target_5d_forward_return_raw,0.001,0.5,0.08312096400031056
z_return_20d_rel_spy,1.652468646053313e-05,True,XLV,4,target_5d_forward_return_raw,0.001,0.5,0.08312096400031056
z_return_20d_excess_rf,1.8538557618486392e-07,True,XLV,4,target_5d_forward_return_raw,0.001,0.5,0.08312096400031056
z_return_60d_rel_spy,-0.0002359518257582786,True,XLV,4,target_5d_forward_return_raw,0.001,0.5,0.08312096400031056
z_price_to_MA20,-0.0,False,XLV,4,target_5d_forward_return_raw,0.001,0.5,0.08312096400031056
z_price_to_MA50,0.003990315680452406,True,XLV,4,target_5d_forward_return_raw,0.001,0.5,0.08312096400031056
z_MA20_minus_MA50,-0.004526020469788366,True,XLV,4,target_5d_forward_return_raw,0.001,0.5,0.08312096400031056
z_volatility_20d,-0.00014076959852616535,True,XLV,4,target_5d_forward_return_raw,0.001,0.5,0.08312096400031056
z_max_drawdown_60d,0.00046252934199853826,True,XLV,4,target_5d_forward_return_raw,0.001,0.5,0.08312096400031056
z_ATR_14,-0.0012177515574303612,True,XLV,4,target_5d_forward_return_raw,0.001,0.5,0.08312096400031056
z_volume_change,-0.0,False,XLV,4,target_5d_forward_return_raw,0.001,0.5,0.08312096400031056
z_relative_volume,-0.000346665659191682,True,XLV,4,target_5d_forward_return_raw,0.001,0.5,0.08312096400031056
z_RSI_14,-0.0012123582246290046,True,XLV,4,target_5d_forward_return_raw,0.001,0.5,0.08312096400031056
z_market_beta_60d,-0.0016452038531277432,True,XLV,4,target_5d_forward_return_raw,0.001,0.5,0.08312096400031056
z_idio_vol_60d,0.0,False,XLV,4,target_5d_forward_return_raw,0.001,0.5,0.08312096400031056
z_Federal_Funds_Rate,-0.00043348753978206386,True,XLV,4,target_5d_forward_return_raw,0.001,0.5,0.08312096400031056
z_Treasury_10Y,-0.0,False,XLV,4,target_5d_forward_return_raw,0.001,0.5,0.08312096400031056
z_Yield_Spread_10Y2Y,0.0014455830953699342,True,XLV,4,target_5d_forward_return_raw,0.001,0.5,0.08312096400031056
z_Breakeven_Inflation_10Y,-0.0,False,XLV,4,target_5d_forward_return_raw,0.001,0.5,0.08312096400031056
z_CPI,-0.0006598999506059587,True,XLV,4,target_5d_forward_return_raw,0.001,0.5,0.08312096400031056
z_Unemployment_Rate,0.0012160580267111382,True,XLV,4,target_5d_forward_return_raw,0.001,0.5,0.08312096400031056
z_Financial_Conditions_Index,-0.0017642986988604713,True,XLV,4,target_5d_forward_return_raw,0.001,0.5,0.08312096400031056
z_VIX,-0.0,False,XLV,4,target_5d_forward_return_raw,0.001,0.5,0.08312096400031056
z_rate_sensitivity_beta,0.0,False,XLV,4,target_5d_forward_return_raw,0.001,0.5,0.08312096400031056
z_return_5d,0.0,False,XLY,4,target_5d_forward_return_raw,0.01,0.1,0.15272136952720203
z_return_5d_rel_spy,0.0,False,XLY,4,target_5d_forward_return_raw,0.01,0.1,0.15272136952720203
z_return_5d_excess_rf,0.0,False,XLY,4,target_5d_forward_return_raw,0.01,0.1,0.15272136952720203
z_return_20d,0.0,False,XLY,4,target_5d_forward_return_raw,0.01,0.1,0.15272136952720203
z_return_20d_rel_spy,0.0,False,XLY,4,target_5d_forward_return_raw,0.01,0.1,0.15272136952720203
z_return_20d_excess_rf,0.0,False,XLY,4,target_5d_forward_return_raw,0.01,0.1,0.15272136952720203
z_return_60d_rel_spy,-0.00015972595251295313,True,XLY,4,target_5d_forward_return_raw,0.01,0.1,0.15272136952720203
z_price_to_MA20,0.0,False,XLY,4,target_5d_forward_return_raw,0.01,0.1,0.15272136952720203
z_price_to_MA50,0.0,False,XLY,4,target_5d_forward_return_raw,0.01,0.1,0.15272136952720203
z_MA20_minus_MA50,-0.0026338518317604934,True,XLY,4,target_5d_forward_return_raw,0.01,0.1,0.15272136952720203
z_volatility_20d,-0.0013379522057037831,True,XLY,4,target_5d_forward_return_raw,0.01,0.1,0.15272136952720203
z_max_drawdown_60d,0.0,False,XLY,4,target_5d_forward_return_raw,0.01,0.1,0.15272136952720203
z_ATR_14,0.0,False,XLY,4,target_5d_forward_return_raw,0.01,0.1,0.15272136952720203
z_volume_change,-0.0,False,XLY,4,target_5d_forward_return_raw,0.01,0.1,0.15272136952720203
z_relative_volume,0.0014302409378521839,True,XLY,4,target_5d_forward_return_raw,0.01,0.1,0.15272136952720203
z_RSI_14,0.0,False,XLY,4,target_5d_forward_return_raw,0.01,0.1,0.15272136952720203
z_market_beta_60d,-0.0,False,XLY,4,target_5d_forward_return_raw,0.01,0.1,0.15272136952720203
z_idio_vol_60d,-0.00048287541670947,True,XLY,4,target_5d_forward_return_raw,0.01,0.1,0.15272136952720203
z_Federal_Funds_Rate,0.0,False,XLY,4,target_5d_forward_return_raw,0.01,0.1,0.15272136952720203
z_Treasury_10Y,-0.0008922991419448357,True,XLY,4,target_5d_forward_return_raw,0.01,0.1,0.15272136952720203
z_Yield_Spread_10Y2Y,0.0,False,XLY,4,target_5d_forward_return_raw,0.01,0.1,0.15272136952720203
z_Breakeven_Inflation_10Y,-0.0,False,XLY,4,target_5d_forward_return_raw,0.01,0.1,0.15272136952720203
z_CPI,-0.0017705941446029693,True,XLY,4,target_5d_forward_return_raw,0.01,0.1,0.15272136952720203
z_Unemployment_Rate,0.0033682679428318875,True,XLY,4,target_5d_forward_return_raw,0.01,0.1,0.15272136952720203
z_Financial_Conditions_Index,-0.000688359859017611,True,XLY,4,target_5d_forward_return_raw,0.01,0.1,0.15272136952720203
z_VIX,-0.00040422245960111116,True,XLY,4,target_5d_forward_return_raw,0.01,0.1,0.15272136952720203
z_rate_sensitivity_beta,-0.0,False,XLY,4,target_5d_forward_return_raw,0.01,0.1,0.15272136952720203
z_return_5d,6.522944482005306e-05,True,XLB,5,target_5d_forward_return_raw,1e-05,0.1,0.1293971223595818
z_return_5d_rel_spy,2.9568136936997415e-07,True,XLB,5,target_5d_forward_return_raw,1e-05,0.1,0.1293971223595818
z_return_5d_excess_rf,2.405268811426355e-10,False,XLB,5,target_5d_forward_return_raw,1e-05,0.1,0.1293971223595818
z_return_20d,0.0007745088673350866,True,XLB,5,target_5d_forward_return_raw,1e-05,0.1,0.1293971223595818
z_return_20d_rel_spy,9.09802627133751e-07,True,XLB,5,target_5d_forward_return_raw,1e-05,0.1,0.1293971223595818
z_return_20d_excess_rf,4.9875845589641e-10,False,XLB,5,target_5d_forward_return_raw,1e-05,0.1,0.1293971223595818
z_return_60d_rel_spy,-0.0013208129316103216,True,XLB,5,target_5d_forward_return_raw,1e-05,0.1,0.1293971223595818
z_price_to_MA20,0.006721926467385885,True,XLB,5,target_5d_forward_return_raw,1e-05,0.1,0.1293971223595818
z_price_to_MA50,-0.004918200684745358,True,XLB,5,target_5d_forward_return_raw,1e-05,0.1,0.1293971223595818
z_MA20_minus_MA50,0.0034822834773571205,True,XLB,5,target_5d_forward_return_raw,1e-05,0.1,0.1293971223595818
z_volatility_20d,0.0027637091292973966,True,XLB,5,target_5d_forward_return_raw,1e-05,0.1,0.1293971223595818
z_max_drawdown_60d,-0.0011833040828889386,True,XLB,5,target_5d_forward_return_raw,1e-05,0.1,0.1293971223595818
z_ATR_14,0.000701739087142281,True,XLB,5,target_5d_forward_return_raw,1e-05,0.1,0.1293971223595818
z_volume_change,0.0003115986338970328,True,XLB,5,target_5d_forward_return_raw,1e-05,0.1,0.1293971223595818
z_relative_volume,0.0001153090056249472,True,XLB,5,target_5d_forward_return_raw,1e-05,0.1,0.1293971223595818
z_RSI_14,-0.005530962993691348,True,XLB,5,target_5d_forward_return_raw,1e-05,0.1,0.1293971223595818
z_market_beta_60d,0.000695215879330263,True,XLB,5,target_5d_forward_return_raw,1e-05,0.1,0.1293971223595818
z_idio_vol_60d,-0.0026180291136515595,True,XLB,5,target_5d_forward_return_raw,1e-05,0.1,0.1293971223595818
z_Federal_Funds_Rate,0.000254015618379152,True,XLB,5,target_5d_forward_return_raw,1e-05,0.1,0.1293971223595818
z_Treasury_10Y,-0.0023975897231518803,True,XLB,5,target_5d_forward_return_raw,1e-05,0.1,0.1293971223595818
z_Yield_Spread_10Y2Y,0.0015964264415423333,True,XLB,5,target_5d_forward_return_raw,1e-05,0.1,0.1293971223595818
z_Breakeven_Inflation_10Y,-0.0005647802399354974,True,XLB,5,target_5d_forward_return_raw,1e-05,0.1,0.1293971223595818
z_CPI,-0.0022023300839766266,True,XLB,5,target_5d_forward_return_raw,1e-05,0.1,0.1293971223595818
z_Unemployment_Rate,0.0028898622624660606,True,XLB,5,target_5d_forward_return_raw,1e-05,0.1,0.1293971223595818
z_Financial_Conditions_Index,-0.002389881461636358,True,XLB,5,target_5d_forward_return_raw,1e-05,0.1,0.1293971223595818
z_VIX,-0.001073558492403629,True,XLB,5,target_5d_forward_return_raw,1e-05,0.1,0.1293971223595818
z_rate_sensitivity_beta,-0.0034963984487803622,True,XLB,5,target_5d_forward_return_raw,1e-05,0.1,0.1293971223595818
z_return_5d,-0.0028615616371741007,True,XLC,5,target_5d_forward_return_raw,1e-05,1.0,0.09068531261046914
z_return_5d_rel_spy,-1.9931087144406198e-17,False,XLC,5,target_5d_forward_return_raw,1e-05,1.0,0.09068531261046914
z_return_5d_excess_rf,-2.703459745023795e-17,False,XLC,5,target_5d_forward_return_raw,1e-05,1.0,0.09068531261046914
z_return_20d,-0.00430049918637375,True,XLC,5,target_5d_forward_return_raw,1e-05,1.0,0.09068531261046914
z_return_20d_rel_spy,-1.4482075865512084e-17,False,XLC,5,target_5d_forward_return_raw,1e-05,1.0,0.09068531261046914
z_return_20d_excess_rf,-5.834505384666739e-20,False,XLC,5,target_5d_forward_return_raw,1e-05,1.0,0.09068531261046914
z_return_60d_rel_spy,0.0005542272232158425,True,XLC,5,target_5d_forward_return_raw,1e-05,1.0,0.09068531261046914
z_price_to_MA20,-0.0009214366699909362,True,XLC,5,target_5d_forward_return_raw,1e-05,1.0,0.09068531261046914
z_price_to_MA50,0.004933619378458776,True,XLC,5,target_5d_forward_return_raw,1e-05,1.0,0.09068531261046914
z_MA20_minus_MA50,-0.001665809695248897,True,XLC,5,target_5d_forward_return_raw,1e-05,1.0,0.09068531261046914
z_volatility_20d,-0.004177284356059163,True,XLC,5,target_5d_forward_return_raw,1e-05,1.0,0.09068531261046914
z_max_drawdown_60d,-0.0003972728577931563,True,XLC,5,target_5d_forward_return_raw,1e-05,1.0,0.09068531261046914
z_ATR_14,0.001298334624960393,True,XLC,5,target_5d_forward_return_raw,1e-05,1.0,0.09068531261046914
z_volume_change,-0.00035576409274708557,True,XLC,5,target_5d_forward_return_raw,1e-05,1.0,0.09068531261046914
z_relative_volume,0.0004965149314035609,True,XLC,5,target_5d_forward_return_raw,1e-05,1.0,0.09068531261046914
z_RSI_14,-0.0005235566816033351,True,XLC,5,target_5d_forward_return_raw,1e-05,1.0,0.09068531261046914
z_market_beta_60d,0.0014593858559035586,True,XLC,5,target_5d_forward_return_raw,1e-05,1.0,0.09068531261046914
z_idio_vol_60d,0.000997970881863574,True,XLC,5,target_5d_forward_return_raw,1e-05,1.0,0.09068531261046914
z_Federal_Funds_Rate,0.004529935532358456,True,XLC,5,target_5d_forward_return_raw,1e-05,1.0,0.09068531261046914
z_Treasury_10Y,-0.0013967331813087933,True,XLC,5,target_5d_forward_return_raw,1e-05,1.0,0.09068531261046914
z_Yield_Spread_10Y2Y,0.002604418058080497,True,XLC,5,target_5d_forward_return_raw,1e-05,1.0,0.09068531261046914
z_Breakeven_Inflation_10Y,-0.0019234893555889134,True,XLC,5,target_5d_forward_return_raw,1e-05,1.0,0.09068531261046914
z_CPI,-0.001799791699518621,True,XLC,5,target_5d_forward_return_raw,1e-05,1.0,0.09068531261046914
z_Unemployment_Rate,0.003290820130317265,True,XLC,5,target_5d_forward_return_raw,1e-05,1.0,0.09068531261046914
z_Financial_Conditions_Index,-0.001084014111756938,True,XLC,5,target_5d_forward_return_raw,1e-05,1.0,0.09068531261046914
z_VIX,-0.0010133104123666433,True,XLC,5,target_5d_forward_return_raw,1e-05,1.0,0.09068531261046914
z_rate_sensitivity_beta,-0.001431865019531789,True,XLC,5,target_5d_forward_return_raw,1e-05,1.0,0.09068531261046914
z_return_5d,-0.0,False,XLE,5,target_5d_forward_return_raw,0.001,0.9,0.09357190897718025
z_return_5d_rel_spy,-0.0,False,XLE,5,target_5d_forward_return_raw,0.001,0.9,0.09357190897718025
z_return_5d_excess_rf,-0.0,False,XLE,5,target_5d_forward_return_raw,0.001,0.9,0.09357190897718025
z_return_20d,-0.0,False,XLE,5,target_5d_forward_return_raw,0.001,0.9,0.09357190897718025
z_return_20d_rel_spy,-0.0,False,XLE,5,target_5d_forward_return_raw,0.001,0.9,0.09357190897718025
z_return_20d_excess_rf,-0.0,False,XLE,5,target_5d_forward_return_raw,0.001,0.9,0.09357190897718025
z_return_60d_rel_spy,-0.004066787381384212,True,XLE,5,target_5d_forward_return_raw,0.001,0.9,0.09357190897718025
z_price_to_MA20,-0.0,False,XLE,5,target_5d_forward_return_raw,0.001,0.9,0.09357190897718025
z_price_to_MA50,-0.0001244631399842702,True,XLE,5,target_5d_forward_return_raw,0.001,0.9,0.09357190897718025
z_MA20_minus_MA50,0.002915024575091227,True,XLE,5,target_5d_forward_return_raw,0.001,0.9,0.09357190897718025
z_volatility_20d,0.005119834766142981,True,XLE,5,target_5d_forward_return_raw,0.001,0.9,0.09357190897718025
z_max_drawdown_60d,0.0,False,XLE,5,target_5d_forward_return_raw,0.001,0.9,0.09357190897718025
z_ATR_14,-0.006235929452309651,True,XLE,5,target_5d_forward_return_raw,0.001,0.9,0.09357190897718025
z_volume_change,-0.0009198693851368024,True,XLE,5,target_5d_forward_return_raw,0.001,0.9,0.09357190897718025
z_relative_volume,-0.0,False,XLE,5,target_5d_forward_return_raw,0.001,0.9,0.09357190897718025
z_RSI_14,0.0025862580376344174,True,XLE,5,target_5d_forward_return_raw,0.001,0.9,0.09357190897718025
z_market_beta_60d,0.0,False,XLE,5,target_5d_forward_return_raw,0.001,0.9,0.09357190897718025
z_idio_vol_60d,0.002713856397802855,True,XLE,5,target_5d_forward_return_raw,0.001,0.9,0.09357190897718025
z_Federal_Funds_Rate,0.0033040342440999425,True,XLE,5,target_5d_forward_return_raw,0.001,0.9,0.09357190897718025
z_Treasury_10Y,0.00143006439299491,True,XLE,5,target_5d_forward_return_raw,0.001,0.9,0.09357190897718025
z_Yield_Spread_10Y2Y,-0.0,False,XLE,5,target_5d_forward_return_raw,0.001,0.9,0.09357190897718025
z_Breakeven_Inflation_10Y,-0.0008080662710094287,True,XLE,5,target_5d_forward_return_raw,0.001,0.9,0.09357190897718025
z_CPI,0.0,False,XLE,5,target_5d_forward_return_raw,0.001,0.9,0.09357190897718025
z_Unemployment_Rate,0.0023842142771461705,True,XLE,5,target_5d_forward_return_raw,0.001,0.9,0.09357190897718025
z_Financial_Conditions_Index,-0.003184959390491066,True,XLE,5,target_5d_forward_return_raw,0.001,0.9,0.09357190897718025
z_VIX,-0.0006461367944551885,True,XLE,5,target_5d_forward_return_raw,0.001,0.9,0.09357190897718025
z_rate_sensitivity_beta,-0.006178310614764231,True,XLE,5,target_5d_forward_return_raw,0.001,0.9,0.09357190897718025
z_return_5d,0.001403786358541519,True,XLF,5,target_5d_forward_return_raw,0.001,0.5,0.10422194685936897
z_return_5d_rel_spy,0.0008864504674798682,True,XLF,5,target_5d_forward_return_raw,0.001,0.5,0.10422194685936897
z_return_5d_excess_rf,0.00028776681933626166,True,XLF,5,target_5d_forward_return_raw,0.001,0.5,0.10422194685936897
z_return_20d,-0.0004636586916898042,True,XLF,5,target_5d_forward_return_raw,0.001,0.5,0.10422194685936897
z_return_20d_rel_spy,-0.0002958589913246981,True,XLF,5,target_5d_forward_return_raw,0.001,0.5,0.10422194685936897
z_return_20d_excess_rf,-9.711607493091195e-05,True,XLF,5,target_5d_forward_return_raw,0.001,0.5,0.10422194685936897
z_return_60d_rel_spy,0.0005498827000582646,True,XLF,5,target_5d_forward_return_raw,0.001,0.5,0.10422194685936897
z_price_to_MA20,-0.0,False,XLF,5,target_5d_forward_return_raw,0.001,0.5,0.10422194685936897
z_price_to_MA50,-0.004204052891877296,True,XLF,5,target_5d_forward_return_raw,0.001,0.5,0.10422194685936897
z_MA20_minus_MA50,0.004021426669013066,True,XLF,5,target_5d_forward_return_raw,0.001,0.5,0.10422194685936897
z_volatility_20d,0.0024717686590849494,True,XLF,5,target_5d_forward_return_raw,0.001,0.5,0.10422194685936897
z_max_drawdown_60d,-0.0006705837333292213,True,XLF,5,target_5d_forward_return_raw,0.001,0.5,0.10422194685936897
z_ATR_14,-0.004063842385282766,True,XLF,5,target_5d_forward_return_raw,0.001,0.5,0.10422194685936897
z_volume_change,0.0010628606173484051,True,XLF,5,target_5d_forward_return_raw,0.001,0.5,0.10422194685936897
z_relative_volume,-0.003854827196966736,True,XLF,5,target_5d_forward_return_raw,0.001,0.5,0.10422194685936897
z_RSI_14,-0.0,False,XLF,5,target_5d_forward_return_raw,0.001,0.5,0.10422194685936897
z_market_beta_60d,0.00012987662166035968,True,XLF,5,target_5d_forward_return_raw,0.001,0.5,0.10422194685936897
z_idio_vol_60d,-1.9091872638575723e-05,True,XLF,5,target_5d_forward_return_raw,0.001,0.5,0.10422194685936897
z_Federal_Funds_Rate,-0.0,False,XLF,5,target_5d_forward_return_raw,0.001,0.5,0.10422194685936897
z_Treasury_10Y,-0.0,False,XLF,5,target_5d_forward_return_raw,0.001,0.5,0.10422194685936897
z_Yield_Spread_10Y2Y,0.0014398614021487197,True,XLF,5,target_5d_forward_return_raw,0.001,0.5,0.10422194685936897
z_Breakeven_Inflation_10Y,-0.0014340797384733697,True,XLF,5,target_5d_forward_return_raw,0.001,0.5,0.10422194685936897
z_CPI,-0.001819433150828558,True,XLF,5,target_5d_forward_return_raw,0.001,0.5,0.10422194685936897
z_Unemployment_Rate,0.0013960908263895122,True,XLF,5,target_5d_forward_return_raw,0.001,0.5,0.10422194685936897
z_Financial_Conditions_Index,-0.0055849920438876535,True,XLF,5,target_5d_forward_return_raw,0.001,0.5,0.10422194685936897
z_VIX,-0.0009499197428520887,True,XLF,5,target_5d_forward_return_raw,0.001,0.5,0.10422194685936897
z_rate_sensitivity_beta,-0.0025031790054500973,True,XLF,5,target_5d_forward_return_raw,0.001,0.5,0.10422194685936897
z_return_5d,0.0,False,XLI,5,target_5d_forward_return_raw,0.01,0.3,0.045786528893340846
z_return_5d_rel_spy,0.0,False,XLI,5,target_5d_forward_return_raw,0.01,0.3,0.045786528893340846
z_return_5d_excess_rf,0.0,False,XLI,5,target_5d_forward_return_raw,0.01,0.3,0.045786528893340846
z_return_20d,0.0,False,XLI,5,target_5d_forward_return_raw,0.01,0.3,0.045786528893340846
z_return_20d_rel_spy,0.0,False,XLI,5,target_5d_forward_return_raw,0.01,0.3,0.045786528893340846
z_return_20d_excess_rf,0.0,False,XLI,5,target_5d_forward_return_raw,0.01,0.3,0.045786528893340846
z_return_60d_rel_spy,0.0,False,XLI,5,target_5d_forward_return_raw,0.01,0.3,0.045786528893340846
z_price_to_MA20,0.0,False,XLI,5,target_5d_forward_return_raw,0.01,0.3,0.045786528893340846
z_price_to_MA50,0.0,False,XLI,5,target_5d_forward_return_raw,0.01,0.3,0.045786528893340846
z_MA20_minus_MA50,-0.0,False,XLI,5,target_5d_forward_return_raw,0.01,0.3,0.045786528893340846
z_volatility_20d,0.0,False,XLI,5,target_5d_forward_return_raw,0.01,0.3,0.045786528893340846
z_max_drawdown_60d,-0.0,False,XLI,5,target_5d_forward_return_raw,0.01,0.3,0.045786528893340846
z_ATR_14,-0.0,False,XLI,5,target_5d_forward_return_raw,0.01,0.3,0.045786528893340846
z_volume_change,0.0,False,XLI,5,target_5d_forward_return_raw,0.01,0.3,0.045786528893340846
z_relative_volume,0.0,False,XLI,5,target_5d_forward_return_raw,0.01,0.3,0.045786528893340846
z_RSI_14,0.0,False,XLI,5,target_5d_forward_return_raw,0.01,0.3,0.045786528893340846
z_market_beta_60d,-0.0,False,XLI,5,target_5d_forward_return_raw,0.01,0.3,0.045786528893340846
z_idio_vol_60d,-0.0,False,XLI,5,target_5d_forward_return_raw,0.01,0.3,0.045786528893340846
z_Federal_Funds_Rate,-0.0,False,XLI,5,target_5d_forward_return_raw,0.01,0.3,0.045786528893340846
z_Treasury_10Y,-0.0,False,XLI,5,target_5d_forward_return_raw,0.01,0.3,0.045786528893340846
z_Yield_Spread_10Y2Y,0.0,False,XLI,5,target_5d_forward_return_raw,0.01,0.3,0.045786528893340846
z_Breakeven_Inflation_10Y,-0.0,False,XLI,5,target_5d_forward_return_raw,0.01,0.3,0.045786528893340846
z_CPI,-0.0005168690846678633,True,XLI,5,target_5d_forward_return_raw,0.01,0.3,0.045786528893340846
z_Unemployment_Rate,6.937766494025889e-06,True,XLI,5,target_5d_forward_return_raw,0.01,0.3,0.045786528893340846
z_Financial_Conditions_Index,-0.0,False,XLI,5,target_5d_forward_return_raw,0.01,0.3,0.045786528893340846
z_VIX,-0.0,False,XLI,5,target_5d_forward_return_raw,0.01,0.3,0.045786528893340846
z_rate_sensitivity_beta,0.0,False,XLI,5,target_5d_forward_return_raw,0.01,0.3,0.045786528893340846
z_return_5d,0.00020841096353379148,True,XLK,5,target_5d_forward_return_raw,1e-05,0.1,0.06488268099286197
z_return_5d_rel_spy,1.1992763048404364e-07,True,XLK,5,target_5d_forward_return_raw,1e-05,0.1,0.06488268099286197
z_return_5d_excess_rf,3.493850003258665e-11,False,XLK,5,target_5d_forward_return_raw,1e-05,0.1,0.06488268099286197
z_return_20d,-0.0007238683939764134,True,XLK,5,target_5d_forward_return_raw,1e-05,0.1,0.06488268099286197
z_return_20d_rel_spy,-8.90694759641636e-07,True,XLK,5,target_5d_forward_return_raw,1e-05,0.1,0.06488268099286197
z_return_20d_excess_rf,-4.713160462990587e-10,False,XLK,5,target_5d_forward_return_raw,1e-05,0.1,0.06488268099286197
z_return_60d_rel_spy,-0.005472610386718019,True,XLK,5,target_5d_forward_return_raw,1e-05,0.1,0.06488268099286197
z_price_to_MA20,-0.012935474843471625,True,XLK,5,target_5d_forward_return_raw,1e-05,0.1,0.06488268099286197
z_price_to_MA50,0.017107134327929912,True,XLK,5,target_5d_forward_return_raw,1e-05,0.1,0.06488268099286197
z_MA20_minus_MA50,-0.00927042649602368,True,XLK,5,target_5d_forward_return_raw,1e-05,0.1,0.06488268099286197
z_volatility_20d,-0.0011770949617025794,True,XLK,5,target_5d_forward_return_raw,1e-05,0.1,0.06488268099286197
z_max_drawdown_60d,-8.09991334077881e-05,True,XLK,5,target_5d_forward_return_raw,1e-05,0.1,0.06488268099286197
z_ATR_14,0.004698018465900322,True,XLK,5,target_5d_forward_return_raw,1e-05,0.1,0.06488268099286197
z_volume_change,-0.0002805757998340141,True,XLK,5,target_5d_forward_return_raw,1e-05,0.1,0.06488268099286197
z_relative_volume,-0.000996297122881221,True,XLK,5,target_5d_forward_return_raw,1e-05,0.1,0.06488268099286197
z_RSI_14,0.001990688468365191,True,XLK,5,target_5d_forward_return_raw,1e-05,0.1,0.06488268099286197
z_market_beta_60d,-0.0027181444233323037,True,XLK,5,target_5d_forward_return_raw,1e-05,0.1,0.06488268099286197
z_idio_vol_60d,-0.002504169795455258,True,XLK,5,target_5d_forward_return_raw,1e-05,0.1,0.06488268099286197
z_Federal_Funds_Rate,0.00437684437060591,True,XLK,5,target_5d_forward_return_raw,1e-05,0.1,0.06488268099286197
z_Treasury_10Y,-0.0036254253648566005,True,XLK,5,target_5d_forward_return_raw,1e-05,0.1,0.06488268099286197
z_Yield_Spread_10Y2Y,0.0015747696541081838,True,XLK,5,target_5d_forward_return_raw,1e-05,0.1,0.06488268099286197
z_Breakeven_Inflation_10Y,-0.0028537301987325574,True,XLK,5,target_5d_forward_return_raw,1e-05,0.1,0.06488268099286197
z_CPI,-0.0008358821227157403,True,XLK,5,target_5d_forward_return_raw,1e-05,0.1,0.06488268099286197
z_Unemployment_Rate,0.0031534873531484115,True,XLK,5,target_5d_forward_return_raw,1e-05,0.1,0.06488268099286197
z_Financial_Conditions_Index,-0.0023964761928572764,True,XLK,5,target_5d_forward_return_raw,1e-05,0.1,0.06488268099286197
z_VIX,-0.0004017359661089446,True,XLK,5,target_5d_forward_return_raw,1e-05,0.1,0.06488268099286197
z_rate_sensitivity_beta,-0.0020202221505287686,True,XLK,5,target_5d_forward_return_raw,1e-05,0.1,0.06488268099286197
z_return_5d,-0.0028245327480339766,True,XLP,5,target_5d_forward_return_raw,1e-05,0.7,0.14446400232276171
z_return_5d_rel_spy,-6.274366701392882e-07,True,XLP,5,target_5d_forward_return_raw,1e-05,0.7,0.14446400232276171
z_return_5d_excess_rf,-6.947131866458494e-11,False,XLP,5,target_5d_forward_return_raw,1e-05,0.7,0.14446400232276171
z_return_20d,-0.0009207254991712011,True,XLP,5,target_5d_forward_return_raw,1e-05,0.7,0.14446400232276171
z_return_20d_rel_spy,-1.856683722997957e-07,True,XLP,5,target_5d_forward_return_raw,1e-05,0.7,0.14446400232276171
z_return_20d_excess_rf,-1.823921273296148e-11,False,XLP,5,target_5d_forward_return_raw,1e-05,0.7,0.14446400232276171
z_return_60d_rel_spy,-0.0008790839211314777,True,XLP,5,target_5d_forward_return_raw,1e-05,0.7,0.14446400232276171
z_price_to_MA20,-0.0015221817799272964,True,XLP,5,target_5d_forward_return_raw,1e-05,0.7,0.14446400232276171
z_price_to_MA50,0.006589672069154475,True,XLP,5,target_5d_forward_return_raw,1e-05,0.7,0.14446400232276171
z_MA20_minus_MA50,-0.0037881858204246006,True,XLP,5,target_5d_forward_return_raw,1e-05,0.7,0.14446400232276171
z_volatility_20d,-0.0015785507297416475,True,XLP,5,target_5d_forward_return_raw,1e-05,0.7,0.14446400232276171
z_max_drawdown_60d,0.0015424704332141718,True,XLP,5,target_5d_forward_return_raw,1e-05,0.7,0.14446400232276171
z_ATR_14,-0.0018832825869955843,True,XLP,5,target_5d_forward_return_raw,1e-05,0.7,0.14446400232276171
z_volume_change,-0.0005477052287386872,True,XLP,5,target_5d_forward_return_raw,1e-05,0.7,0.14446400232276171
z_relative_volume,0.0007265208080431555,True,XLP,5,target_5d_forward_return_raw,1e-05,0.7,0.14446400232276171
z_RSI_14,-0.0012825699249264313,True,XLP,5,target_5d_forward_return_raw,1e-05,0.7,0.14446400232276171
z_market_beta_60d,-0.0022322027353644473,True,XLP,5,target_5d_forward_return_raw,1e-05,0.7,0.14446400232276171
z_idio_vol_60d,0.002710451638682115,True,XLP,5,target_5d_forward_return_raw,1e-05,0.7,0.14446400232276171
z_Federal_Funds_Rate,0.0009460317050837821,True,XLP,5,target_5d_forward_return_raw,1e-05,0.7,0.14446400232276171
z_Treasury_10Y,-0.002867310841032359,True,XLP,5,target_5d_forward_return_raw,1e-05,0.7,0.14446400232276171
z_Yield_Spread_10Y2Y,0.000525908911780827,True,XLP,5,target_5d_forward_return_raw,1e-05,0.7,0.14446400232276171
z_Breakeven_Inflation_10Y,0.0008142609566747855,True,XLP,5,target_5d_forward_return_raw,1e-05,0.7,0.14446400232276171
z_CPI,-0.0012915680474934088,True,XLP,5,target_5d_forward_return_raw,1e-05,0.7,0.14446400232276171
z_Unemployment_Rate,0.0006474989017690923,True,XLP,5,target_5d_forward_return_raw,1e-05,0.7,0.14446400232276171
z_Financial_Conditions_Index,-0.0036611712017088705,True,XLP,5,target_5d_forward_return_raw,1e-05,0.7,0.14446400232276171
z_VIX,0.0016484276603325899,True,XLP,5,target_5d_forward_return_raw,1e-05,0.7,0.14446400232276171
z_rate_sensitivity_beta,0.002746249586269564,True,XLP,5,target_5d_forward_return_raw,1e-05,0.7,0.14446400232276171
z_return_5d,-6.64715712184445e-05,True,XLRE,5,target_5d_forward_return_raw,1e-05,0.1,0.04827025100589358
z_return_5d_rel_spy,-4.4418888193195e-08,True,XLRE,5,target_5d_forward_return_raw,1e-05,0.1,0.04827025100589358
z_return_5d_excess_rf,-1.4824381740381248e-11,False,XLRE,5,target_5d_forward_return_raw,1e-05,0.1,0.04827025100589358
z_return_20d,-0.003425705295135283,True,XLRE,5,target_5d_forward_return_raw,1e-05,0.1,0.04827025100589358
z_return_20d_rel_spy,-3.338105745018423e-06,True,XLRE,5,target_5d_forward_return_raw,1e-05,0.1,0.04827025100589358
z_return_20d_excess_rf,-1.6455123962548496e-09,False,XLRE,5,target_5d_forward_return_raw,1e-05,0.1,0.04827025100589358
z_return_60d_rel_spy,0.0014169648601787105,True,XLRE,5,target_5d_forward_return_raw,1e-05,0.1,0.04827025100589358
z_price_to_MA20,0.0005971729605251194,True,XLRE,5,target_5d_forward_return_raw,1e-05,0.1,0.04827025100589358
z_price_to_MA50,-0.0012154324601898103,True,XLRE,5,target_5d_forward_return_raw,1e-05,0.1,0.04827025100589358
z_MA20_minus_MA50,0.002814708750191136,True,XLRE,5,target_5d_forward_return_raw,1e-05,0.1,0.04827025100589358
z_volatility_20d,-0.0019990288878575456,True,XLRE,5,target_5d_forward_return_raw,1e-05,0.1,0.04827025100589358
z_max_drawdown_60d,-0.005828150573882043,True,XLRE,5,target_5d_forward_return_raw,1e-05,0.1,0.04827025100589358
z_ATR_14,-0.008835761324286278,True,XLRE,5,target_5d_forward_return_raw,1e-05,0.1,0.04827025100589358
z_volume_change,0.00023919858525969244,True,XLRE,5,target_5d_forward_return_raw,1e-05,0.1,0.04827025100589358
z_relative_volume,0.0013654984718291462,True,XLRE,5,target_5d_forward_return_raw,1e-05,0.1,0.04827025100589358
z_RSI_14,-1.173780599677417e-06,True,XLRE,5,target_5d_forward_return_raw,1e-05,0.1,0.04827025100589358
z_market_beta_60d,0.0010851220957949286,True,XLRE,5,target_5d_forward_return_raw,1e-05,0.1,0.04827025100589358
z_idio_vol_60d,-0.00209065398001531,True,XLRE,5,target_5d_forward_return_raw,1e-05,0.1,0.04827025100589358
z_Federal_Funds_Rate,-0.00042470615952756294,True,XLRE,5,target_5d_forward_return_raw,1e-05,0.1,0.04827025100589358
z_Treasury_10Y,-0.010173992003193561,True,XLRE,5,target_5d_forward_return_raw,1e-05,0.1,0.04827025100589358
z_Yield_Spread_10Y2Y,0.0014966115925546034,True,XLRE,5,target_5d_forward_return_raw,1e-05,0.1,0.04827025100589358
z_Breakeven_Inflation_10Y,-0.0011051595864726986,True,XLRE,5,target_5d_forward_return_raw,1e-05,0.1,0.04827025100589358
z_CPI,0.0030505345903419044,True,XLRE,5,target_5d_forward_return_raw,1e-05,0.1,0.04827025100589358
z_Unemployment_Rate,0.0019100088685935737,True,XLRE,5,target_5d_forward_return_raw,1e-05,0.1,0.04827025100589358
z_Financial_Conditions_Index,-0.003440026389264387,True,XLRE,5,target_5d_forward_return_raw,1e-05,0.1,0.04827025100589358
z_VIX,-0.0020350653253141658,True,XLRE,5,target_5d_forward_return_raw,1e-05,0.1,0.04827025100589358
z_rate_sensitivity_beta,-0.000474248016989631,True,XLRE,5,target_5d_forward_return_raw,1e-05,0.1,0.04827025100589358
z_return_5d,-0.00019214902610747007,True,XLU,5,target_5d_forward_return_raw,0.001,0.7,0.0971488907836819
z_return_5d_rel_spy,-1.2553753210250055e-06,True,XLU,5,target_5d_forward_return_raw,0.001,0.7,0.0971488907836819
z_return_5d_excess_rf,-3.61864279792566e-09,False,XLU,5,target_5d_forward_return_raw,0.001,0.7,0.0971488907836819
z_return_20d,-0.0,False,XLU,5,target_5d_forward_return_raw,0.001,0.7,0.0971488907836819
z_return_20d_rel_spy,-0.0,False,XLU,5,target_5d_forward_return_raw,0.001,0.7,0.0971488907836819
z_return_20d_excess_rf,-0.0,False,XLU,5,target_5d_forward_return_raw,0.001,0.7,0.0971488907836819
z_return_60d_rel_spy,-0.001410306071628251,True,XLU,5,target_5d_forward_return_raw,0.001,0.7,0.0971488907836819
z_price_to_MA20,-0.000550791346395927,True,XLU,5,target_5d_forward_return_raw,0.001,0.7,0.0971488907836819
z_price_to_MA50,-0.0,False,XLU,5,target_5d_forward_return_raw,0.001,0.7,0.0971488907836819
z_MA20_minus_MA50,0.0,False,XLU,5,target_5d_forward_return_raw,0.001,0.7,0.0971488907836819
z_volatility_20d,-0.0008502769186652241,True,XLU,5,target_5d_forward_return_raw,0.001,0.7,0.0971488907836819
z_max_drawdown_60d,-0.0,False,XLU,5,target_5d_forward_return_raw,0.001,0.7,0.0971488907836819
z_ATR_14,-0.002974377003008933,True,XLU,5,target_5d_forward_return_raw,0.001,0.7,0.0971488907836819
z_volume_change,-0.0,False,XLU,5,target_5d_forward_return_raw,0.001,0.7,0.0971488907836819
z_relative_volume,-0.0,False,XLU,5,target_5d_forward_return_raw,0.001,0.7,0.0971488907836819
z_RSI_14,0.0,False,XLU,5,target_5d_forward_return_raw,0.001,0.7,0.0971488907836819
z_market_beta_60d,-0.0,False,XLU,5,target_5d_forward_return_raw,0.001,0.7,0.0971488907836819
z_idio_vol_60d,0.00022880256655176013,True,XLU,5,target_5d_forward_return_raw,0.001,0.7,0.0971488907836819
z_Federal_Funds_Rate,-0.0001275648834791749,True,XLU,5,target_5d_forward_return_raw,0.001,0.7,0.0971488907836819
z_Treasury_10Y,-0.0008774289109733437,True,XLU,5,target_5d_forward_return_raw,0.001,0.7,0.0971488907836819
z_Yield_Spread_10Y2Y,0.0,False,XLU,5,target_5d_forward_return_raw,0.001,0.7,0.0971488907836819
z_Breakeven_Inflation_10Y,-0.0,False,XLU,5,target_5d_forward_return_raw,0.001,0.7,0.0971488907836819
z_CPI,-0.0,False,XLU,5,target_5d_forward_return_raw,0.001,0.7,0.0971488907836819
z_Unemployment_Rate,0.0009787913908742712,True,XLU,5,target_5d_forward_return_raw,0.001,0.7,0.0971488907836819
z_Financial_Conditions_Index,-0.0007152383621789275,True,XLU,5,target_5d_forward_return_raw,0.001,0.7,0.0971488907836819
z_VIX,-0.0,False,XLU,5,target_5d_forward_return_raw,0.001,0.7,0.0971488907836819
z_rate_sensitivity_beta,-0.0003452732167502737,True,XLU,5,target_5d_forward_return_raw,0.001,0.7,0.0971488907836819
z_return_5d,-0.0008247901037726599,True,XLV,5,target_5d_forward_return_raw,1e-05,0.1,0.13216894673622595
z_return_5d_rel_spy,-9.227618233145986e-07,True,XLV,5,target_5d_forward_return_raw,1e-05,0.1,0.13216894673622595
z_return_5d_excess_rf,-5.012754337035387e-10,False,XLV,5,target_5d_forward_return_raw,1e-05,0.1,0.13216894673622595
z_return_20d,0.0033518902285939235,True,XLV,5,target_5d_forward_return_raw,1e-05,0.1,0.13216894673622595
z_return_20d_rel_spy,3.391395008962261e-06,True,XLV,5,target_5d_forward_return_raw,1e-05,0.1,0.13216894673622595
z_return_20d_excess_rf,1.7445642774276406e-09,False,XLV,5,target_5d_forward_return_raw,1e-05,0.1,0.13216894673622595
z_return_60d_rel_spy,-0.001696444036126222,True,XLV,5,target_5d_forward_return_raw,1e-05,0.1,0.13216894673622595
z_price_to_MA20,-0.004216897487502543,True,XLV,5,target_5d_forward_return_raw,1e-05,0.1,0.13216894673622595
z_price_to_MA50,0.00836772626604539,True,XLV,5,target_5d_forward_return_raw,1e-05,0.1,0.13216894673622595
z_MA20_minus_MA50,-0.006392451975923819,True,XLV,5,target_5d_forward_return_raw,1e-05,0.1,0.13216894673622595
z_volatility_20d,-0.00013993649783826276,True,XLV,5,target_5d_forward_return_raw,1e-05,0.1,0.13216894673622595
z_max_drawdown_60d,0.0010991102271344921,True,XLV,5,target_5d_forward_return_raw,1e-05,0.1,0.13216894673622595
z_ATR_14,-0.0015839260631812014,True,XLV,5,target_5d_forward_return_raw,1e-05,0.1,0.13216894673622595
z_volume_change,-1.7557200518859554e-05,True,XLV,5,target_5d_forward_return_raw,1e-05,0.1,0.13216894673622595
z_relative_volume,-0.0008510059745446916,True,XLV,5,target_5d_forward_return_raw,1e-05,0.1,0.13216894673622595
z_RSI_14,-0.0026689422482462804,True,XLV,5,target_5d_forward_return_raw,1e-05,0.1,0.13216894673622595
z_market_beta_60d,-0.003618319460974252,True,XLV,5,target_5d_forward_return_raw,1e-05,0.1,0.13216894673622595
z_idio_vol_60d,0.00045983478501689513,True,XLV,5,target_5d_forward_return_raw,1e-05,0.1,0.13216894673622595
z_Federal_Funds_Rate,-0.0013654139953500658,True,XLV,5,target_5d_forward_return_raw,1e-05,0.1,0.13216894673622595
z_Treasury_10Y,0.0012006798785318927,True,XLV,5,target_5d_forward_return_raw,1e-05,0.1,0.13216894673622595
z_Yield_Spread_10Y2Y,0.0017605260680364871,True,XLV,5,target_5d_forward_return_raw,1e-05,0.1,0.13216894673622595
z_Breakeven_Inflation_10Y,-0.0030436735937461466,True,XLV,5,target_5d_forward_return_raw,1e-05,0.1,0.13216894673622595
z_CPI,-0.00016199337728838495,True,XLV,5,target_5d_forward_return_raw,1e-05,0.1,0.13216894673622595
z_Unemployment_Rate,0.001365695330075375,True,XLV,5,target_5d_forward_return_raw,1e-05,0.1,0.13216894673622595
z_Financial_Conditions_Index,-0.0038663117406152084,True,XLV,5,target_5d_forward_return_raw,1e-05,0.1,0.13216894673622595
z_VIX,-0.0006892316383227721,True,XLV,5,target_5d_forward_return_raw,1e-05,0.1,0.13216894673622595
z_rate_sensitivity_beta,0.0007236933790142923,True,XLV,5,target_5d_forward_return_raw,1e-05,0.1,0.13216894673622595
z_return_5d,0.0,False,XLY,5,target_5d_forward_return_raw,0.001,1.0,0.12426757776146735
z_return_5d_rel_spy,0.0,False,XLY,5,target_5d_forward_return_raw,0.001,1.0,0.12426757776146735
z_return_5d_excess_rf,0.0,False,XLY,5,target_5d_forward_return_raw,0.001,1.0,0.12426757776146735
z_return_20d,0.0,False,XLY,5,target_5d_forward_return_raw,0.001,1.0,0.12426757776146735
z_return_20d_rel_spy,0.0,False,XLY,5,target_5d_forward_return_raw,0.001,1.0,0.12426757776146735
z_return_20d_excess_rf,0.0,False,XLY,5,target_5d_forward_return_raw,0.001,1.0,0.12426757776146735
z_return_60d_rel_spy,-0.0,False,XLY,5,target_5d_forward_return_raw,0.001,1.0,0.12426757776146735
z_price_to_MA20,0.0,False,XLY,5,target_5d_forward_return_raw,0.001,1.0,0.12426757776146735
z_price_to_MA50,0.0,False,XLY,5,target_5d_forward_return_raw,0.001,1.0,0.12426757776146735
z_MA20_minus_MA50,-0.0028798653965218203,True,XLY,5,target_5d_forward_return_raw,0.001,1.0,0.12426757776146735
z_volatility_20d,-0.00025276561252575333,True,XLY,5,target_5d_forward_return_raw,0.001,1.0,0.12426757776146735
z_max_drawdown_60d,-0.0,False,XLY,5,target_5d_forward_return_raw,0.001,1.0,0.12426757776146735
z_ATR_14,0.0,False,XLY,5,target_5d_forward_return_raw,0.001,1.0,0.12426757776146735
z_volume_change,-0.0,False,XLY,5,target_5d_forward_return_raw,0.001,1.0,0.12426757776146735
z_relative_volume,0.0009275909543468745,True,XLY,5,target_5d_forward_return_raw,0.001,1.0,0.12426757776146735
z_RSI_14,0.00041850685471367036,True,XLY,5,target_5d_forward_return_raw,0.001,1.0,0.12426757776146735
z_market_beta_60d,-0.0,False,XLY,5,target_5d_forward_return_raw,0.001,1.0,0.12426757776146735
z_idio_vol_60d,-0.0002942819670495135,True,XLY,5,target_5d_forward_return_raw,0.001,1.0,0.12426757776146735
z_Federal_Funds_Rate,0.0,False,XLY,5,target_5d_forward_return_raw,0.001,1.0,0.12426757776146735
z_Treasury_10Y,-0.00010915660146944128,True,XLY,5,target_5d_forward_return_raw,0.001,1.0,0.12426757776146735
z_Yield_Spread_10Y2Y,0.00037271326705558863,True,XLY,5,target_5d_forward_return_raw,0.001,1.0,0.12426757776146735
z_Breakeven_Inflation_10Y,-0.0,False,XLY,5,target_5d_forward_return_raw,0.001,1.0,0.12426757776146735
z_CPI,-0.002540870459582974,True,XLY,5,target_5d_forward_return_raw,0.001,1.0,0.12426757776146735
z_Unemployment_Rate,0.002724073897349732,True,XLY,5,target_5d_forward_return_raw,0.001,1.0,0.12426757776146735
z_Financial_Conditions_Index,-0.0011748786687518515,True,XLY,5,target_5d_forward_return_raw,0.001,1.0,0.12426757776146735
z_VIX,-0.0,False,XLY,5,target_5d_forward_return_raw,0.001,1.0,0.12426757776146735
z_rate_sensitivity_beta,-0.0,False,XLY,5,target_5d_forward_return_raw,0.001,1.0,0.12426757776146735
z_return_5d,-0.0,False,XLB,1,target_5d_forward_return_excess_spy,0.01,0.3,0.3405152420237149
z_return_5d_rel_spy,-0.0,False,XLB,1,target_5d_forward_return_excess_spy,0.01,0.3,0.3405152420237149
z_return_5d_excess_rf,-0.0,False,XLB,1,target_5d_forward_return_excess_spy,0.01,0.3,0.3405152420237149
z_return_20d,-8.245728874103449e-05,True,XLB,1,target_5d_forward_return_excess_spy,0.01,0.3,0.3405152420237149
z_return_20d_rel_spy,-9.200598337895735e-05,True,XLB,1,target_5d_forward_return_excess_spy,0.01,0.3,0.3405152420237149
z_return_20d_excess_rf,-7.429477107854115e-05,True,XLB,1,target_5d_forward_return_excess_spy,0.01,0.3,0.3405152420237149
z_return_60d_rel_spy,-0.0010056916180108061,True,XLB,1,target_5d_forward_return_excess_spy,0.01,0.3,0.3405152420237149
z_price_to_MA20,-0.0,False,XLB,1,target_5d_forward_return_excess_spy,0.01,0.3,0.3405152420237149
z_price_to_MA50,-0.0007731134691874318,True,XLB,1,target_5d_forward_return_excess_spy,0.01,0.3,0.3405152420237149
z_MA20_minus_MA50,-0.0,False,XLB,1,target_5d_forward_return_excess_spy,0.01,0.3,0.3405152420237149
z_volatility_20d,0.0,False,XLB,1,target_5d_forward_return_excess_spy,0.01,0.3,0.3405152420237149
z_max_drawdown_60d,-0.0,False,XLB,1,target_5d_forward_return_excess_spy,0.01,0.3,0.3405152420237149
z_ATR_14,-0.0,False,XLB,1,target_5d_forward_return_excess_spy,0.01,0.3,0.3405152420237149
z_volume_change,-0.0,False,XLB,1,target_5d_forward_return_excess_spy,0.01,0.3,0.3405152420237149
z_relative_volume,9.779282838342734e-06,True,XLB,1,target_5d_forward_return_excess_spy,0.01,0.3,0.3405152420237149
z_RSI_14,-0.0,False,XLB,1,target_5d_forward_return_excess_spy,0.01,0.3,0.3405152420237149
z_market_beta_60d,0.0,False,XLB,1,target_5d_forward_return_excess_spy,0.01,0.3,0.3405152420237149
z_idio_vol_60d,-0.0,False,XLB,1,target_5d_forward_return_excess_spy,0.01,0.3,0.3405152420237149
z_Federal_Funds_Rate,0.0,False,XLB,1,target_5d_forward_return_excess_spy,0.01,0.3,0.3405152420237149
z_Treasury_10Y,-0.0,False,XLB,1,target_5d_forward_return_excess_spy,0.01,0.3,0.3405152420237149
z_Yield_Spread_10Y2Y,-0.0,False,XLB,1,target_5d_forward_return_excess_spy,0.01,0.3,0.3405152420237149
z_Breakeven_Inflation_10Y,-0.0012398802905844426,True,XLB,1,target_5d_forward_return_excess_spy,0.01,0.3,0.3405152420237149
z_CPI,-0.0,False,XLB,1,target_5d_forward_return_excess_spy,0.01,0.3,0.3405152420237149
z_Unemployment_Rate,-0.0,False,XLB,1,target_5d_forward_return_excess_spy,0.01,0.3,0.3405152420237149
z_Financial_Conditions_Index,0.0,False,XLB,1,target_5d_forward_return_excess_spy,0.01,0.3,0.3405152420237149
z_VIX,0.0,False,XLB,1,target_5d_forward_return_excess_spy,0.01,0.3,0.3405152420237149
z_rate_sensitivity_beta,0.0,False,XLB,1,target_5d_forward_return_excess_spy,0.01,0.3,0.3405152420237149
z_return_5d,-0.0,False,XLC,1,target_5d_forward_return_excess_spy,0.01,0.3,0.3466442878236394
z_return_5d_rel_spy,-0.0,False,XLC,1,target_5d_forward_return_excess_spy,0.01,0.3,0.3466442878236394
z_return_5d_excess_rf,-0.0,False,XLC,1,target_5d_forward_return_excess_spy,0.01,0.3,0.3466442878236394
z_return_20d,-0.0,False,XLC,1,target_5d_forward_return_excess_spy,0.01,0.3,0.3466442878236394
z_return_20d_rel_spy,-0.0,False,XLC,1,target_5d_forward_return_excess_spy,0.01,0.3,0.3466442878236394
z_return_20d_excess_rf,-0.0,False,XLC,1,target_5d_forward_return_excess_spy,0.01,0.3,0.3466442878236394
z_return_60d_rel_spy,-0.0,False,XLC,1,target_5d_forward_return_excess_spy,0.01,0.3,0.3466442878236394
z_price_to_MA20,-0.0,False,XLC,1,target_5d_forward_return_excess_spy,0.01,0.3,0.3466442878236394
z_price_to_MA50,-0.0014457548733914137,True,XLC,1,target_5d_forward_return_excess_spy,0.01,0.3,0.3466442878236394
z_MA20_minus_MA50,-0.0,False,XLC,1,target_5d_forward_return_excess_spy,0.01,0.3,0.3466442878236394
z_volatility_20d,-0.0,False,XLC,1,target_5d_forward_return_excess_spy,0.01,0.3,0.3466442878236394
z_max_drawdown_60d,-0.0,False,XLC,1,target_5d_forward_return_excess_spy,0.01,0.3,0.3466442878236394
z_ATR_14,-0.0,False,XLC,1,target_5d_forward_return_excess_spy,0.01,0.3,0.3466442878236394
z_volume_change,-0.0,False,XLC,1,target_5d_forward_return_excess_spy,0.01,0.3,0.3466442878236394
z_relative_volume,0.0,False,XLC,1,target_5d_forward_return_excess_spy,0.01,0.3,0.3466442878236394
z_RSI_14,-0.0,False,XLC,1,target_5d_forward_return_excess_spy,0.01,0.3,0.3466442878236394
z_market_beta_60d,0.0,False,XLC,1,target_5d_forward_return_excess_spy,0.01,0.3,0.3466442878236394
z_idio_vol_60d,0.0,False,XLC,1,target_5d_forward_return_excess_spy,0.01,0.3,0.3466442878236394
z_Federal_Funds_Rate,0.0,False,XLC,1,target_5d_forward_return_excess_spy,0.01,0.3,0.3466442878236394
z_Treasury_10Y,-0.0,False,XLC,1,target_5d_forward_return_excess_spy,0.01,0.3,0.3466442878236394
z_Yield_Spread_10Y2Y,-0.0,False,XLC,1,target_5d_forward_return_excess_spy,0.01,0.3,0.3466442878236394
z_Breakeven_Inflation_10Y,-0.0,False,XLC,1,target_5d_forward_return_excess_spy,0.01,0.3,0.3466442878236394
z_CPI,0.0,False,XLC,1,target_5d_forward_return_excess_spy,0.01,0.3,0.3466442878236394
z_Unemployment_Rate,-0.0,False,XLC,1,target_5d_forward_return_excess_spy,0.01,0.3,0.3466442878236394
z_Financial_Conditions_Index,0.0,False,XLC,1,target_5d_forward_return_excess_spy,0.01,0.3,0.3466442878236394
z_VIX,0.0,False,XLC,1,target_5d_forward_return_excess_spy,0.01,0.3,0.3466442878236394
z_rate_sensitivity_beta,0.0,False,XLC,1,target_5d_forward_return_excess_spy,0.01,0.3,0.3466442878236394
z_return_5d,0.0,False,XLE,1,target_5d_forward_return_excess_spy,0.01,0.3,0.23566999965275995
z_return_5d_rel_spy,0.0,False,XLE,1,target_5d_forward_return_excess_spy,0.01,0.3,0.23566999965275995
z_return_5d_excess_rf,0.0,False,XLE,1,target_5d_forward_return_excess_spy,0.01,0.3,0.23566999965275995
z_return_20d,-0.0,False,XLE,1,target_5d_forward_return_excess_spy,0.01,0.3,0.23566999965275995
z_return_20d_rel_spy,-0.0,False,XLE,1,target_5d_forward_return_excess_spy,0.01,0.3,0.23566999965275995
z_return_20d_excess_rf,-0.0,False,XLE,1,target_5d_forward_return_excess_spy,0.01,0.3,0.23566999965275995
z_return_60d_rel_spy,-0.0,False,XLE,1,target_5d_forward_return_excess_spy,0.01,0.3,0.23566999965275995
z_price_to_MA20,-0.0,False,XLE,1,target_5d_forward_return_excess_spy,0.01,0.3,0.23566999965275995
z_price_to_MA50,-0.0019788366602923203,True,XLE,1,target_5d_forward_return_excess_spy,0.01,0.3,0.23566999965275995
z_MA20_minus_MA50,-0.0,False,XLE,1,target_5d_forward_return_excess_spy,0.01,0.3,0.23566999965275995
z_volatility_20d,0.0,False,XLE,1,target_5d_forward_return_excess_spy,0.01,0.3,0.23566999965275995
z_max_drawdown_60d,-0.0,False,XLE,1,target_5d_forward_return_excess_spy,0.01,0.3,0.23566999965275995
z_ATR_14,-0.0,False,XLE,1,target_5d_forward_return_excess_spy,0.01,0.3,0.23566999965275995
z_volume_change,-0.0,False,XLE,1,target_5d_forward_return_excess_spy,0.01,0.3,0.23566999965275995
z_relative_volume,-0.0,False,XLE,1,target_5d_forward_return_excess_spy,0.01,0.3,0.23566999965275995
z_RSI_14,-0.0,False,XLE,1,target_5d_forward_return_excess_spy,0.01,0.3,0.23566999965275995
z_market_beta_60d,0.0,False,XLE,1,target_5d_forward_return_excess_spy,0.01,0.3,0.23566999965275995
z_idio_vol_60d,0.0,False,XLE,1,target_5d_forward_return_excess_spy,0.01,0.3,0.23566999965275995
z_Federal_Funds_Rate,-0.0,False,XLE,1,target_5d_forward_return_excess_spy,0.01,0.3,0.23566999965275995
z_Treasury_10Y,0.0,False,XLE,1,target_5d_forward_return_excess_spy,0.01,0.3,0.23566999965275995
z_Yield_Spread_10Y2Y,-0.0,False,XLE,1,target_5d_forward_return_excess_spy,0.01,0.3,0.23566999965275995
z_Breakeven_Inflation_10Y,0.0,False,XLE,1,target_5d_forward_return_excess_spy,0.01,0.3,0.23566999965275995
z_CPI,-0.0,False,XLE,1,target_5d_forward_return_excess_spy,0.01,0.3,0.23566999965275995
z_Unemployment_Rate,0.0,False,XLE,1,target_5d_forward_return_excess_spy,0.01,0.3,0.23566999965275995
z_Financial_Conditions_Index,-0.0,False,XLE,1,target_5d_forward_return_excess_spy,0.01,0.3,0.23566999965275995
z_VIX,-0.0,False,XLE,1,target_5d_forward_return_excess_spy,0.01,0.3,0.23566999965275995
z_rate_sensitivity_beta,-0.0,False,XLE,1,target_5d_forward_return_excess_spy,0.01,0.3,0.23566999965275995
z_return_5d,0.0,False,XLF,1,target_5d_forward_return_excess_spy,0.001,1.0,0.24603666958451953
z_return_5d_rel_spy,0.0,False,XLF,1,target_5d_forward_return_excess_spy,0.001,1.0,0.24603666958451953
z_return_5d_excess_rf,0.0,False,XLF,1,target_5d_forward_return_excess_spy,0.001,1.0,0.24603666958451953
z_return_20d,-0.0,False,XLF,1,target_5d_forward_return_excess_spy,0.001,1.0,0.24603666958451953
z_return_20d_rel_spy,-0.0,False,XLF,1,target_5d_forward_return_excess_spy,0.001,1.0,0.24603666958451953
z_return_20d_excess_rf,-0.0,False,XLF,1,target_5d_forward_return_excess_spy,0.001,1.0,0.24603666958451953
z_return_60d_rel_spy,-0.0009386902316463391,True,XLF,1,target_5d_forward_return_excess_spy,0.001,1.0,0.24603666958451953
z_price_to_MA20,-0.0,False,XLF,1,target_5d_forward_return_excess_spy,0.001,1.0,0.24603666958451953
z_price_to_MA50,-0.003273882082282167,True,XLF,1,target_5d_forward_return_excess_spy,0.001,1.0,0.24603666958451953
z_MA20_minus_MA50,0.0,False,XLF,1,target_5d_forward_return_excess_spy,0.001,1.0,0.24603666958451953
z_volatility_20d,-0.0,False,XLF,1,target_5d_forward_return_excess_spy,0.001,1.0,0.24603666958451953
z_max_drawdown_60d,-0.0003269432545964932,True,XLF,1,target_5d_forward_return_excess_spy,0.001,1.0,0.24603666958451953
z_ATR_14,0.0,False,XLF,1,target_5d_forward_return_excess_spy,0.001,1.0,0.24603666958451953
z_volume_change,0.0,False,XLF,1,target_5d_forward_return_excess_spy,0.001,1.0,0.24603666958451953
z_relative_volume,0.0,False,XLF,1,target_5d_forward_return_excess_spy,0.001,1.0,0.24603666958451953
z_RSI_14,-0.0,False,XLF,1,target_5d_forward_return_excess_spy,0.001,1.0,0.24603666958451953
z_market_beta_60d,0.0013599936968988749,True,XLF,1,target_5d_forward_return_excess_spy,0.001,1.0,0.24603666958451953
z_idio_vol_60d,0.0008423136357592201,True,XLF,1,target_5d_forward_return_excess_spy,0.001,1.0,0.24603666958451953
z_Federal_Funds_Rate,-0.00045696815336946863,True,XLF,1,target_5d_forward_return_excess_spy,0.001,1.0,0.24603666958451953
z_Treasury_10Y,0.0,False,XLF,1,target_5d_forward_return_excess_spy,0.001,1.0,0.24603666958451953
z_Yield_Spread_10Y2Y,0.0,False,XLF,1,target_5d_forward_return_excess_spy,0.001,1.0,0.24603666958451953
z_Breakeven_Inflation_10Y,-0.0,False,XLF,1,target_5d_forward_return_excess_spy,0.001,1.0,0.24603666958451953
z_CPI,-0.0,False,XLF,1,target_5d_forward_return_excess_spy,0.001,1.0,0.24603666958451953
z_Unemployment_Rate,-0.0,False,XLF,1,target_5d_forward_return_excess_spy,0.001,1.0,0.24603666958451953
z_Financial_Conditions_Index,-0.0,False,XLF,1,target_5d_forward_return_excess_spy,0.001,1.0,0.24603666958451953
z_VIX,-0.0,False,XLF,1,target_5d_forward_return_excess_spy,0.001,1.0,0.24603666958451953
z_rate_sensitivity_beta,0.0,False,XLF,1,target_5d_forward_return_excess_spy,0.001,1.0,0.24603666958451953
z_return_5d,-0.0021804410044550054,True,XLI,1,target_5d_forward_return_excess_spy,1e-05,0.1,0.1088131076376742
z_return_5d_rel_spy,-2.488993632498433e-06,True,XLI,1,target_5d_forward_return_excess_spy,1e-05,0.1,0.1088131076376742
z_return_5d_excess_rf,-1.4392066354946768e-09,False,XLI,1,target_5d_forward_return_excess_spy,1e-05,0.1,0.1088131076376742
z_return_20d,-0.0013750232241503974,True,XLI,1,target_5d_forward_return_excess_spy,1e-05,0.1,0.1088131076376742
z_return_20d_rel_spy,-1.3280486625325952e-06,True,XLI,1,target_5d_forward_return_excess_spy,1e-05,0.1,0.1088131076376742
z_return_20d_excess_rf,-6.484040096595682e-10,False,XLI,1,target_5d_forward_return_excess_spy,1e-05,0.1,0.1088131076376742
z_return_60d_rel_spy,-0.0015877724228627686,True,XLI,1,target_5d_forward_return_excess_spy,1e-05,0.1,0.1088131076376742
z_price_to_MA20,0.003960032282774397,True,XLI,1,target_5d_forward_return_excess_spy,1e-05,0.1,0.1088131076376742
z_price_to_MA50,-0.001168802479612482,True,XLI,1,target_5d_forward_return_excess_spy,1e-05,0.1,0.1088131076376742
z_MA20_minus_MA50,-0.002517828952694727,True,XLI,1,target_5d_forward_return_excess_spy,1e-05,0.1,0.1088131076376742
z_volatility_20d,0.0009927383751343213,True,XLI,1,target_5d_forward_return_excess_spy,1e-05,0.1,0.1088131076376742
z_max_drawdown_60d,-0.002617323271483649,True,XLI,1,target_5d_forward_return_excess_spy,1e-05,0.1,0.1088131076376742
z_ATR_14,0.0013189930962335488,True,XLI,1,target_5d_forward_return_excess_spy,1e-05,0.1,0.1088131076376742
z_volume_change,0.0006629773264420155,True,XLI,1,target_5d_forward_return_excess_spy,1e-05,0.1,0.1088131076376742
z_relative_volume,9.408414562363711e-05,True,XLI,1,target_5d_forward_return_excess_spy,1e-05,0.1,0.1088131076376742
z_RSI_14,-0.003938730242428249,True,XLI,1,target_5d_forward_return_excess_spy,1e-05,0.1,0.1088131076376742
z_market_beta_60d,0.004056392512163611,True,XLI,1,target_5d_forward_return_excess_spy,1e-05,0.1,0.1088131076376742
z_idio_vol_60d,0.0003004984621254232,True,XLI,1,target_5d_forward_return_excess_spy,1e-05,0.1,0.1088131076376742
z_Federal_Funds_Rate,-0.005077077617047286,True,XLI,1,target_5d_forward_return_excess_spy,1e-05,0.1,0.1088131076376742
z_Treasury_10Y,0.004587575682571275,True,XLI,1,target_5d_forward_return_excess_spy,1e-05,0.1,0.1088131076376742
z_Yield_Spread_10Y2Y,-0.0009284610178884769,True,XLI,1,target_5d_forward_return_excess_spy,1e-05,0.1,0.1088131076376742
z_Breakeven_Inflation_10Y,-0.003042682400646673,True,XLI,1,target_5d_forward_return_excess_spy,1e-05,0.1,0.1088131076376742
z_CPI,0.003187698191935151,True,XLI,1,target_5d_forward_return_excess_spy,1e-05,0.1,0.1088131076376742
z_Unemployment_Rate,0.006214993967904656,True,XLI,1,target_5d_forward_return_excess_spy,1e-05,0.1,0.1088131076376742
z_Financial_Conditions_Index,-0.002918672598368446,True,XLI,1,target_5d_forward_return_excess_spy,1e-05,0.1,0.1088131076376742
z_VIX,-0.002995019567551834,True,XLI,1,target_5d_forward_return_excess_spy,1e-05,0.1,0.1088131076376742
z_rate_sensitivity_beta,-0.003577495582700283,True,XLI,1,target_5d_forward_return_excess_spy,1e-05,0.1,0.1088131076376742
z_return_5d,-0.0011238306083864778,True,XLK,1,target_5d_forward_return_excess_spy,0.001,1.0,0.16617742100159574
z_return_5d_rel_spy,-1.1810883240693152e-18,False,XLK,1,target_5d_forward_return_excess_spy,0.001,1.0,0.16617742100159574
z_return_5d_excess_rf,-1.0123614206308418e-18,False,XLK,1,target_5d_forward_return_excess_spy,0.001,1.0,0.16617742100159574
z_return_20d,-0.0,False,XLK,1,target_5d_forward_return_excess_spy,0.001,1.0,0.16617742100159574
z_return_20d_rel_spy,-0.0,False,XLK,1,target_5d_forward_return_excess_spy,0.001,1.0,0.16617742100159574
z_return_20d_excess_rf,-0.0,False,XLK,1,target_5d_forward_return_excess_spy,0.001,1.0,0.16617742100159574
z_return_60d_rel_spy,-0.0,False,XLK,1,target_5d_forward_return_excess_spy,0.001,1.0,0.16617742100159574
z_price_to_MA20,-0.0,False,XLK,1,target_5d_forward_return_excess_spy,0.001,1.0,0.16617742100159574
z_price_to_MA50,-0.0,False,XLK,1,target_5d_forward_return_excess_spy,0.001,1.0,0.16617742100159574
z_MA20_minus_MA50,-0.0,False,XLK,1,target_5d_forward_return_excess_spy,0.001,1.0,0.16617742100159574
z_volatility_20d,0.0,False,XLK,1,target_5d_forward_return_excess_spy,0.001,1.0,0.16617742100159574
z_max_drawdown_60d,-0.002207183537284697,True,XLK,1,target_5d_forward_return_excess_spy,0.001,1.0,0.16617742100159574
z_ATR_14,0.0,False,XLK,1,target_5d_forward_return_excess_spy,0.001,1.0,0.16617742100159574
z_volume_change,-0.0,False,XLK,1,target_5d_forward_return_excess_spy,0.001,1.0,0.16617742100159574
z_relative_volume,-0.0,False,XLK,1,target_5d_forward_return_excess_spy,0.001,1.0,0.16617742100159574
z_RSI_14,-0.0010047982300691635,True,XLK,1,target_5d_forward_return_excess_spy,0.001,1.0,0.16617742100159574
z_market_beta_60d,-0.0,False,XLK,1,target_5d_forward_return_excess_spy,0.001,1.0,0.16617742100159574
z_idio_vol_60d,-0.0,False,XLK,1,target_5d_forward_return_excess_spy,0.001,1.0,0.16617742100159574
z_Federal_Funds_Rate,-0.0,False,XLK,1,target_5d_forward_return_excess_spy,0.001,1.0,0.16617742100159574
z_Treasury_10Y,-0.00047468128018365543,True,XLK,1,target_5d_forward_return_excess_spy,0.001,1.0,0.16617742100159574
z_Yield_Spread_10Y2Y,-0.0,False,XLK,1,target_5d_forward_return_excess_spy,0.001,1.0,0.16617742100159574
z_Breakeven_Inflation_10Y,0.0,False,XLK,1,target_5d_forward_return_excess_spy,0.001,1.0,0.16617742100159574
z_CPI,-0.00028121602877227334,True,XLK,1,target_5d_forward_return_excess_spy,0.001,1.0,0.16617742100159574
z_Unemployment_Rate,0.0,False,XLK,1,target_5d_forward_return_excess_spy,0.001,1.0,0.16617742100159574
z_Financial_Conditions_Index,-0.0003162841850019307,True,XLK,1,target_5d_forward_return_excess_spy,0.001,1.0,0.16617742100159574
z_VIX,-0.0,False,XLK,1,target_5d_forward_return_excess_spy,0.001,1.0,0.16617742100159574
z_rate_sensitivity_beta,0.0,False,XLK,1,target_5d_forward_return_excess_spy,0.001,1.0,0.16617742100159574
z_return_5d,-0.0,False,XLP,1,target_5d_forward_return_excess_spy,0.01,0.3,0.2438713429016103
z_return_5d_rel_spy,-0.0,False,XLP,1,target_5d_forward_return_excess_spy,0.01,0.3,0.2438713429016103
z_return_5d_excess_rf,-0.0,False,XLP,1,target_5d_forward_return_excess_spy,0.01,0.3,0.2438713429016103
z_return_20d,-0.0,False,XLP,1,target_5d_forward_return_excess_spy,0.01,0.3,0.2438713429016103
z_return_20d_rel_spy,-0.0,False,XLP,1,target_5d_forward_return_excess_spy,0.01,0.3,0.2438713429016103
z_return_20d_excess_rf,-0.0,False,XLP,1,target_5d_forward_return_excess_spy,0.01,0.3,0.2438713429016103
z_return_60d_rel_spy,0.0,False,XLP,1,target_5d_forward_return_excess_spy,0.01,0.3,0.2438713429016103
z_price_to_MA20,-0.0,False,XLP,1,target_5d_forward_return_excess_spy,0.01,0.3,0.2438713429016103
z_price_to_MA50,0.0,False,XLP,1,target_5d_forward_return_excess_spy,0.01,0.3,0.2438713429016103
z_MA20_minus_MA50,0.0,False,XLP,1,target_5d_forward_return_excess_spy,0.01,0.3,0.2438713429016103
z_volatility_20d,0.0,False,XLP,1,target_5d_forward_return_excess_spy,0.01,0.3,0.2438713429016103
z_max_drawdown_60d,-0.0,False,XLP,1,target_5d_forward_return_excess_spy,0.01,0.3,0.2438713429016103
z_ATR_14,0.0,False,XLP,1,target_5d_forward_return_excess_spy,0.01,0.3,0.2438713429016103
z_volume_change,-0.0,False,XLP,1,target_5d_forward_return_excess_spy,0.01,0.3,0.2438713429016103
z_relative_volume,-0.0,False,XLP,1,target_5d_forward_return_excess_spy,0.01,0.3,0.2438713429016103
z_RSI_14,-0.0,False,XLP,1,target_5d_forward_return_excess_spy,0.01,0.3,0.2438713429016103
z_market_beta_60d,-0.0,False,XLP,1,target_5d_forward_return_excess_spy,0.01,0.3,0.2438713429016103
z_idio_vol_60d,-0.0,False,XLP,1,target_5d_forward_return_excess_spy,0.01,0.3,0.2438713429016103
z_Federal_Funds_Rate,0.0,False,XLP,1,target_5d_forward_return_excess_spy,0.01,0.3,0.2438713429016103
z_Treasury_10Y,0.00020013121061418168,True,XLP,1,target_5d_forward_return_excess_spy,0.01,0.3,0.2438713429016103
z_Yield_Spread_10Y2Y,0.0,False,XLP,1,target_5d_forward_return_excess_spy,0.01,0.3,0.2438713429016103
z_Breakeven_Inflation_10Y,0.0010277277623333828,True,XLP,1,target_5d_forward_return_excess_spy,0.01,0.3,0.2438713429016103
z_CPI,0.0,False,XLP,1,target_5d_forward_return_excess_spy,0.01,0.3,0.2438713429016103
z_Unemployment_Rate,-0.0,False,XLP,1,target_5d_forward_return_excess_spy,0.01,0.3,0.2438713429016103
z_Financial_Conditions_Index,-0.0,False,XLP,1,target_5d_forward_return_excess_spy,0.01,0.3,0.2438713429016103
z_VIX,0.0,False,XLP,1,target_5d_forward_return_excess_spy,0.01,0.3,0.2438713429016103
z_rate_sensitivity_beta,-0.0,False,XLP,1,target_5d_forward_return_excess_spy,0.01,0.3,0.2438713429016103
z_return_5d,-4.237713949336045e-05,True,XLRE,1,target_5d_forward_return_excess_spy,0.01,0.1,0.09546665174052772
z_return_5d_rel_spy,-1.3500653489423807e-05,True,XLRE,1,target_5d_forward_return_excess_spy,0.01,0.1,0.09546665174052772
z_return_5d_excess_rf,-1.997588784095204e-06,True,XLRE,1,target_5d_forward_return_excess_spy,0.01,0.1,0.09546665174052772
z_return_20d,-0.0,False,XLRE,1,target_5d_forward_return_excess_spy,0.01,0.1,0.09546665174052772
z_return_20d_rel_spy,-0.0,False,XLRE,1,target_5d_forward_return_excess_spy,0.01,0.1,0.09546665174052772
z_return_20d_excess_rf,-0.0,False,XLRE,1,target_5d_forward_return_excess_spy,0.01,0.1,0.09546665174052772
z_return_60d_rel_spy,-0.0013522780371036053,True,XLRE,1,target_5d_forward_return_excess_spy,0.01,0.1,0.09546665174052772
z_price_to_MA20,0.0,False,XLRE,1,target_5d_forward_return_excess_spy,0.01,0.1,0.09546665174052772
z_price_to_MA50,-0.0037940130512751605,True,XLRE,1,target_5d_forward_return_excess_spy,0.01,0.1,0.09546665174052772
z_MA20_minus_MA50,-0.0021535555959710127,True,XLRE,1,target_5d_forward_return_excess_spy,0.01,0.1,0.09546665174052772
z_volatility_20d,-0.0008508901904915864,True,XLRE,1,target_5d_forward_return_excess_spy,0.01,0.1,0.09546665174052772
z_max_drawdown_60d,-0.002508698083060686,True,XLRE,1,target_5d_forward_return_excess_spy,0.01,0.1,0.09546665174052772
z_ATR_14,0.0,False,XLRE,1,target_5d_forward_return_excess_spy,0.01,0.1,0.09546665174052772
z_volume_change,0.0,False,XLRE,1,target_5d_forward_return_excess_spy,0.01,0.1,0.09546665174052772
z_relative_volume,-0.0010916412339063168,True,XLRE,1,target_5d_forward_return_excess_spy,0.01,0.1,0.09546665174052772
z_RSI_14,-0.0,False,XLRE,1,target_5d_forward_return_excess_spy,0.01,0.1,0.09546665174052772
z_market_beta_60d,-0.0,False,XLRE,1,target_5d_forward_return_excess_spy,0.01,0.1,0.09546665174052772
z_idio_vol_60d,0.0,False,XLRE,1,target_5d_forward_return_excess_spy,0.01,0.1,0.09546665174052772
z_Federal_Funds_Rate,0.001799365640340038,True,XLRE,1,target_5d_forward_return_excess_spy,0.01,0.1,0.09546665174052772
z_Treasury_10Y,0.0,False,XLRE,1,target_5d_forward_return_excess_spy,0.01,0.1,0.09546665174052772
z_Yield_Spread_10Y2Y,-0.0,False,XLRE,1,target_5d_forward_return_excess_spy,0.01,0.1,0.09546665174052772
z_Breakeven_Inflation_10Y,-0.0,False,XLRE,1,target_5d_forward_return_excess_spy,0.01,0.1,0.09546665174052772
z_CPI,0.0,False,XLRE,1,target_5d_forward_return_excess_spy,0.01,0.1,0.09546665174052772
z_Unemployment_Rate,-0.0,False,XLRE,1,target_5d_forward_return_excess_spy,0.01,0.1,0.09546665174052772
z_Financial_Conditions_Index,0.0021615444501576395,True,XLRE,1,target_5d_forward_return_excess_spy,0.01,0.1,0.09546665174052772
z_VIX,0.0,False,XLRE,1,target_5d_forward_return_excess_spy,0.01,0.1,0.09546665174052772
z_rate_sensitivity_beta,-0.004213482615557275,True,XLRE,1,target_5d_forward_return_excess_spy,0.01,0.1,0.09546665174052772
z_return_5d,-0.0,False,XLU,1,target_5d_forward_return_excess_spy,0.01,0.3,0.18240078652459882
z_return_5d_rel_spy,-0.0,False,XLU,1,target_5d_forward_return_excess_spy,0.01,0.3,0.18240078652459882
z_return_5d_excess_rf,-0.0,False,XLU,1,target_5d_forward_return_excess_spy,0.01,0.3,0.18240078652459882
z_return_20d,-0.0,False,XLU,1,target_5d_forward_return_excess_spy,0.01,0.3,0.18240078652459882
z_return_20d_rel_spy,-0.0,False,XLU,1,target_5d_forward_return_excess_spy,0.01,0.3,0.18240078652459882
z_return_20d_excess_rf,-0.0,False,XLU,1,target_5d_forward_return_excess_spy,0.01,0.3,0.18240078652459882
z_return_60d_rel_spy,-0.0,False,XLU,1,target_5d_forward_return_excess_spy,0.01,0.3,0.18240078652459882
z_price_to_MA20,-0.0,False,XLU,1,target_5d_forward_return_excess_spy,0.01,0.3,0.18240078652459882
z_price_to_MA50,-0.0,False,XLU,1,target_5d_forward_return_excess_spy,0.01,0.3,0.18240078652459882
z_MA20_minus_MA50,-0.0011201877429155578,True,XLU,1,target_5d_forward_return_excess_spy,0.01,0.3,0.18240078652459882
z_volatility_20d,0.0,False,XLU,1,target_5d_forward_return_excess_spy,0.01,0.3,0.18240078652459882
z_max_drawdown_60d,-0.0,False,XLU,1,target_5d_forward_return_excess_spy,0.01,0.3,0.18240078652459882
z_ATR_14,-0.0014954479433000594,True,XLU,1,target_5d_forward_return_excess_spy,0.01,0.3,0.18240078652459882
z_volume_change,-0.0,False,XLU,1,target_5d_forward_return_excess_spy,0.01,0.3,0.18240078652459882
z_relative_volume,-0.0,False,XLU,1,target_5d_forward_return_excess_spy,0.01,0.3,0.18240078652459882
z_RSI_14,-0.0,False,XLU,1,target_5d_forward_return_excess_spy,0.01,0.3,0.18240078652459882
z_market_beta_60d,-0.0013330239846459032,True,XLU,1,target_5d_forward_return_excess_spy,0.01,0.3,0.18240078652459882
z_idio_vol_60d,-0.0,False,XLU,1,target_5d_forward_return_excess_spy,0.01,0.3,0.18240078652459882
z_Federal_Funds_Rate,0.0,False,XLU,1,target_5d_forward_return_excess_spy,0.01,0.3,0.18240078652459882
z_Treasury_10Y,0.0010519370380220854,True,XLU,1,target_5d_forward_return_excess_spy,0.01,0.3,0.18240078652459882
z_Yield_Spread_10Y2Y,-0.0,False,XLU,1,target_5d_forward_return_excess_spy,0.01,0.3,0.18240078652459882
z_Breakeven_Inflation_10Y,0.0,False,XLU,1,target_5d_forward_return_excess_spy,0.01,0.3,0.18240078652459882
z_CPI,0.0,False,XLU,1,target_5d_forward_return_excess_spy,0.01,0.3,0.18240078652459882
z_Unemployment_Rate,-0.0,False,XLU,1,target_5d_forward_return_excess_spy,0.01,0.3,0.18240078652459882
z_Financial_Conditions_Index,0.0,False,XLU,1,target_5d_forward_return_excess_spy,0.01,0.3,0.18240078652459882
z_VIX,-0.0,False,XLU,1,target_5d_forward_return_excess_spy,0.01,0.3,0.18240078652459882
z_rate_sensitivity_beta,-0.0,False,XLU,1,target_5d_forward_return_excess_spy,0.01,0.3,0.18240078652459882
z_return_5d,0.0,False,XLV,1,target_5d_forward_return_excess_spy,0.01,0.1,0.14128082856655685
z_return_5d_rel_spy,0.0,False,XLV,1,target_5d_forward_return_excess_spy,0.01,0.1,0.14128082856655685
z_return_5d_excess_rf,0.0,False,XLV,1,target_5d_forward_return_excess_spy,0.01,0.1,0.14128082856655685
z_return_20d,-0.0,False,XLV,1,target_5d_forward_return_excess_spy,0.01,0.1,0.14128082856655685
z_return_20d_rel_spy,-0.0,False,XLV,1,target_5d_forward_return_excess_spy,0.01,0.1,0.14128082856655685
z_return_20d_excess_rf,-0.0,False,XLV,1,target_5d_forward_return_excess_spy,0.01,0.1,0.14128082856655685
z_return_60d_rel_spy,0.0,False,XLV,1,target_5d_forward_return_excess_spy,0.01,0.1,0.14128082856655685
z_price_to_MA20,0.0,False,XLV,1,target_5d_forward_return_excess_spy,0.01,0.1,0.14128082856655685
z_price_to_MA50,-0.0,False,XLV,1,target_5d_forward_return_excess_spy,0.01,0.1,0.14128082856655685
z_MA20_minus_MA50,-0.000991783855233626,True,XLV,1,target_5d_forward_return_excess_spy,0.01,0.1,0.14128082856655685
z_volatility_20d,0.0,False,XLV,1,target_5d_forward_return_excess_spy,0.01,0.1,0.14128082856655685
z_max_drawdown_60d,-0.0,False,XLV,1,target_5d_forward_return_excess_spy,0.01,0.1,0.14128082856655685
z_ATR_14,-0.0,False,XLV,1,target_5d_forward_return_excess_spy,0.01,0.1,0.14128082856655685
z_volume_change,-0.0,False,XLV,1,target_5d_forward_return_excess_spy,0.01,0.1,0.14128082856655685
z_relative_volume,-0.0,False,XLV,1,target_5d_forward_return_excess_spy,0.01,0.1,0.14128082856655685
z_RSI_14,0.0,False,XLV,1,target_5d_forward_return_excess_spy,0.01,0.1,0.14128082856655685
z_market_beta_60d,-0.0001150301781625953,True,XLV,1,target_5d_forward_return_excess_spy,0.01,0.1,0.14128082856655685
z_idio_vol_60d,0.002689872573575764,True,XLV,1,target_5d_forward_return_excess_spy,0.01,0.1,0.14128082856655685
z_Federal_Funds_Rate,-0.0,False,XLV,1,target_5d_forward_return_excess_spy,0.01,0.1,0.14128082856655685
z_Treasury_10Y,0.0023365812497515635,True,XLV,1,target_5d_forward_return_excess_spy,0.01,0.1,0.14128082856655685
z_Yield_Spread_10Y2Y,4.571920608479344e-05,True,XLV,1,target_5d_forward_return_excess_spy,0.01,0.1,0.14128082856655685
z_Breakeven_Inflation_10Y,-0.0,False,XLV,1,target_5d_forward_return_excess_spy,0.01,0.1,0.14128082856655685
z_CPI,-0.0,False,XLV,1,target_5d_forward_return_excess_spy,0.01,0.1,0.14128082856655685
z_Unemployment_Rate,-0.0,False,XLV,1,target_5d_forward_return_excess_spy,0.01,0.1,0.14128082856655685
z_Financial_Conditions_Index,0.0,False,XLV,1,target_5d_forward_return_excess_spy,0.01,0.1,0.14128082856655685
z_VIX,0.0,False,XLV,1,target_5d_forward_return_excess_spy,0.01,0.1,0.14128082856655685
z_rate_sensitivity_beta,-0.0,False,XLV,1,target_5d_forward_return_excess_spy,0.01,0.1,0.14128082856655685
z_return_5d,-0.0003846504479328811,True,XLY,1,target_5d_forward_return_excess_spy,0.0001,0.5,0.3422527378840436
z_return_5d_rel_spy,-1.6744286950235232e-06,True,XLY,1,target_5d_forward_return_excess_spy,0.0001,0.5,0.3422527378840436
z_return_5d_excess_rf,-3.2801466195221724e-09,False,XLY,1,target_5d_forward_return_excess_spy,0.0001,0.5,0.3422527378840436
z_return_20d,0.0019223141590723827,True,XLY,1,target_5d_forward_return_excess_spy,0.0001,0.5,0.3422527378840436
z_return_20d_rel_spy,5.362536703485118e-06,True,XLY,1,target_5d_forward_return_excess_spy,0.0001,0.5,0.3422527378840436
z_return_20d_excess_rf,7.787940058468804e-09,False,XLY,1,target_5d_forward_return_excess_spy,0.0001,0.5,0.3422527378840436
z_return_60d_rel_spy,-0.005381359966557107,True,XLY,1,target_5d_forward_return_excess_spy,0.0001,0.5,0.3422527378840436
z_price_to_MA20,-0.002563880628714724,True,XLY,1,target_5d_forward_return_excess_spy,0.0001,0.5,0.3422527378840436
z_price_to_MA50,0.00021932439828953025,True,XLY,1,target_5d_forward_return_excess_spy,0.0001,0.5,0.3422527378840436
z_MA20_minus_MA50,-0.005518922514963076,True,XLY,1,target_5d_forward_return_excess_spy,0.0001,0.5,0.3422527378840436
z_volatility_20d,-0.0,False,XLY,1,target_5d_forward_return_excess_spy,0.0001,0.5,0.3422527378840436
z_max_drawdown_60d,0.0014350664571486412,True,XLY,1,target_5d_forward_return_excess_spy,0.0001,0.5,0.3422527378840436
z_ATR_14,-0.0007035061631895142,True,XLY,1,target_5d_forward_return_excess_spy,0.0001,0.5,0.3422527378840436
z_volume_change,-0.0007865342643247878,True,XLY,1,target_5d_forward_return_excess_spy,0.0001,0.5,0.3422527378840436
z_relative_volume,0.0015514060468175904,True,XLY,1,target_5d_forward_return_excess_spy,0.0001,0.5,0.3422527378840436
z_RSI_14,5.4248940609298884e-05,True,XLY,1,target_5d_forward_return_excess_spy,0.0001,0.5,0.3422527378840436
z_market_beta_60d,-0.0010482935008506668,True,XLY,1,target_5d_forward_return_excess_spy,0.0001,0.5,0.3422527378840436
z_idio_vol_60d,-0.0032033736330048367,True,XLY,1,target_5d_forward_return_excess_spy,0.0001,0.5,0.3422527378840436
z_Federal_Funds_Rate,0.0022866202613382024,True,XLY,1,target_5d_forward_return_excess_spy,0.0001,0.5,0.3422527378840436
z_Treasury_10Y,-0.005190392824330609,True,XLY,1,target_5d_forward_return_excess_spy,0.0001,0.5,0.3422527378840436
z_Yield_Spread_10Y2Y,0.00021142965956856145,True,XLY,1,target_5d_forward_return_excess_spy,0.0001,0.5,0.3422527378840436
z_Breakeven_Inflation_10Y,0.0022188053342251,True,XLY,1,target_5d_forward_return_excess_spy,0.0001,0.5,0.3422527378840436
z_CPI,-0.0002714320586881634,True,XLY,1,target_5d_forward_return_excess_spy,0.0001,0.5,0.3422527378840436
z_Unemployment_Rate,0.0013961693865716092,True,XLY,1,target_5d_forward_return_excess_spy,0.0001,0.5,0.3422527378840436
z_Financial_Conditions_Index,-0.00042422473604437704,True,XLY,1,target_5d_forward_return_excess_spy,0.0001,0.5,0.3422527378840436
z_VIX,-0.0,False,XLY,1,target_5d_forward_return_excess_spy,0.0001,0.5,0.3422527378840436
z_rate_sensitivity_beta,-0.0023975817403071352,True,XLY,1,target_5d_forward_return_excess_spy,0.0001,0.5,0.3422527378840436
z_return_5d,-0.002231296275910237,True,XLB,2,target_5d_forward_return_excess_spy,0.0001,0.5,0.3206341435093047
z_return_5d_rel_spy,-6.616253674341995e-06,True,XLB,2,target_5d_forward_return_excess_spy,0.0001,0.5,0.3206341435093047
z_return_5d_excess_rf,-1.025204787759427e-08,True,XLB,2,target_5d_forward_return_excess_spy,0.0001,0.5,0.3206341435093047
z_return_20d,-0.00431431956974894,True,XLB,2,target_5d_forward_return_excess_spy,0.0001,0.5,0.3206341435093047
z_return_20d_rel_spy,-1.3666291691163856e-05,True,XLB,2,target_5d_forward_return_excess_spy,0.0001,0.5,0.3206341435093047
z_return_20d_excess_rf,-2.2346811881170073e-08,True,XLB,2,target_5d_forward_return_excess_spy,0.0001,0.5,0.3206341435093047
z_return_60d_rel_spy,-0.0013914753721671982,True,XLB,2,target_5d_forward_return_excess_spy,0.0001,0.5,0.3206341435093047
z_price_to_MA20,0.005952177243420836,True,XLB,2,target_5d_forward_return_excess_spy,0.0001,0.5,0.3206341435093047
z_price_to_MA50,-0.003247102303588944,True,XLB,2,target_5d_forward_return_excess_spy,0.0001,0.5,0.3206341435093047
z_MA20_minus_MA50,-0.0013558069148604977,True,XLB,2,target_5d_forward_return_excess_spy,0.0001,0.5,0.3206341435093047
z_volatility_20d,0.0,False,XLB,2,target_5d_forward_return_excess_spy,0.0001,0.5,0.3206341435093047
z_max_drawdown_60d,0.0010190182143060766,True,XLB,2,target_5d_forward_return_excess_spy,0.0001,0.5,0.3206341435093047
z_ATR_14,-0.00024224740217325166,True,XLB,2,target_5d_forward_return_excess_spy,0.0001,0.5,0.3206341435093047
z_volume_change,-6.240829853378838e-05,True,XLB,2,target_5d_forward_return_excess_spy,0.0001,0.5,0.3206341435093047
z_relative_volume,0.0010362843867055692,True,XLB,2,target_5d_forward_return_excess_spy,0.0001,0.5,0.3206341435093047
z_RSI_14,-0.0025722556145806705,True,XLB,2,target_5d_forward_return_excess_spy,0.0001,0.5,0.3206341435093047
z_market_beta_60d,0.00022457179037799847,True,XLB,2,target_5d_forward_return_excess_spy,0.0001,0.5,0.3206341435093047
z_idio_vol_60d,-0.0008675649325364459,True,XLB,2,target_5d_forward_return_excess_spy,0.0001,0.5,0.3206341435093047
z_Federal_Funds_Rate,0.0,False,XLB,2,target_5d_forward_return_excess_spy,0.0001,0.5,0.3206341435093047
z_Treasury_10Y,-0.0034780883975708537,True,XLB,2,target_5d_forward_return_excess_spy,0.0001,0.5,0.3206341435093047
z_Yield_Spread_10Y2Y,0.004219615151676519,True,XLB,2,target_5d_forward_return_excess_spy,0.0001,0.5,0.3206341435093047
z_Breakeven_Inflation_10Y,-0.0037360632408847847,True,XLB,2,target_5d_forward_return_excess_spy,0.0001,0.5,0.3206341435093047
z_CPI,-0.0009903175029046223,True,XLB,2,target_5d_forward_return_excess_spy,0.0001,0.5,0.3206341435093047
z_Unemployment_Rate,0.0009084893795359723,True,XLB,2,target_5d_forward_return_excess_spy,0.0001,0.5,0.3206341435093047
z_Financial_Conditions_Index,-0.002863817375680753,True,XLB,2,target_5d_forward_return_excess_spy,0.0001,0.5,0.3206341435093047
z_VIX,-0.0002780497854488234,True,XLB,2,target_5d_forward_return_excess_spy,0.0001,0.5,0.3206341435093047
z_rate_sensitivity_beta,-0.003160555214664266,True,XLB,2,target_5d_forward_return_excess_spy,0.0001,0.5,0.3206341435093047
z_return_5d,-0.0,False,XLC,2,target_5d_forward_return_excess_spy,0.01,0.3,0.2551644231969244
z_return_5d_rel_spy,-0.0,False,XLC,2,target_5d_forward_return_excess_spy,0.01,0.3,0.2551644231969244
z_return_5d_excess_rf,-0.0,False,XLC,2,target_5d_forward_return_excess_spy,0.01,0.3,0.2551644231969244
z_return_20d,-0.0,False,XLC,2,target_5d_forward_return_excess_spy,0.01,0.3,0.2551644231969244
z_return_20d_rel_spy,-0.0,False,XLC,2,target_5d_forward_return_excess_spy,0.01,0.3,0.2551644231969244
z_return_20d_excess_rf,-0.0,False,XLC,2,target_5d_forward_return_excess_spy,0.01,0.3,0.2551644231969244
z_return_60d_rel_spy,-0.0,False,XLC,2,target_5d_forward_return_excess_spy,0.01,0.3,0.2551644231969244
z_price_to_MA20,-0.0,False,XLC,2,target_5d_forward_return_excess_spy,0.01,0.3,0.2551644231969244
z_price_to_MA50,-0.000516270252680924,True,XLC,2,target_5d_forward_return_excess_spy,0.01,0.3,0.2551644231969244
z_MA20_minus_MA50,-0.0,False,XLC,2,target_5d_forward_return_excess_spy,0.01,0.3,0.2551644231969244
z_volatility_20d,-0.0,False,XLC,2,target_5d_forward_return_excess_spy,0.01,0.3,0.2551644231969244
z_max_drawdown_60d,0.0,False,XLC,2,target_5d_forward_return_excess_spy,0.01,0.3,0.2551644231969244
z_ATR_14,-0.0,False,XLC,2,target_5d_forward_return_excess_spy,0.01,0.3,0.2551644231969244
z_volume_change,-0.0,False,XLC,2,target_5d_forward_return_excess_spy,0.01,0.3,0.2551644231969244
z_relative_volume,0.0,False,XLC,2,target_5d_forward_return_excess_spy,0.01,0.3,0.2551644231969244
z_RSI_14,-0.0,False,XLC,2,target_5d_forward_return_excess_spy,0.01,0.3,0.2551644231969244
z_market_beta_60d,-0.0,False,XLC,2,target_5d_forward_return_excess_spy,0.01,0.3,0.2551644231969244
z_idio_vol_60d,-0.0,False,XLC,2,target_5d_forward_return_excess_spy,0.01,0.3,0.2551644231969244
z_Federal_Funds_Rate,-0.0,False,XLC,2,target_5d_forward_return_excess_spy,0.01,0.3,0.2551644231969244
z_Treasury_10Y,-0.0,False,XLC,2,target_5d_forward_return_excess_spy,0.01,0.3,0.2551644231969244
z_Yield_Spread_10Y2Y,0.0,False,XLC,2,target_5d_forward_return_excess_spy,0.01,0.3,0.2551644231969244
z_Breakeven_Inflation_10Y,0.0,False,XLC,2,target_5d_forward_return_excess_spy,0.01,0.3,0.2551644231969244
z_CPI,0.0,False,XLC,2,target_5d_forward_return_excess_spy,0.01,0.3,0.2551644231969244
z_Unemployment_Rate,0.0,False,XLC,2,target_5d_forward_return_excess_spy,0.01,0.3,0.2551644231969244
z_Financial_Conditions_Index,0.0,False,XLC,2,target_5d_forward_return_excess_spy,0.01,0.3,0.2551644231969244
z_VIX,0.0,False,XLC,2,target_5d_forward_return_excess_spy,0.01,0.3,0.2551644231969244
z_rate_sensitivity_beta,-0.0,False,XLC,2,target_5d_forward_return_excess_spy,0.01,0.3,0.2551644231969244
z_return_5d,0.00029971923387407527,True,XLE,2,target_5d_forward_return_excess_spy,0.001,0.7,0.07398232602970398
z_return_5d_rel_spy,5.609211378932744e-06,True,XLE,2,target_5d_forward_return_excess_spy,0.001,0.7,0.07398232602970398
z_return_5d_excess_rf,4.9874839293021446e-08,True,XLE,2,target_5d_forward_return_excess_spy,0.001,0.7,0.07398232602970398
z_return_20d,0.0012356237807726361,True,XLE,2,target_5d_forward_return_excess_spy,0.001,0.7,0.07398232602970398
z_return_20d_rel_spy,1.7650362725278675e-05,True,XLE,2,target_5d_forward_return_excess_spy,0.001,0.7,0.07398232602970398
z_return_20d_excess_rf,1.2863390528603586e-07,True,XLE,2,target_5d_forward_return_excess_spy,0.001,0.7,0.07398232602970398
z_return_60d_rel_spy,-0.007262069113588308,True,XLE,2,target_5d_forward_return_excess_spy,0.001,0.7,0.07398232602970398
z_price_to_MA20,-0.0,False,XLE,2,target_5d_forward_return_excess_spy,0.001,0.7,0.07398232602970398
z_price_to_MA50,0.0,False,XLE,2,target_5d_forward_return_excess_spy,0.001,0.7,0.07398232602970398
z_MA20_minus_MA50,0.008614783710049263,True,XLE,2,target_5d_forward_return_excess_spy,0.001,0.7,0.07398232602970398
z_volatility_20d,0.007002049542247804,True,XLE,2,target_5d_forward_return_excess_spy,0.001,0.7,0.07398232602970398
z_max_drawdown_60d,0.0,False,XLE,2,target_5d_forward_return_excess_spy,0.001,0.7,0.07398232602970398
z_ATR_14,-0.00896393084801186,True,XLE,2,target_5d_forward_return_excess_spy,0.001,0.7,0.07398232602970398
z_volume_change,-0.0011212266029791244,True,XLE,2,target_5d_forward_return_excess_spy,0.001,0.7,0.07398232602970398
z_relative_volume,0.0,False,XLE,2,target_5d_forward_return_excess_spy,0.001,0.7,0.07398232602970398
z_RSI_14,-0.0007826658712319841,True,XLE,2,target_5d_forward_return_excess_spy,0.001,0.7,0.07398232602970398
z_market_beta_60d,0.0,False,XLE,2,target_5d_forward_return_excess_spy,0.001,0.7,0.07398232602970398
z_idio_vol_60d,0.004701076889997204,True,XLE,2,target_5d_forward_return_excess_spy,0.001,0.7,0.07398232602970398
z_Federal_Funds_Rate,0.006918462172776936,True,XLE,2,target_5d_forward_return_excess_spy,0.001,0.7,0.07398232602970398
z_Treasury_10Y,0.004894173185590933,True,XLE,2,target_5d_forward_return_excess_spy,0.001,0.7,0.07398232602970398
z_Yield_Spread_10Y2Y,0.0,False,XLE,2,target_5d_forward_return_excess_spy,0.001,0.7,0.07398232602970398
z_Breakeven_Inflation_10Y,-0.00022333838080136273,True,XLE,2,target_5d_forward_return_excess_spy,0.001,0.7,0.07398232602970398
z_CPI,0.0017185748998695732,True,XLE,2,target_5d_forward_return_excess_spy,0.001,0.7,0.07398232602970398
z_Unemployment_Rate,0.001515042718402895,True,XLE,2,target_5d_forward_return_excess_spy,0.001,0.7,0.07398232602970398
z_Financial_Conditions_Index,-0.0007495984190342644,True,XLE,2,target_5d_forward_return_excess_spy,0.001,0.7,0.07398232602970398
z_VIX,-0.005851642250603586,True,XLE,2,target_5d_forward_return_excess_spy,0.001,0.7,0.07398232602970398
z_rate_sensitivity_beta,-0.004639655396551158,True,XLE,2,target_5d_forward_return_excess_spy,0.001,0.7,0.07398232602970398
z_return_5d,-0.0,False,XLF,2,target_5d_forward_return_excess_spy,0.01,0.3,0.1267056547786302
z_return_5d_rel_spy,-0.0,False,XLF,2,target_5d_forward_return_excess_spy,0.01,0.3,0.1267056547786302
z_return_5d_excess_rf,-0.0,False,XLF,2,target_5d_forward_return_excess_spy,0.01,0.3,0.1267056547786302
z_return_20d,-0.0,False,XLF,2,target_5d_forward_return_excess_spy,0.01,0.3,0.1267056547786302
z_return_20d_rel_spy,-0.0,False,XLF,2,target_5d_forward_return_excess_spy,0.01,0.3,0.1267056547786302
z_return_20d_excess_rf,-0.0,False,XLF,2,target_5d_forward_return_excess_spy,0.01,0.3,0.1267056547786302
z_return_60d_rel_spy,0.0,False,XLF,2,target_5d_forward_return_excess_spy,0.01,0.3,0.1267056547786302
z_price_to_MA20,-0.0,False,XLF,2,target_5d_forward_return_excess_spy,0.01,0.3,0.1267056547786302
z_price_to_MA50,-0.0,False,XLF,2,target_5d_forward_return_excess_spy,0.01,0.3,0.1267056547786302
z_MA20_minus_MA50,-0.0,False,XLF,2,target_5d_forward_return_excess_spy,0.01,0.3,0.1267056547786302
z_volatility_20d,0.0,False,XLF,2,target_5d_forward_return_excess_spy,0.01,0.3,0.1267056547786302
z_max_drawdown_60d,0.0,False,XLF,2,target_5d_forward_return_excess_spy,0.01,0.3,0.1267056547786302
z_ATR_14,-0.0,False,XLF,2,target_5d_forward_return_excess_spy,0.01,0.3,0.1267056547786302
z_volume_change,-0.0,False,XLF,2,target_5d_forward_return_excess_spy,0.01,0.3,0.1267056547786302
z_relative_volume,-0.0,False,XLF,2,target_5d_forward_return_excess_spy,0.01,0.3,0.1267056547786302
z_RSI_14,-0.0,False,XLF,2,target_5d_forward_return_excess_spy,0.01,0.3,0.1267056547786302
z_market_beta_60d,-0.0,False,XLF,2,target_5d_forward_return_excess_spy,0.01,0.3,0.1267056547786302
z_idio_vol_60d,0.0,False,XLF,2,target_5d_forward_return_excess_spy,0.01,0.3,0.1267056547786302
z_Federal_Funds_Rate,0.0,False,XLF,2,target_5d_forward_return_excess_spy,0.01,0.3,0.1267056547786302
z_Treasury_10Y,0.0,False,XLF,2,target_5d_forward_return_excess_spy,0.01,0.3,0.1267056547786302
z_Yield_Spread_10Y2Y,0.0,False,XLF,2,target_5d_forward_return_excess_spy,0.01,0.3,0.1267056547786302
z_Breakeven_Inflation_10Y,0.0,False,XLF,2,target_5d_forward_return_excess_spy,0.01,0.3,0.1267056547786302
z_CPI,0.0,False,XLF,2,target_5d_forward_return_excess_spy,0.01,0.3,0.1267056547786302
z_Unemployment_Rate,-0.0,False,XLF,2,target_5d_forward_return_excess_spy,0.01,0.3,0.1267056547786302
z_Financial_Conditions_Index,-0.0004421040366855986,True,XLF,2,target_5d_forward_return_excess_spy,0.01,0.3,0.1267056547786302
z_VIX,-0.0,False,XLF,2,target_5d_forward_return_excess_spy,0.01,0.3,0.1267056547786302
z_rate_sensitivity_beta,0.0,False,XLF,2,target_5d_forward_return_excess_spy,0.01,0.3,0.1267056547786302
z_return_5d,-0.0006056635361671057,True,XLI,2,target_5d_forward_return_excess_spy,0.001,0.1,0.15428587255017806
z_return_5d_rel_spy,-0.0004073350471353296,True,XLI,2,target_5d_forward_return_excess_spy,0.001,0.1,0.15428587255017806
z_return_5d_excess_rf,-0.00014176799303277504,True,XLI,2,target_5d_forward_return_excess_spy,0.001,0.1,0.15428587255017806
z_return_20d,0.000486507441882912,True,XLI,2,target_5d_forward_return_excess_spy,0.001,0.1,0.15428587255017806
z_return_20d_rel_spy,0.00032863537129732185,True,XLI,2,target_5d_forward_return_excess_spy,0.001,0.1,0.15428587255017806
z_return_20d_excess_rf,0.00011489433420484384,True,XLI,2,target_5d_forward_return_excess_spy,0.001,0.1,0.15428587255017806
z_return_60d_rel_spy,-0.0006866597659448124,True,XLI,2,target_5d_forward_return_excess_spy,0.001,0.1,0.15428587255017806
z_price_to_MA20,0.00031620336590807216,True,XLI,2,target_5d_forward_return_excess_spy,0.001,0.1,0.15428587255017806
z_price_to_MA50,-1.9240719764577836e-05,True,XLI,2,target_5d_forward_return_excess_spy,0.001,0.1,0.15428587255017806
z_MA20_minus_MA50,-0.001996997443814879,True,XLI,2,target_5d_forward_return_excess_spy,0.001,0.1,0.15428587255017806
z_volatility_20d,0.0007404341012179636,True,XLI,2,target_5d_forward_return_excess_spy,0.001,0.1,0.15428587255017806
z_max_drawdown_60d,-0.0030659464697470615,True,XLI,2,target_5d_forward_return_excess_spy,0.001,0.1,0.15428587255017806
z_ATR_14,-0.0022589227822378214,True,XLI,2,target_5d_forward_return_excess_spy,0.001,0.1,0.15428587255017806
z_volume_change,0.0002691448238820612,True,XLI,2,target_5d_forward_return_excess_spy,0.001,0.1,0.15428587255017806
z_relative_volume,0.00010158734964513603,True,XLI,2,target_5d_forward_return_excess_spy,0.001,0.1,0.15428587255017806
z_RSI_14,-0.0020569659335827103,True,XLI,2,target_5d_forward_return_excess_spy,0.001,0.1,0.15428587255017806
z_market_beta_60d,-0.0036155827265720577,True,XLI,2,target_5d_forward_return_excess_spy,0.001,0.1,0.15428587255017806
z_idio_vol_60d,-0.001112502408282693,True,XLI,2,target_5d_forward_return_excess_spy,0.001,0.1,0.15428587255017806
z_Federal_Funds_Rate,-0.0003926818505346077,True,XLI,2,target_5d_forward_return_excess_spy,0.001,0.1,0.15428587255017806
z_Treasury_10Y,0.0011267303728172992,True,XLI,2,target_5d_forward_return_excess_spy,0.001,0.1,0.15428587255017806
z_Yield_Spread_10Y2Y,0.001288378302113162,True,XLI,2,target_5d_forward_return_excess_spy,0.001,0.1,0.15428587255017806
z_Breakeven_Inflation_10Y,-0.0018039508244757684,True,XLI,2,target_5d_forward_return_excess_spy,0.001,0.1,0.15428587255017806
z_CPI,0.00041162785501664827,True,XLI,2,target_5d_forward_return_excess_spy,0.001,0.1,0.15428587255017806
z_Unemployment_Rate,-0.001086709183833578,True,XLI,2,target_5d_forward_return_excess_spy,0.001,0.1,0.15428587255017806
z_Financial_Conditions_Index,-0.004182823474858097,True,XLI,2,target_5d_forward_return_excess_spy,0.001,0.1,0.15428587255017806
z_VIX,-0.0027692223618616275,True,XLI,2,target_5d_forward_return_excess_spy,0.001,0.1,0.15428587255017806
z_rate_sensitivity_beta,0.0015544402365013895,True,XLI,2,target_5d_forward_return_excess_spy,0.001,0.1,0.15428587255017806
z_return_5d,-0.0,False,XLK,2,target_5d_forward_return_excess_spy,0.001,1.0,0.16985367406644705
z_return_5d_rel_spy,-0.0,False,XLK,2,target_5d_forward_return_excess_spy,0.001,1.0,0.16985367406644705
z_return_5d_excess_rf,-0.0,False,XLK,2,target_5d_forward_return_excess_spy,0.001,1.0,0.16985367406644705
z_return_20d,-0.0005031320138046573,True,XLK,2,target_5d_forward_return_excess_spy,0.001,1.0,0.16985367406644705
z_return_20d_rel_spy,-1.339635625490385e-18,False,XLK,2,target_5d_forward_return_excess_spy,0.001,1.0,0.16985367406644705
z_return_20d_excess_rf,-5.023633595588944e-19,False,XLK,2,target_5d_forward_return_excess_spy,0.001,1.0,0.16985367406644705
z_return_60d_rel_spy,-0.0,False,XLK,2,target_5d_forward_return_excess_spy,0.001,1.0,0.16985367406644705
z_price_to_MA20,-0.0012279021980959902,True,XLK,2,target_5d_forward_return_excess_spy,0.001,1.0,0.16985367406644705
z_price_to_MA50,0.0,False,XLK,2,target_5d_forward_return_excess_spy,0.001,1.0,0.16985367406644705
z_MA20_minus_MA50,0.0,False,XLK,2,target_5d_forward_return_excess_spy,0.001,1.0,0.16985367406644705
z_volatility_20d,0.0,False,XLK,2,target_5d_forward_return_excess_spy,0.001,1.0,0.16985367406644705
z_max_drawdown_60d,-0.0,False,XLK,2,target_5d_forward_return_excess_spy,0.001,1.0,0.16985367406644705
z_ATR_14,-0.0,False,XLK,2,target_5d_forward_return_excess_spy,0.001,1.0,0.16985367406644705
z_volume_change,-0.0,False,XLK,2,target_5d_forward_return_excess_spy,0.001,1.0,0.16985367406644705
z_relative_volume,-0.0,False,XLK,2,target_5d_forward_return_excess_spy,0.001,1.0,0.16985367406644705
z_RSI_14,-0.0003078985413448393,True,XLK,2,target_5d_forward_return_excess_spy,0.001,1.0,0.16985367406644705
z_market_beta_60d,-0.0,False,XLK,2,target_5d_forward_return_excess_spy,0.001,1.0,0.16985367406644705
z_idio_vol_60d,-0.0,False,XLK,2,target_5d_forward_return_excess_spy,0.001,1.0,0.16985367406644705
z_Federal_Funds_Rate,-0.00032228740541198506,True,XLK,2,target_5d_forward_return_excess_spy,0.001,1.0,0.16985367406644705
z_Treasury_10Y,-0.00154646602511404,True,XLK,2,target_5d_forward_return_excess_spy,0.001,1.0,0.16985367406644705
z_Yield_Spread_10Y2Y,0.0,False,XLK,2,target_5d_forward_return_excess_spy,0.001,1.0,0.16985367406644705
z_Breakeven_Inflation_10Y,-0.0,False,XLK,2,target_5d_forward_return_excess_spy,0.001,1.0,0.16985367406644705
z_CPI,-5.76987830329044e-06,True,XLK,2,target_5d_forward_return_excess_spy,0.001,1.0,0.16985367406644705
z_Unemployment_Rate,5.6335087039641826e-05,True,XLK,2,target_5d_forward_return_excess_spy,0.001,1.0,0.16985367406644705
z_Financial_Conditions_Index,-0.0,False,XLK,2,target_5d_forward_return_excess_spy,0.001,1.0,0.16985367406644705
z_VIX,0.0,False,XLK,2,target_5d_forward_return_excess_spy,0.001,1.0,0.16985367406644705
z_rate_sensitivity_beta,0.0,False,XLK,2,target_5d_forward_return_excess_spy,0.001,1.0,0.16985367406644705
z_return_5d,-0.0032933076976179487,True,XLP,2,target_5d_forward_return_excess_spy,1e-05,0.3,0.13391396157062188
z_return_5d_rel_spy,-1.634425696230366e-06,True,XLP,2,target_5d_forward_return_excess_spy,1e-05,0.3,0.13391396157062188
z_return_5d_excess_rf,-4.0980574953627567e-10,False,XLP,2,target_5d_forward_return_excess_spy,1e-05,0.3,0.13391396157062188
z_return_20d,1.412742481297822e-05,True,XLP,2,target_5d_forward_return_excess_spy,1e-05,0.3,0.13391396157062188
z_return_20d_rel_spy,6.6949181647363625e-09,False,XLP,2,target_5d_forward_return_excess_spy,1e-05,0.3,0.13391396157062188
z_return_20d_excess_rf,1.3467882955799414e-12,False,XLP,2,target_5d_forward_return_excess_spy,1e-05,0.3,0.13391396157062188
z_return_60d_rel_spy,-0.001237446172046288,True,XLP,2,target_5d_forward_return_excess_spy,1e-05,0.3,0.13391396157062188
z_price_to_MA20,-0.0017801701567081699,True,XLP,2,target_5d_forward_return_excess_spy,1e-05,0.3,0.13391396157062188
z_price_to_MA50,0.0019815756410079925,True,XLP,2,target_5d_forward_return_excess_spy,1e-05,0.3,0.13391396157062188
z_MA20_minus_MA50,-0.00046985935370626587,True,XLP,2,target_5d_forward_return_excess_spy,1e-05,0.3,0.13391396157062188
z_volatility_20d,0.002916306072143444,True,XLP,2,target_5d_forward_return_excess_spy,1e-05,0.3,0.13391396157062188
z_max_drawdown_60d,0.00115993496093564,True,XLP,2,target_5d_forward_return_excess_spy,1e-05,0.3,0.13391396157062188
z_ATR_14,-0.0025572352677932534,True,XLP,2,target_5d_forward_return_excess_spy,1e-05,0.3,0.13391396157062188
z_volume_change,6.902299212036384e-05,True,XLP,2,target_5d_forward_return_excess_spy,1e-05,0.3,0.13391396157062188
z_relative_volume,-0.0005394851492496655,True,XLP,2,target_5d_forward_return_excess_spy,1e-05,0.3,0.13391396157062188
z_RSI_14,-0.0007324518325526049,True,XLP,2,target_5d_forward_return_excess_spy,1e-05,0.3,0.13391396157062188
z_market_beta_60d,0.0019702780210339747,True,XLP,2,target_5d_forward_return_excess_spy,1e-05,0.3,0.13391396157062188
z_idio_vol_60d,-0.00628130612860414,True,XLP,2,target_5d_forward_return_excess_spy,1e-05,0.3,0.13391396157062188
z_Federal_Funds_Rate,-0.0003298008273789637,True,XLP,2,target_5d_forward_return_excess_spy,1e-05,0.3,0.13391396157062188
z_Treasury_10Y,0.003705534725077026,True,XLP,2,target_5d_forward_return_excess_spy,1e-05,0.3,0.13391396157062188
z_Yield_Spread_10Y2Y,-0.007470357422015149,True,XLP,2,target_5d_forward_return_excess_spy,1e-05,0.3,0.13391396157062188
z_Breakeven_Inflation_10Y,0.003528747611723126,True,XLP,2,target_5d_forward_return_excess_spy,1e-05,0.3,0.13391396157062188
z_CPI,0.002387075996575494,True,XLP,2,target_5d_forward_return_excess_spy,1e-05,0.3,0.13391396157062188
z_Unemployment_Rate,-0.002140441893351871,True,XLP,2,target_5d_forward_return_excess_spy,1e-05,0.3,0.13391396157062188
z_Financial_Conditions_Index,0.002452613119719215,True,XLP,2,target_5d_forward_return_excess_spy,1e-05,0.3,0.13391396157062188
z_VIX,0.00469844113715626,True,XLP,2,target_5d_forward_return_excess_spy,1e-05,0.3,0.13391396157062188
z_rate_sensitivity_beta,-0.006238496992440793,True,XLP,2,target_5d_forward_return_excess_spy,1e-05,0.3,0.13391396157062188
z_return_5d,-0.0008303071173956883,True,XLRE,2,target_5d_forward_return_excess_spy,0.001,1.0,0.09690233970154431
z_return_5d_rel_spy,-1.172181172304087e-18,False,XLRE,2,target_5d_forward_return_excess_spy,0.001,1.0,0.09690233970154431
z_return_5d_excess_rf,-0.0,False,XLRE,2,target_5d_forward_return_excess_spy,0.001,1.0,0.09690233970154431
z_return_20d,-0.0,False,XLRE,2,target_5d_forward_return_excess_spy,0.001,1.0,0.09690233970154431
z_return_20d_rel_spy,-0.0,False,XLRE,2,target_5d_forward_return_excess_spy,0.001,1.0,0.09690233970154431
z_return_20d_excess_rf,-0.0,False,XLRE,2,target_5d_forward_return_excess_spy,0.001,1.0,0.09690233970154431
z_return_60d_rel_spy,-0.0001758312443571988,True,XLRE,2,target_5d_forward_return_excess_spy,0.001,1.0,0.09690233970154431
z_price_to_MA20,-0.0009878626273256837,True,XLRE,2,target_5d_forward_return_excess_spy,0.001,1.0,0.09690233970154431
z_price_to_MA50,-0.0,False,XLRE,2,target_5d_forward_return_excess_spy,0.001,1.0,0.09690233970154431
z_MA20_minus_MA50,-0.0010737237328463415,True,XLRE,2,target_5d_forward_return_excess_spy,0.001,1.0,0.09690233970154431
z_volatility_20d,-0.0,False,XLRE,2,target_5d_forward_return_excess_spy,0.001,1.0,0.09690233970154431
z_max_drawdown_60d,-0.0015953227175883992,True,XLRE,2,target_5d_forward_return_excess_spy,0.001,1.0,0.09690233970154431
z_ATR_14,-0.0016088466632643988,True,XLRE,2,target_5d_forward_return_excess_spy,0.001,1.0,0.09690233970154431
z_volume_change,0.0,False,XLRE,2,target_5d_forward_return_excess_spy,0.001,1.0,0.09690233970154431
z_relative_volume,0.0,False,XLRE,2,target_5d_forward_return_excess_spy,0.001,1.0,0.09690233970154431
z_RSI_14,-0.0,False,XLRE,2,target_5d_forward_return_excess_spy,0.001,1.0,0.09690233970154431
z_market_beta_60d,-0.0,False,XLRE,2,target_5d_forward_return_excess_spy,0.001,1.0,0.09690233970154431
z_idio_vol_60d,0.0005051185578418076,True,XLRE,2,target_5d_forward_return_excess_spy,0.001,1.0,0.09690233970154431
z_Federal_Funds_Rate,0.0019638043949136543,True,XLRE,2,target_5d_forward_return_excess_spy,0.001,1.0,0.09690233970154431
z_Treasury_10Y,0.0,False,XLRE,2,target_5d_forward_return_excess_spy,0.001,1.0,0.09690233970154431
z_Yield_Spread_10Y2Y,-0.0,False,XLRE,2,target_5d_forward_return_excess_spy,0.001,1.0,0.09690233970154431
z_Breakeven_Inflation_10Y,0.0,False,XLRE,2,target_5d_forward_return_excess_spy,0.001,1.0,0.09690233970154431
z_CPI,0.00020564760880880723,True,XLRE,2,target_5d_forward_return_excess_spy,0.001,1.0,0.09690233970154431
z_Unemployment_Rate,-0.0,False,XLRE,2,target_5d_forward_return_excess_spy,0.001,1.0,0.09690233970154431
z_Financial_Conditions_Index,0.0,False,XLRE,2,target_5d_forward_return_excess_spy,0.001,1.0,0.09690233970154431
z_VIX,-0.0,False,XLRE,2,target_5d_forward_return_excess_spy,0.001,1.0,0.09690233970154431
z_rate_sensitivity_beta,-0.001947437836844613,True,XLRE,2,target_5d_forward_return_excess_spy,0.001,1.0,0.09690233970154431
z_return_5d,-0.0007116611545281579,True,XLU,2,target_5d_forward_return_excess_spy,0.001,0.7,0.12007348691821024
z_return_5d_rel_spy,-4.488528455309867e-06,True,XLU,2,target_5d_forward_return_excess_spy,0.001,0.7,0.12007348691821024
z_return_5d_excess_rf,-1.4863371796429938e-08,True,XLU,2,target_5d_forward_return_excess_spy,0.001,0.7,0.12007348691821024
z_return_20d,-0.0,False,XLU,2,target_5d_forward_return_excess_spy,0.001,0.7,0.12007348691821024
z_return_20d_rel_spy,-0.0,False,XLU,2,target_5d_forward_return_excess_spy,0.001,0.7,0.12007348691821024
z_return_20d_excess_rf,-0.0,False,XLU,2,target_5d_forward_return_excess_spy,0.001,0.7,0.12007348691821024
z_return_60d_rel_spy,-0.0008529604673272406,True,XLU,2,target_5d_forward_return_excess_spy,0.001,0.7,0.12007348691821024
z_price_to_MA20,-0.0,False,XLU,2,target_5d_forward_return_excess_spy,0.001,0.7,0.12007348691821024
z_price_to_MA50,-0.0,False,XLU,2,target_5d_forward_return_excess_spy,0.001,0.7,0.12007348691821024
z_MA20_minus_MA50,-0.002242635593761688,True,XLU,2,target_5d_forward_return_excess_spy,0.001,0.7,0.12007348691821024
z_volatility_20d,-0.0,False,XLU,2,target_5d_forward_return_excess_spy,0.001,0.7,0.12007348691821024
z_max_drawdown_60d,-0.0014340313676757704,True,XLU,2,target_5d_forward_return_excess_spy,0.001,0.7,0.12007348691821024
z_ATR_14,-0.0014885753413125488,True,XLU,2,target_5d_forward_return_excess_spy,0.001,0.7,0.12007348691821024
z_volume_change,-0.0,False,XLU,2,target_5d_forward_return_excess_spy,0.001,0.7,0.12007348691821024
z_relative_volume,-0.0002735297820449475,True,XLU,2,target_5d_forward_return_excess_spy,0.001,0.7,0.12007348691821024
z_RSI_14,0.0017432447317747358,True,XLU,2,target_5d_forward_return_excess_spy,0.001,0.7,0.12007348691821024
z_market_beta_60d,-0.00448584858269263,True,XLU,2,target_5d_forward_return_excess_spy,0.001,0.7,0.12007348691821024
z_idio_vol_60d,0.0,False,XLU,2,target_5d_forward_return_excess_spy,0.001,0.7,0.12007348691821024
z_Federal_Funds_Rate,0.0,False,XLU,2,target_5d_forward_return_excess_spy,0.001,0.7,0.12007348691821024
z_Treasury_10Y,0.002931470508266567,True,XLU,2,target_5d_forward_return_excess_spy,0.001,0.7,0.12007348691821024
z_Yield_Spread_10Y2Y,-0.0019968960830537715,True,XLU,2,target_5d_forward_return_excess_spy,0.001,0.7,0.12007348691821024
z_Breakeven_Inflation_10Y,0.0,False,XLU,2,target_5d_forward_return_excess_spy,0.001,0.7,0.12007348691821024
z_CPI,0.00028160868966607585,True,XLU,2,target_5d_forward_return_excess_spy,0.001,0.7,0.12007348691821024
z_Unemployment_Rate,-0.0,False,XLU,2,target_5d_forward_return_excess_spy,0.001,0.7,0.12007348691821024
z_Financial_Conditions_Index,0.0031287217812767374,True,XLU,2,target_5d_forward_return_excess_spy,0.001,0.7,0.12007348691821024
z_VIX,-0.0013381873383484064,True,XLU,2,target_5d_forward_return_excess_spy,0.001,0.7,0.12007348691821024
z_rate_sensitivity_beta,-0.0,False,XLU,2,target_5d_forward_return_excess_spy,0.001,0.7,0.12007348691821024
z_return_5d,-0.0,False,XLV,2,target_5d_forward_return_excess_spy,0.001,0.9,0.20835813794378688
z_return_5d_rel_spy,-0.0,False,XLV,2,target_5d_forward_return_excess_spy,0.001,0.9,0.20835813794378688
z_return_5d_excess_rf,-0.0,False,XLV,2,target_5d_forward_return_excess_spy,0.001,0.9,0.20835813794378688
z_return_20d,0.0,False,XLV,2,target_5d_forward_return_excess_spy,0.001,0.9,0.20835813794378688
z_return_20d_rel_spy,0.0,False,XLV,2,target_5d_forward_return_excess_spy,0.001,0.9,0.20835813794378688
z_return_20d_excess_rf,0.0,False,XLV,2,target_5d_forward_return_excess_spy,0.001,0.9,0.20835813794378688
z_return_60d_rel_spy,-0.0,False,XLV,2,target_5d_forward_return_excess_spy,0.001,0.9,0.20835813794378688
z_price_to_MA20,0.0,False,XLV,2,target_5d_forward_return_excess_spy,0.001,0.9,0.20835813794378688
z_price_to_MA50,-0.0,False,XLV,2,target_5d_forward_return_excess_spy,0.001,0.9,0.20835813794378688
z_MA20_minus_MA50,-0.0018323822299889869,True,XLV,2,target_5d_forward_return_excess_spy,0.001,0.9,0.20835813794378688
z_volatility_20d,0.0,False,XLV,2,target_5d_forward_return_excess_spy,0.001,0.9,0.20835813794378688
z_max_drawdown_60d,-0.0,False,XLV,2,target_5d_forward_return_excess_spy,0.001,0.9,0.20835813794378688
z_ATR_14,-4.02029935433618e-05,True,XLV,2,target_5d_forward_return_excess_spy,0.001,0.9,0.20835813794378688
z_volume_change,-0.0,False,XLV,2,target_5d_forward_return_excess_spy,0.001,0.9,0.20835813794378688
z_relative_volume,-0.0,False,XLV,2,target_5d_forward_return_excess_spy,0.001,0.9,0.20835813794378688
z_RSI_14,-0.0,False,XLV,2,target_5d_forward_return_excess_spy,0.001,0.9,0.20835813794378688
z_market_beta_60d,0.0,False,XLV,2,target_5d_forward_return_excess_spy,0.001,0.9,0.20835813794378688
z_idio_vol_60d,0.0020291469046505965,True,XLV,2,target_5d_forward_return_excess_spy,0.001,0.9,0.20835813794378688
z_Federal_Funds_Rate,-0.0,False,XLV,2,target_5d_forward_return_excess_spy,0.001,0.9,0.20835813794378688
z_Treasury_10Y,0.001019946390279809,True,XLV,2,target_5d_forward_return_excess_spy,0.001,0.9,0.20835813794378688
z_Yield_Spread_10Y2Y,0.0,False,XLV,2,target_5d_forward_return_excess_spy,0.001,0.9,0.20835813794378688
z_Breakeven_Inflation_10Y,0.00018763204661199152,True,XLV,2,target_5d_forward_return_excess_spy,0.001,0.9,0.20835813794378688
z_CPI,0.0,False,XLV,2,target_5d_forward_return_excess_spy,0.001,0.9,0.20835813794378688
z_Unemployment_Rate,-0.00042426654300293024,True,XLV,2,target_5d_forward_return_excess_spy,0.001,0.9,0.20835813794378688
z_Financial_Conditions_Index,0.002065641979011831,True,XLV,2,target_5d_forward_return_excess_spy,0.001,0.9,0.20835813794378688
z_VIX,0.0,False,XLV,2,target_5d_forward_return_excess_spy,0.001,0.9,0.20835813794378688
z_rate_sensitivity_beta,0.0009216154226354959,True,XLV,2,target_5d_forward_return_excess_spy,0.001,0.9,0.20835813794378688
z_return_5d,-0.0016350227552076244,True,XLY,2,target_5d_forward_return_excess_spy,1e-05,0.1,0.19527300615919285
z_return_5d_rel_spy,-1.0549928455492984e-06,True,XLY,2,target_5d_forward_return_excess_spy,1e-05,0.1,0.19527300615919285
z_return_5d_excess_rf,-3.4070682856484525e-10,False,XLY,2,target_5d_forward_return_excess_spy,1e-05,0.1,0.19527300615919285
z_return_20d,0.0003242222130683431,True,XLY,2,target_5d_forward_return_excess_spy,1e-05,0.1,0.19527300615919285
z_return_20d_rel_spy,1.5081131343643932e-07,True,XLY,2,target_5d_forward_return_excess_spy,1e-05,0.1,0.19527300615919285
z_return_20d_excess_rf,3.6740060866708914e-11,False,XLY,2,target_5d_forward_return_excess_spy,1e-05,0.1,0.19527300615919285
z_return_60d_rel_spy,-0.0017817328676185895,True,XLY,2,target_5d_forward_return_excess_spy,1e-05,0.1,0.19527300615919285
z_price_to_MA20,-0.0010936342080850585,True,XLY,2,target_5d_forward_return_excess_spy,1e-05,0.1,0.19527300615919285
z_price_to_MA50,-3.29381611292329e-05,True,XLY,2,target_5d_forward_return_excess_spy,1e-05,0.1,0.19527300615919285
z_MA20_minus_MA50,-0.002343756145330599,True,XLY,2,target_5d_forward_return_excess_spy,1e-05,0.1,0.19527300615919285
z_volatility_20d,0.0013066958241052648,True,XLY,2,target_5d_forward_return_excess_spy,1e-05,0.1,0.19527300615919285
z_max_drawdown_60d,0.001379633272235434,True,XLY,2,target_5d_forward_return_excess_spy,1e-05,0.1,0.19527300615919285
z_ATR_14,-0.0005190662931254123,True,XLY,2,target_5d_forward_return_excess_spy,1e-05,0.1,0.19527300615919285
z_volume_change,-0.001320790747323666,True,XLY,2,target_5d_forward_return_excess_spy,1e-05,0.1,0.19527300615919285
z_relative_volume,0.0017535014944597524,True,XLY,2,target_5d_forward_return_excess_spy,1e-05,0.1,0.19527300615919285
z_RSI_14,0.0009580193577707967,True,XLY,2,target_5d_forward_return_excess_spy,1e-05,0.1,0.19527300615919285
z_market_beta_60d,-0.00378308285218942,True,XLY,2,target_5d_forward_return_excess_spy,1e-05,0.1,0.19527300615919285
z_idio_vol_60d,-0.0018912153280518642,True,XLY,2,target_5d_forward_return_excess_spy,1e-05,0.1,0.19527300615919285
z_Federal_Funds_Rate,0.003967434249774324,True,XLY,2,target_5d_forward_return_excess_spy,1e-05,0.1,0.19527300615919285
z_Treasury_10Y,-0.002066697226689045,True,XLY,2,target_5d_forward_return_excess_spy,1e-05,0.1,0.19527300615919285
z_Yield_Spread_10Y2Y,0.002189736155718889,True,XLY,2,target_5d_forward_return_excess_spy,1e-05,0.1,0.19527300615919285
z_Breakeven_Inflation_10Y,-0.001188324434160586,True,XLY,2,target_5d_forward_return_excess_spy,1e-05,0.1,0.19527300615919285
z_CPI,-0.0014087719585651546,True,XLY,2,target_5d_forward_return_excess_spy,1e-05,0.1,0.19527300615919285
z_Unemployment_Rate,0.0017108478722672228,True,XLY,2,target_5d_forward_return_excess_spy,1e-05,0.1,0.19527300615919285
z_Financial_Conditions_Index,-0.002711764299509869,True,XLY,2,target_5d_forward_return_excess_spy,1e-05,0.1,0.19527300615919285
z_VIX,0.0010104549328124406,True,XLY,2,target_5d_forward_return_excess_spy,1e-05,0.1,0.19527300615919285
z_rate_sensitivity_beta,-0.00025626350952336893,True,XLY,2,target_5d_forward_return_excess_spy,1e-05,0.1,0.19527300615919285
z_return_5d,-0.0024056653057202434,True,XLB,3,target_5d_forward_return_excess_spy,1e-05,0.3,0.1054440654276275
z_return_5d_rel_spy,-1.2483043704193094e-06,True,XLB,3,target_5d_forward_return_excess_spy,1e-05,0.3,0.1054440654276275
z_return_5d_excess_rf,-3.2833092085858913e-10,False,XLB,3,target_5d_forward_return_excess_spy,1e-05,0.3,0.1054440654276275
z_return_20d,-0.0023658990196412807,True,XLB,3,target_5d_forward_return_excess_spy,1e-05,0.3,0.1054440654276275
z_return_20d_rel_spy,-1.224381017121974e-06,True,XLB,3,target_5d_forward_return_excess_spy,1e-05,0.3,0.1054440654276275
z_return_20d_excess_rf,-3.2246265356749625e-10,False,XLB,3,target_5d_forward_return_excess_spy,1e-05,0.3,0.1054440654276275
z_return_60d_rel_spy,-0.0026260285088882205,True,XLB,3,target_5d_forward_return_excess_spy,1e-05,0.3,0.1054440654276275
z_price_to_MA20,0.0035845481674899463,True,XLB,3,target_5d_forward_return_excess_spy,1e-05,0.3,0.1054440654276275
z_price_to_MA50,0.0007118329819437327,True,XLB,3,target_5d_forward_return_excess_spy,1e-05,0.3,0.1054440654276275
z_MA20_minus_MA50,-0.0023914155213119147,True,XLB,3,target_5d_forward_return_excess_spy,1e-05,0.3,0.1054440654276275
z_volatility_20d,-0.0006002131910295982,True,XLB,3,target_5d_forward_return_excess_spy,1e-05,0.3,0.1054440654276275
z_max_drawdown_60d,0.0010042456863047044,True,XLB,3,target_5d_forward_return_excess_spy,1e-05,0.3,0.1054440654276275
z_ATR_14,-0.00044436154953518396,True,XLB,3,target_5d_forward_return_excess_spy,1e-05,0.3,0.1054440654276275
z_volume_change,0.0003257644366871978,True,XLB,3,target_5d_forward_return_excess_spy,1e-05,0.3,0.1054440654276275
z_relative_volume,0.0004367362709547738,True,XLB,3,target_5d_forward_return_excess_spy,1e-05,0.3,0.1054440654276275
z_RSI_14,-0.0010716628117002957,True,XLB,3,target_5d_forward_return_excess_spy,1e-05,0.3,0.1054440654276275
z_market_beta_60d,-0.0008758750051209838,True,XLB,3,target_5d_forward_return_excess_spy,1e-05,0.3,0.1054440654276275
z_idio_vol_60d,-0.003327265106859302,True,XLB,3,target_5d_forward_return_excess_spy,1e-05,0.3,0.1054440654276275
z_Federal_Funds_Rate,0.0005996463189798942,True,XLB,3,target_5d_forward_return_excess_spy,1e-05,0.3,0.1054440654276275
z_Treasury_10Y,-0.0022887125898702716,True,XLB,3,target_5d_forward_return_excess_spy,1e-05,0.3,0.1054440654276275
z_Yield_Spread_10Y2Y,0.00043954619220889504,True,XLB,3,target_5d_forward_return_excess_spy,1e-05,0.3,0.1054440654276275
z_Breakeven_Inflation_10Y,0.000607434241712956,True,XLB,3,target_5d_forward_return_excess_spy,1e-05,0.3,0.1054440654276275
z_CPI,-0.00043348898460841845,True,XLB,3,target_5d_forward_return_excess_spy,1e-05,0.3,0.1054440654276275
z_Unemployment_Rate,0.0005628418305962141,True,XLB,3,target_5d_forward_return_excess_spy,1e-05,0.3,0.1054440654276275
z_Financial_Conditions_Index,-0.0011711475369621037,True,XLB,3,target_5d_forward_return_excess_spy,1e-05,0.3,0.1054440654276275
z_VIX,0.0012605070343875392,True,XLB,3,target_5d_forward_return_excess_spy,1e-05,0.3,0.1054440654276275
z_rate_sensitivity_beta,0.0003281316841743006,True,XLB,3,target_5d_forward_return_excess_spy,1e-05,0.3,0.1054440654276275
z_return_5d,-0.0003752804735903025,True,XLC,3,target_5d_forward_return_excess_spy,0.001,1.0,0.21413430924572216
z_return_5d_rel_spy,-0.0,False,XLC,3,target_5d_forward_return_excess_spy,0.001,1.0,0.21413430924572216
z_return_5d_excess_rf,-0.0,False,XLC,3,target_5d_forward_return_excess_spy,0.001,1.0,0.21413430924572216
z_return_20d,-0.0,False,XLC,3,target_5d_forward_return_excess_spy,0.001,1.0,0.21413430924572216
z_return_20d_rel_spy,-0.0,False,XLC,3,target_5d_forward_return_excess_spy,0.001,1.0,0.21413430924572216
z_return_20d_excess_rf,-0.0,False,XLC,3,target_5d_forward_return_excess_spy,0.001,1.0,0.21413430924572216
z_return_60d_rel_spy,-0.0,False,XLC,3,target_5d_forward_return_excess_spy,0.001,1.0,0.21413430924572216
z_price_to_MA20,-0.0006493102047384528,True,XLC,3,target_5d_forward_return_excess_spy,0.001,1.0,0.21413430924572216
z_price_to_MA50,-0.0005775475350402467,True,XLC,3,target_5d_forward_return_excess_spy,0.001,1.0,0.21413430924572216
z_MA20_minus_MA50,0.0,False,XLC,3,target_5d_forward_return_excess_spy,0.001,1.0,0.21413430924572216
z_volatility_20d,-0.00036682509053325357,True,XLC,3,target_5d_forward_return_excess_spy,0.001,1.0,0.21413430924572216
z_max_drawdown_60d,0.0,False,XLC,3,target_5d_forward_return_excess_spy,0.001,1.0,0.21413430924572216
z_ATR_14,-0.0,False,XLC,3,target_5d_forward_return_excess_spy,0.001,1.0,0.21413430924572216
z_volume_change,-0.0,False,XLC,3,target_5d_forward_return_excess_spy,0.001,1.0,0.21413430924572216
z_relative_volume,0.0,False,XLC,3,target_5d_forward_return_excess_spy,0.001,1.0,0.21413430924572216
z_RSI_14,-0.0,False,XLC,3,target_5d_forward_return_excess_spy,0.001,1.0,0.21413430924572216
z_market_beta_60d,-0.0,False,XLC,3,target_5d_forward_return_excess_spy,0.001,1.0,0.21413430924572216
z_idio_vol_60d,0.0,False,XLC,3,target_5d_forward_return_excess_spy,0.001,1.0,0.21413430924572216
z_Federal_Funds_Rate,-0.0,False,XLC,3,target_5d_forward_return_excess_spy,0.001,1.0,0.21413430924572216
z_Treasury_10Y,-0.0015106563568449735,True,XLC,3,target_5d_forward_return_excess_spy,0.001,1.0,0.21413430924572216
z_Yield_Spread_10Y2Y,5.2477482059356794e-05,True,XLC,3,target_5d_forward_return_excess_spy,0.001,1.0,0.21413430924572216
z_Breakeven_Inflation_10Y,-0.0,False,XLC,3,target_5d_forward_return_excess_spy,0.001,1.0,0.21413430924572216
z_CPI,-0.0,False,XLC,3,target_5d_forward_return_excess_spy,0.001,1.0,0.21413430924572216
z_Unemployment_Rate,0.0,False,XLC,3,target_5d_forward_return_excess_spy,0.001,1.0,0.21413430924572216
z_Financial_Conditions_Index,0.0,False,XLC,3,target_5d_forward_return_excess_spy,0.001,1.0,0.21413430924572216
z_VIX,9.166052911574379e-05,True,XLC,3,target_5d_forward_return_excess_spy,0.001,1.0,0.21413430924572216
z_rate_sensitivity_beta,-0.0,False,XLC,3,target_5d_forward_return_excess_spy,0.001,1.0,0.21413430924572216
z_return_5d,0.003424834863939838,True,XLE,3,target_5d_forward_return_excess_spy,0.0001,1.0,0.07770049688536951
z_return_5d_rel_spy,0.0,False,XLE,3,target_5d_forward_return_excess_spy,0.0001,1.0,0.07770049688536951
z_return_5d_excess_rf,3.720694765324779e-17,False,XLE,3,target_5d_forward_return_excess_spy,0.0001,1.0,0.07770049688536951
z_return_20d,0.00601424252347297,True,XLE,3,target_5d_forward_return_excess_spy,0.0001,1.0,0.07770049688536951
z_return_20d_rel_spy,2.8465472484433856e-17,False,XLE,3,target_5d_forward_return_excess_spy,0.0001,1.0,0.07770049688536951
z_return_20d_excess_rf,8.351727868293553e-20,False,XLE,3,target_5d_forward_return_excess_spy,0.0001,1.0,0.07770049688536951
z_return_60d_rel_spy,-0.010241945792433125,True,XLE,3,target_5d_forward_return_excess_spy,0.0001,1.0,0.07770049688536951
z_price_to_MA20,-0.00937081370104401,True,XLE,3,target_5d_forward_return_excess_spy,0.0001,1.0,0.07770049688536951
z_price_to_MA50,0.003853459825380958,True,XLE,3,target_5d_forward_return_excess_spy,0.0001,1.0,0.07770049688536951
z_MA20_minus_MA50,4.7071923638930805e-05,True,XLE,3,target_5d_forward_return_excess_spy,0.0001,1.0,0.07770049688536951
z_volatility_20d,0.003174825295811247,True,XLE,3,target_5d_forward_return_excess_spy,0.0001,1.0,0.07770049688536951
z_max_drawdown_60d,0.00894960268380807,True,XLE,3,target_5d_forward_return_excess_spy,0.0001,1.0,0.07770049688536951
z_ATR_14,-0.014838316544593673,True,XLE,3,target_5d_forward_return_excess_spy,0.0001,1.0,0.07770049688536951
z_volume_change,-0.0008482077663996025,True,XLE,3,target_5d_forward_return_excess_spy,0.0001,1.0,0.07770049688536951
z_relative_volume,-0.0008166589192098441,True,XLE,3,target_5d_forward_return_excess_spy,0.0001,1.0,0.07770049688536951
z_RSI_14,0.006080242134521341,True,XLE,3,target_5d_forward_return_excess_spy,0.0001,1.0,0.07770049688536951
z_market_beta_60d,0.008440583409820401,True,XLE,3,target_5d_forward_return_excess_spy,0.0001,1.0,0.07770049688536951
z_idio_vol_60d,0.013279653144763481,True,XLE,3,target_5d_forward_return_excess_spy,0.0001,1.0,0.07770049688536951
z_Federal_Funds_Rate,0.010277873006605077,True,XLE,3,target_5d_forward_return_excess_spy,0.0001,1.0,0.07770049688536951
z_Treasury_10Y,0.009978853676471628,True,XLE,3,target_5d_forward_return_excess_spy,0.0001,1.0,0.07770049688536951
z_Yield_Spread_10Y2Y,0.00041206830420499873,True,XLE,3,target_5d_forward_return_excess_spy,0.0001,1.0,0.07770049688536951
z_Breakeven_Inflation_10Y,-0.015488258735781909,True,XLE,3,target_5d_forward_return_excess_spy,0.0001,1.0,0.07770049688536951
z_CPI,0.0034793771115360053,True,XLE,3,target_5d_forward_return_excess_spy,0.0001,1.0,0.07770049688536951
z_Unemployment_Rate,0.0010208631189454025,True,XLE,3,target_5d_forward_return_excess_spy,0.0001,1.0,0.07770049688536951
z_Financial_Conditions_Index,-0.007550324534394841,True,XLE,3,target_5d_forward_return_excess_spy,0.0001,1.0,0.07770049688536951
z_VIX,-0.003972596441527015,True,XLE,3,target_5d_forward_return_excess_spy,0.0001,1.0,0.07770049688536951
z_rate_sensitivity_beta,-0.009915492666194157,True,XLE,3,target_5d_forward_return_excess_spy,0.0001,1.0,0.07770049688536951
z_return_5d,-0.0,False,XLF,3,target_5d_forward_return_excess_spy,0.01,0.3,0.023948302656713476
z_return_5d_rel_spy,-0.0,False,XLF,3,target_5d_forward_return_excess_spy,0.01,0.3,0.023948302656713476
z_return_5d_excess_rf,-0.0,False,XLF,3,target_5d_forward_return_excess_spy,0.01,0.3,0.023948302656713476
z_return_20d,-0.0,False,XLF,3,target_5d_forward_return_excess_spy,0.01,0.3,0.023948302656713476
z_return_20d_rel_spy,-0.0,False,XLF,3,target_5d_forward_return_excess_spy,0.01,0.3,0.023948302656713476
z_return_20d_excess_rf,-0.0,False,XLF,3,target_5d_forward_return_excess_spy,0.01,0.3,0.023948302656713476
z_return_60d_rel_spy,-0.0,False,XLF,3,target_5d_forward_return_excess_spy,0.01,0.3,0.023948302656713476
z_price_to_MA20,-0.0,False,XLF,3,target_5d_forward_return_excess_spy,0.01,0.3,0.023948302656713476
z_price_to_MA50,-0.0,False,XLF,3,target_5d_forward_return_excess_spy,0.01,0.3,0.023948302656713476
z_MA20_minus_MA50,-0.0,False,XLF,3,target_5d_forward_return_excess_spy,0.01,0.3,0.023948302656713476
z_volatility_20d,0.0,False,XLF,3,target_5d_forward_return_excess_spy,0.01,0.3,0.023948302656713476
z_max_drawdown_60d,-0.0,False,XLF,3,target_5d_forward_return_excess_spy,0.01,0.3,0.023948302656713476
z_ATR_14,-0.0,False,XLF,3,target_5d_forward_return_excess_spy,0.01,0.3,0.023948302656713476
z_volume_change,-0.0,False,XLF,3,target_5d_forward_return_excess_spy,0.01,0.3,0.023948302656713476
z_relative_volume,-0.0,False,XLF,3,target_5d_forward_return_excess_spy,0.01,0.3,0.023948302656713476
z_RSI_14,-0.0,False,XLF,3,target_5d_forward_return_excess_spy,0.01,0.3,0.023948302656713476
z_market_beta_60d,-0.0,False,XLF,3,target_5d_forward_return_excess_spy,0.01,0.3,0.023948302656713476
z_idio_vol_60d,0.0,False,XLF,3,target_5d_forward_return_excess_spy,0.01,0.3,0.023948302656713476
z_Federal_Funds_Rate,0.0,False,XLF,3,target_5d_forward_return_excess_spy,0.01,0.3,0.023948302656713476
z_Treasury_10Y,0.0,False,XLF,3,target_5d_forward_return_excess_spy,0.01,0.3,0.023948302656713476
z_Yield_Spread_10Y2Y,0.0,False,XLF,3,target_5d_forward_return_excess_spy,0.01,0.3,0.023948302656713476
z_Breakeven_Inflation_10Y,0.0,False,XLF,3,target_5d_forward_return_excess_spy,0.01,0.3,0.023948302656713476
z_CPI,0.0,False,XLF,3,target_5d_forward_return_excess_spy,0.01,0.3,0.023948302656713476
z_Unemployment_Rate,-0.0,False,XLF,3,target_5d_forward_return_excess_spy,0.01,0.3,0.023948302656713476
z_Financial_Conditions_Index,-0.0,False,XLF,3,target_5d_forward_return_excess_spy,0.01,0.3,0.023948302656713476
z_VIX,-0.0,False,XLF,3,target_5d_forward_return_excess_spy,0.01,0.3,0.023948302656713476
z_rate_sensitivity_beta,0.0,False,XLF,3,target_5d_forward_return_excess_spy,0.01,0.3,0.023948302656713476
z_return_5d,-8.343664868374511e-05,True,XLI,3,target_5d_forward_return_excess_spy,0.001,0.3,0.20465732251716026
z_return_5d_rel_spy,-9.935860230902106e-07,True,XLI,3,target_5d_forward_return_excess_spy,0.001,0.3,0.20465732251716026
z_return_5d_excess_rf,-6.280161825801695e-09,False,XLI,3,target_5d_forward_return_excess_spy,0.001,0.3,0.20465732251716026
z_return_20d,0.0,False,XLI,3,target_5d_forward_return_excess_spy,0.001,0.3,0.20465732251716026
z_return_20d_rel_spy,0.0,False,XLI,3,target_5d_forward_return_excess_spy,0.001,0.3,0.20465732251716026
z_return_20d_excess_rf,0.0,False,XLI,3,target_5d_forward_return_excess_spy,0.001,0.3,0.20465732251716026
z_return_60d_rel_spy,-0.0,False,XLI,3,target_5d_forward_return_excess_spy,0.001,0.3,0.20465732251716026
z_price_to_MA20,-0.0,False,XLI,3,target_5d_forward_return_excess_spy,0.001,0.3,0.20465732251716026
z_price_to_MA50,-0.0,False,XLI,3,target_5d_forward_return_excess_spy,0.001,0.3,0.20465732251716026
z_MA20_minus_MA50,-0.001279604004254205,True,XLI,3,target_5d_forward_return_excess_spy,0.001,0.3,0.20465732251716026
z_volatility_20d,0.0004028778556841855,True,XLI,3,target_5d_forward_return_excess_spy,0.001,0.3,0.20465732251716026
z_max_drawdown_60d,-0.0011201275342511176,True,XLI,3,target_5d_forward_return_excess_spy,0.001,0.3,0.20465732251716026
z_ATR_14,-0.002101554642737449,True,XLI,3,target_5d_forward_return_excess_spy,0.001,0.3,0.20465732251716026
z_volume_change,0.00015367069651345315,True,XLI,3,target_5d_forward_return_excess_spy,0.001,0.3,0.20465732251716026
z_relative_volume,9.733820300470765e-07,True,XLI,3,target_5d_forward_return_excess_spy,0.001,0.3,0.20465732251716026
z_RSI_14,-0.0013240315216165059,True,XLI,3,target_5d_forward_return_excess_spy,0.001,0.3,0.20465732251716026
z_market_beta_60d,-0.0020000937022325587,True,XLI,3,target_5d_forward_return_excess_spy,0.001,0.3,0.20465732251716026
z_idio_vol_60d,-0.00043330978959506635,True,XLI,3,target_5d_forward_return_excess_spy,0.001,0.3,0.20465732251716026
z_Federal_Funds_Rate,1.4263468073967324e-05,True,XLI,3,target_5d_forward_return_excess_spy,0.001,0.3,0.20465732251716026
z_Treasury_10Y,-0.0,False,XLI,3,target_5d_forward_return_excess_spy,0.001,0.3,0.20465732251716026
z_Yield_Spread_10Y2Y,0.0003869433138328197,True,XLI,3,target_5d_forward_return_excess_spy,0.001,0.3,0.20465732251716026
z_Breakeven_Inflation_10Y,-0.0,False,XLI,3,target_5d_forward_return_excess_spy,0.001,0.3,0.20465732251716026
z_CPI,-0.00021041662798352862,True,XLI,3,target_5d_forward_return_excess_spy,0.001,0.3,0.20465732251716026
z_Unemployment_Rate,-0.00017452982825287016,True,XLI,3,target_5d_forward_return_excess_spy,0.001,0.3,0.20465732251716026
z_Financial_Conditions_Index,-0.002340393575335039,True,XLI,3,target_5d_forward_return_excess_spy,0.001,0.3,0.20465732251716026
z_VIX,-0.0014960727078123907,True,XLI,3,target_5d_forward_return_excess_spy,0.001,0.3,0.20465732251716026
z_rate_sensitivity_beta,0.00027384998879299394,True,XLI,3,target_5d_forward_return_excess_spy,0.001,0.3,0.20465732251716026
z_return_5d,0.000336939521098589,True,XLK,3,target_5d_forward_return_excess_spy,1e-05,0.1,0.03431621254327166
z_return_5d_rel_spy,2.1273783176254507e-07,True,XLK,3,target_5d_forward_return_excess_spy,1e-05,0.1,0.03431621254327166
z_return_5d_excess_rf,6.835588692308143e-11,False,XLK,3,target_5d_forward_return_excess_spy,1e-05,0.1,0.03431621254327166
z_return_20d,-0.0019009516086761536,True,XLK,3,target_5d_forward_return_excess_spy,1e-05,0.1,0.03431621254327166
z_return_20d_rel_spy,-1.8050483187012364e-06,True,XLK,3,target_5d_forward_return_excess_spy,1e-05,0.1,0.03431621254327166
z_return_20d_excess_rf,-8.426644518073741e-10,False,XLK,3,target_5d_forward_return_excess_spy,1e-05,0.1,0.03431621254327166
z_return_60d_rel_spy,-0.0018915367701070546,True,XLK,3,target_5d_forward_return_excess_spy,1e-05,0.1,0.03431621254327166
z_price_to_MA20,-0.005493586326977486,True,XLK,3,target_5d_forward_return_excess_spy,1e-05,0.1,0.03431621254327166
z_price_to_MA50,0.007087595332301043,True,XLK,3,target_5d_forward_return_excess_spy,1e-05,0.1,0.03431621254327166
z_MA20_minus_MA50,-0.003582212131722886,True,XLK,3,target_5d_forward_return_excess_spy,1e-05,0.1,0.03431621254327166
z_volatility_20d,0.0002965036600443381,True,XLK,3,target_5d_forward_return_excess_spy,1e-05,0.1,0.03431621254327166
z_max_drawdown_60d,-0.0005019751939501361,True,XLK,3,target_5d_forward_return_excess_spy,1e-05,0.1,0.03431621254327166
z_ATR_14,-0.001625174125882622,True,XLK,3,target_5d_forward_return_excess_spy,1e-05,0.1,0.03431621254327166
z_volume_change,7.943254278692827e-06,True,XLK,3,target_5d_forward_return_excess_spy,1e-05,0.1,0.03431621254327166
z_relative_volume,-0.00030046377777988753,True,XLK,3,target_5d_forward_return_excess_spy,1e-05,0.1,0.03431621254327166
z_RSI_14,0.0006360246446520964,True,XLK,3,target_5d_forward_return_excess_spy,1e-05,0.1,0.03431621254327166
z_market_beta_60d,-0.0015230830879160038,True,XLK,3,target_5d_forward_return_excess_spy,1e-05,0.1,0.03431621254327166
z_idio_vol_60d,-0.0007227193414350838,True,XLK,3,target_5d_forward_return_excess_spy,1e-05,0.1,0.03431621254327166
z_Federal_Funds_Rate,-0.0013414141006067124,True,XLK,3,target_5d_forward_return_excess_spy,1e-05,0.1,0.03431621254327166
z_Treasury_10Y,-0.003344791050281489,True,XLK,3,target_5d_forward_return_excess_spy,1e-05,0.1,0.03431621254327166
z_Yield_Spread_10Y2Y,-0.0005047528685702135,True,XLK,3,target_5d_forward_return_excess_spy,1e-05,0.1,0.03431621254327166
z_Breakeven_Inflation_10Y,0.0005481655348179539,True,XLK,3,target_5d_forward_return_excess_spy,1e-05,0.1,0.03431621254327166
z_CPI,-0.0006647528967982315,True,XLK,3,target_5d_forward_return_excess_spy,1e-05,0.1,0.03431621254327166
z_Unemployment_Rate,0.00047223641452757596,True,XLK,3,target_5d_forward_return_excess_spy,1e-05,0.1,0.03431621254327166
z_Financial_Conditions_Index,-0.0013151511924679904,True,XLK,3,target_5d_forward_return_excess_spy,1e-05,0.1,0.03431621254327166
z_VIX,0.001604874819622578,True,XLK,3,target_5d_forward_return_excess_spy,1e-05,0.1,0.03431621254327166
z_rate_sensitivity_beta,-0.0012116233553832484,True,XLK,3,target_5d_forward_return_excess_spy,1e-05,0.1,0.03431621254327166
z_return_5d,-0.003385681604422518,True,XLP,3,target_5d_forward_return_excess_spy,1e-05,0.1,0.17120583503529604
z_return_5d_rel_spy,-2.2808822195660887e-06,True,XLP,3,target_5d_forward_return_excess_spy,1e-05,0.1,0.17120583503529604
z_return_5d_excess_rf,-7.768086426937316e-10,False,XLP,3,target_5d_forward_return_excess_spy,1e-05,0.1,0.17120583503529604
z_return_20d,-0.0005335939415495408,True,XLP,3,target_5d_forward_return_excess_spy,1e-05,0.1,0.17120583503529604
z_return_20d_rel_spy,-4.4976070701808944e-07,True,XLP,3,target_5d_forward_return_excess_spy,1e-05,0.1,0.17120583503529604
z_return_20d_excess_rf,-1.7486084906737125e-10,False,XLP,3,target_5d_forward_return_excess_spy,1e-05,0.1,0.17120583503529604
z_return_60d_rel_spy,0.0005746865969346677,True,XLP,3,target_5d_forward_return_excess_spy,1e-05,0.1,0.17120583503529604
z_price_to_MA20,-0.00209064482682899,True,XLP,3,target_5d_forward_return_excess_spy,1e-05,0.1,0.17120583503529604
z_price_to_MA50,0.00047686060598333145,True,XLP,3,target_5d_forward_return_excess_spy,1e-05,0.1,0.17120583503529604
z_MA20_minus_MA50,-0.002628223666487561,True,XLP,3,target_5d_forward_return_excess_spy,1e-05,0.1,0.17120583503529604
z_volatility_20d,0.002113729348118117,True,XLP,3,target_5d_forward_return_excess_spy,1e-05,0.1,0.17120583503529604
z_max_drawdown_60d,-8.439076889383059e-05,True,XLP,3,target_5d_forward_return_excess_spy,1e-05,0.1,0.17120583503529604
z_ATR_14,-0.0013404605461033417,True,XLP,3,target_5d_forward_return_excess_spy,1e-05,0.1,0.17120583503529604
z_volume_change,-0.00014891029708667406,True,XLP,3,target_5d_forward_return_excess_spy,1e-05,0.1,0.17120583503529604
z_relative_volume,-0.00030605767155959704,True,XLP,3,target_5d_forward_return_excess_spy,1e-05,0.1,0.17120583503529604
z_RSI_14,0.002433387527328403,True,XLP,3,target_5d_forward_return_excess_spy,1e-05,0.1,0.17120583503529604
z_market_beta_60d,-0.00146148555834431,True,XLP,3,target_5d_forward_return_excess_spy,1e-05,0.1,0.17120583503529604
z_idio_vol_60d,-0.005417407915778523,True,XLP,3,target_5d_forward_return_excess_spy,1e-05,0.1,0.17120583503529604
z_Federal_Funds_Rate,-0.00022913721883368771,True,XLP,3,target_5d_forward_return_excess_spy,1e-05,0.1,0.17120583503529604
z_Treasury_10Y,0.0042338194433622495,True,XLP,3,target_5d_forward_return_excess_spy,1e-05,0.1,0.17120583503529604
z_Yield_Spread_10Y2Y,-0.005795014797885823,True,XLP,3,target_5d_forward_return_excess_spy,1e-05,0.1,0.17120583503529604
z_Breakeven_Inflation_10Y,-0.0011973035734914432,True,XLP,3,target_5d_forward_return_excess_spy,1e-05,0.1,0.17120583503529604
z_CPI,0.0019259242901241576,True,XLP,3,target_5d_forward_return_excess_spy,1e-05,0.1,0.17120583503529604
z_Unemployment_Rate,-0.0019104235776553464,True,XLP,3,target_5d_forward_return_excess_spy,1e-05,0.1,0.17120583503529604
z_Financial_Conditions_Index,0.0029921418368774534,True,XLP,3,target_5d_forward_return_excess_spy,1e-05,0.1,0.17120583503529604
z_VIX,0.002149629204900382,True,XLP,3,target_5d_forward_return_excess_spy,1e-05,0.1,0.17120583503529604
z_rate_sensitivity_beta,-0.0002025385210973693,True,XLP,3,target_5d_forward_return_excess_spy,1e-05,0.1,0.17120583503529604
z_return_5d,-0.0,False,XLRE,3,target_5d_forward_return_excess_spy,0.01,0.3,0.1658061119945661
z_return_5d_rel_spy,-0.0,False,XLRE,3,target_5d_forward_return_excess_spy,0.01,0.3,0.1658061119945661
z_return_5d_excess_rf,-0.0,False,XLRE,3,target_5d_forward_return_excess_spy,0.01,0.3,0.1658061119945661
z_return_20d,-0.0,False,XLRE,3,target_5d_forward_return_excess_spy,0.01,0.3,0.1658061119945661
z_return_20d_rel_spy,-0.0,False,XLRE,3,target_5d_forward_return_excess_spy,0.01,0.3,0.1658061119945661
z_return_20d_excess_rf,-0.0,False,XLRE,3,target_5d_forward_return_excess_spy,0.01,0.3,0.1658061119945661
z_return_60d_rel_spy,-0.0,False,XLRE,3,target_5d_forward_return_excess_spy,0.01,0.3,0.1658061119945661
z_price_to_MA20,-0.0,False,XLRE,3,target_5d_forward_return_excess_spy,0.01,0.3,0.1658061119945661
z_price_to_MA50,-0.0,False,XLRE,3,target_5d_forward_return_excess_spy,0.01,0.3,0.1658061119945661
z_MA20_minus_MA50,-0.0,False,XLRE,3,target_5d_forward_return_excess_spy,0.01,0.3,0.1658061119945661
z_volatility_20d,-0.0,False,XLRE,3,target_5d_forward_return_excess_spy,0.01,0.3,0.1658061119945661
z_max_drawdown_60d,-0.0,False,XLRE,3,target_5d_forward_return_excess_spy,0.01,0.3,0.1658061119945661
z_ATR_14,-0.0,False,XLRE,3,target_5d_forward_return_excess_spy,0.01,0.3,0.1658061119945661
z_volume_change,0.0,False,XLRE,3,target_5d_forward_return_excess_spy,0.01,0.3,0.1658061119945661
z_relative_volume,0.0,False,XLRE,3,target_5d_forward_return_excess_spy,0.01,0.3,0.1658061119945661
z_RSI_14,-0.0,False,XLRE,3,target_5d_forward_return_excess_spy,0.01,0.3,0.1658061119945661
z_market_beta_60d,-0.0,False,XLRE,3,target_5d_forward_return_excess_spy,0.01,0.3,0.1658061119945661
z_idio_vol_60d,0.0,False,XLRE,3,target_5d_forward_return_excess_spy,0.01,0.3,0.1658061119945661
z_Federal_Funds_Rate,0.0,False,XLRE,3,target_5d_forward_return_excess_spy,0.01,0.3,0.1658061119945661
z_Treasury_10Y,0.0,False,XLRE,3,target_5d_forward_return_excess_spy,0.01,0.3,0.1658061119945661
z_Yield_Spread_10Y2Y,-0.0,False,XLRE,3,target_5d_forward_return_excess_spy,0.01,0.3,0.1658061119945661
z_Breakeven_Inflation_10Y,0.0,False,XLRE,3,target_5d_forward_return_excess_spy,0.01,0.3,0.1658061119945661
z_CPI,0.0,False,XLRE,3,target_5d_forward_return_excess_spy,0.01,0.3,0.1658061119945661
z_Unemployment_Rate,-0.0,False,XLRE,3,target_5d_forward_return_excess_spy,0.01,0.3,0.1658061119945661
z_Financial_Conditions_Index,-0.0,False,XLRE,3,target_5d_forward_return_excess_spy,0.01,0.3,0.1658061119945661
z_VIX,-0.0,False,XLRE,3,target_5d_forward_return_excess_spy,0.01,0.3,0.1658061119945661
z_rate_sensitivity_beta,-0.0,False,XLRE,3,target_5d_forward_return_excess_spy,0.01,0.3,0.1658061119945661
z_return_5d,-0.0,False,XLU,3,target_5d_forward_return_excess_spy,0.001,0.7,0.13300942724761014
z_return_5d_rel_spy,-0.0,False,XLU,3,target_5d_forward_return_excess_spy,0.001,0.7,0.13300942724761014
z_return_5d_excess_rf,-0.0,False,XLU,3,target_5d_forward_return_excess_spy,0.001,0.7,0.13300942724761014
z_return_20d,-0.0,False,XLU,3,target_5d_forward_return_excess_spy,0.001,0.7,0.13300942724761014
z_return_20d_rel_spy,-0.0,False,XLU,3,target_5d_forward_return_excess_spy,0.001,0.7,0.13300942724761014
z_return_20d_excess_rf,-0.0,False,XLU,3,target_5d_forward_return_excess_spy,0.001,0.7,0.13300942724761014
z_return_60d_rel_spy,-0.001591756043195562,True,XLU,3,target_5d_forward_return_excess_spy,0.001,0.7,0.13300942724761014
z_price_to_MA20,-0.0,False,XLU,3,target_5d_forward_return_excess_spy,0.001,0.7,0.13300942724761014
z_price_to_MA50,-0.0,False,XLU,3,target_5d_forward_return_excess_spy,0.001,0.7,0.13300942724761014
z_MA20_minus_MA50,-0.0009352801711767625,True,XLU,3,target_5d_forward_return_excess_spy,0.001,0.7,0.13300942724761014
z_volatility_20d,-0.0,False,XLU,3,target_5d_forward_return_excess_spy,0.001,0.7,0.13300942724761014
z_max_drawdown_60d,-0.0003704144759850821,True,XLU,3,target_5d_forward_return_excess_spy,0.001,0.7,0.13300942724761014
z_ATR_14,-0.0015206130065128674,True,XLU,3,target_5d_forward_return_excess_spy,0.001,0.7,0.13300942724761014
z_volume_change,-0.0,False,XLU,3,target_5d_forward_return_excess_spy,0.001,0.7,0.13300942724761014
z_relative_volume,-0.00035462034310181805,True,XLU,3,target_5d_forward_return_excess_spy,0.001,0.7,0.13300942724761014
z_RSI_14,0.0,False,XLU,3,target_5d_forward_return_excess_spy,0.001,0.7,0.13300942724761014
z_market_beta_60d,-0.0020584316712720253,True,XLU,3,target_5d_forward_return_excess_spy,0.001,0.7,0.13300942724761014
z_idio_vol_60d,-0.0,False,XLU,3,target_5d_forward_return_excess_spy,0.001,0.7,0.13300942724761014
z_Federal_Funds_Rate,0.0,False,XLU,3,target_5d_forward_return_excess_spy,0.001,0.7,0.13300942724761014
z_Treasury_10Y,0.00282946913044493,True,XLU,3,target_5d_forward_return_excess_spy,0.001,0.7,0.13300942724761014
z_Yield_Spread_10Y2Y,-0.0020499885515546227,True,XLU,3,target_5d_forward_return_excess_spy,0.001,0.7,0.13300942724761014
z_Breakeven_Inflation_10Y,0.0,False,XLU,3,target_5d_forward_return_excess_spy,0.001,0.7,0.13300942724761014
z_CPI,0.0,False,XLU,3,target_5d_forward_return_excess_spy,0.001,0.7,0.13300942724761014
z_Unemployment_Rate,-0.0,False,XLU,3,target_5d_forward_return_excess_spy,0.001,0.7,0.13300942724761014
z_Financial_Conditions_Index,0.0015300599009011827,True,XLU,3,target_5d_forward_return_excess_spy,0.001,0.7,0.13300942724761014
z_VIX,-0.00020621141598609066,True,XLU,3,target_5d_forward_return_excess_spy,0.001,0.7,0.13300942724761014
z_rate_sensitivity_beta,-0.001144987525561798,True,XLU,3,target_5d_forward_return_excess_spy,0.001,0.7,0.13300942724761014
z_return_5d,-0.00011991174775965085,True,XLV,3,target_5d_forward_return_excess_spy,0.0001,0.7,0.18813295077237366
z_return_5d_rel_spy,-1.2270156465629136e-07,True,XLV,3,target_5d_forward_return_excess_spy,0.0001,0.7,0.18813295077237366
z_return_5d_excess_rf,-6.582622365831009e-11,False,XLV,3,target_5d_forward_return_excess_spy,0.0001,0.7,0.18813295077237366
z_return_20d,0.002965029909471417,True,XLV,3,target_5d_forward_return_excess_spy,0.0001,0.7,0.18813295077237366
z_return_20d_rel_spy,5.372632138646881e-06,True,XLV,3,target_5d_forward_return_excess_spy,0.0001,0.7,0.18813295077237366
z_return_20d_excess_rf,4.907000785346438e-09,False,XLV,3,target_5d_forward_return_excess_spy,0.0001,0.7,0.18813295077237366
z_return_60d_rel_spy,-0.0007589489702871196,True,XLV,3,target_5d_forward_return_excess_spy,0.0001,0.7,0.18813295077237366
z_price_to_MA20,-0.0009093878491957985,True,XLV,3,target_5d_forward_return_excess_spy,0.0001,0.7,0.18813295077237366
z_price_to_MA50,-0.0022490650887895575,True,XLV,3,target_5d_forward_return_excess_spy,0.0001,0.7,0.18813295077237366
z_MA20_minus_MA50,-0.0009784200184193043,True,XLV,3,target_5d_forward_return_excess_spy,0.0001,0.7,0.18813295077237366
z_volatility_20d,-9.726810182121444e-05,True,XLV,3,target_5d_forward_return_excess_spy,0.0001,0.7,0.18813295077237366
z_max_drawdown_60d,0.0015807796886640878,True,XLV,3,target_5d_forward_return_excess_spy,0.0001,0.7,0.18813295077237366
z_ATR_14,-0.0029188959968725827,True,XLV,3,target_5d_forward_return_excess_spy,0.0001,0.7,0.18813295077237366
z_volume_change,-0.0003321572391626152,True,XLV,3,target_5d_forward_return_excess_spy,0.0001,0.7,0.18813295077237366
z_relative_volume,2.0454769678517614e-05,True,XLV,3,target_5d_forward_return_excess_spy,0.0001,0.7,0.18813295077237366
z_RSI_14,-0.0019385591362074937,True,XLV,3,target_5d_forward_return_excess_spy,0.0001,0.7,0.18813295077237366
z_market_beta_60d,0.0,False,XLV,3,target_5d_forward_return_excess_spy,0.0001,0.7,0.18813295077237366
z_idio_vol_60d,0.00326436527909516,True,XLV,3,target_5d_forward_return_excess_spy,0.0001,0.7,0.18813295077237366
z_Federal_Funds_Rate,-0.001696336242206706,True,XLV,3,target_5d_forward_return_excess_spy,0.0001,0.7,0.18813295077237366
z_Treasury_10Y,0.0017159383838603584,True,XLV,3,target_5d_forward_return_excess_spy,0.0001,0.7,0.18813295077237366
z_Yield_Spread_10Y2Y,-0.0002671350326584733,True,XLV,3,target_5d_forward_return_excess_spy,0.0001,0.7,0.18813295077237366
z_Breakeven_Inflation_10Y,0.0020994995766295487,True,XLV,3,target_5d_forward_return_excess_spy,0.0001,0.7,0.18813295077237366
z_CPI,0.0018823601048176244,True,XLV,3,target_5d_forward_return_excess_spy,0.0001,0.7,0.18813295077237366
z_Unemployment_Rate,-0.0005480617272280839,True,XLV,3,target_5d_forward_return_excess_spy,0.0001,0.7,0.18813295077237366
z_Financial_Conditions_Index,0.004843288324183301,True,XLV,3,target_5d_forward_return_excess_spy,0.0001,0.7,0.18813295077237366
z_VIX,-0.00027223623617071566,True,XLV,3,target_5d_forward_return_excess_spy,0.0001,0.7,0.18813295077237366
z_rate_sensitivity_beta,0.001151099457529956,True,XLV,3,target_5d_forward_return_excess_spy,0.0001,0.7,0.18813295077237366
z_return_5d,0.0003798786279307427,True,XLY,3,target_5d_forward_return_excess_spy,1e-05,0.1,0.17602147647265584
z_return_5d_rel_spy,2.773646867628448e-07,True,XLY,3,target_5d_forward_return_excess_spy,1e-05,0.1,0.17602147647265584
z_return_5d_excess_rf,1.0156319010055678e-10,False,XLY,3,target_5d_forward_return_excess_spy,1e-05,0.1,0.17602147647265584
z_return_20d,0.0020428663028385116,True,XLY,3,target_5d_forward_return_excess_spy,1e-05,0.1,0.17602147647265584
z_return_20d_rel_spy,1.4621460001666446e-06,True,XLY,3,target_5d_forward_return_excess_spy,1e-05,0.1,0.17602147647265584
z_return_20d_excess_rf,5.301827228378545e-10,False,XLY,3,target_5d_forward_return_excess_spy,1e-05,0.1,0.17602147647265584
z_return_60d_rel_spy,-0.002177052988847875,True,XLY,3,target_5d_forward_return_excess_spy,1e-05,0.1,0.17602147647265584
z_price_to_MA20,-0.002612175111391616,True,XLY,3,target_5d_forward_return_excess_spy,1e-05,0.1,0.17602147647265584
z_price_to_MA50,-0.0011034507312797717,True,XLY,3,target_5d_forward_return_excess_spy,1e-05,0.1,0.17602147647265584
z_MA20_minus_MA50,-0.0035309386049737807,True,XLY,3,target_5d_forward_return_excess_spy,1e-05,0.1,0.17602147647265584
z_volatility_20d,0.0019713006190429554,True,XLY,3,target_5d_forward_return_excess_spy,1e-05,0.1,0.17602147647265584
z_max_drawdown_60d,0.002158631711687344,True,XLY,3,target_5d_forward_return_excess_spy,1e-05,0.1,0.17602147647265584
z_ATR_14,-0.0005507395251021655,True,XLY,3,target_5d_forward_return_excess_spy,1e-05,0.1,0.17602147647265584
z_volume_change,-0.001347249194040037,True,XLY,3,target_5d_forward_return_excess_spy,1e-05,0.1,0.17602147647265584
z_relative_volume,0.0026351930431195597,True,XLY,3,target_5d_forward_return_excess_spy,1e-05,0.1,0.17602147647265584
z_RSI_14,0.0009437659979477497,True,XLY,3,target_5d_forward_return_excess_spy,1e-05,0.1,0.17602147647265584
z_market_beta_60d,-0.004190690318764513,True,XLY,3,target_5d_forward_return_excess_spy,1e-05,0.1,0.17602147647265584
z_idio_vol_60d,-0.00032348577157216617,True,XLY,3,target_5d_forward_return_excess_spy,1e-05,0.1,0.17602147647265584
z_Federal_Funds_Rate,0.0027850987692406896,True,XLY,3,target_5d_forward_return_excess_spy,1e-05,0.1,0.17602147647265584
z_Treasury_10Y,-0.0036635014617859892,True,XLY,3,target_5d_forward_return_excess_spy,1e-05,0.1,0.17602147647265584
z_Yield_Spread_10Y2Y,0.0028760777994718974,True,XLY,3,target_5d_forward_return_excess_spy,1e-05,0.1,0.17602147647265584
z_Breakeven_Inflation_10Y,0.002903000614522786,True,XLY,3,target_5d_forward_return_excess_spy,1e-05,0.1,0.17602147647265584
z_CPI,-0.0016043807629938648,True,XLY,3,target_5d_forward_return_excess_spy,1e-05,0.1,0.17602147647265584
z_Unemployment_Rate,0.0015745806874341494,True,XLY,3,target_5d_forward_return_excess_spy,1e-05,0.1,0.17602147647265584
z_Financial_Conditions_Index,-0.00043217182043379135,True,XLY,3,target_5d_forward_return_excess_spy,1e-05,0.1,0.17602147647265584
z_VIX,0.00043431877217789156,True,XLY,3,target_5d_forward_return_excess_spy,1e-05,0.1,0.17602147647265584
z_rate_sensitivity_beta,0.002076159906311735,True,XLY,3,target_5d_forward_return_excess_spy,1e-05,0.1,0.17602147647265584
z_return_5d,-0.0019767533549009306,True,XLB,4,target_5d_forward_return_excess_spy,1e-05,0.5,0.0164116741179097
z_return_5d_rel_spy,-7.345051521883992e-07,True,XLB,4,target_5d_forward_return_excess_spy,1e-05,0.5,0.0164116741179097
z_return_5d_excess_rf,-1.379849918693701e-10,False,XLB,4,target_5d_forward_return_excess_spy,1e-05,0.5,0.0164116741179097
z_return_20d,-0.0024286380674772403,True,XLB,4,target_5d_forward_return_excess_spy,1e-05,0.5,0.0164116741179097
z_return_20d_rel_spy,-8.848442153041152e-07,True,XLB,4,target_5d_forward_return_excess_spy,1e-05,0.5,0.0164116741179097
z_return_20d_excess_rf,-1.6376091549846633e-10,False,XLB,4,target_5d_forward_return_excess_spy,1e-05,0.5,0.0164116741179097
z_return_60d_rel_spy,-0.001992866352872637,True,XLB,4,target_5d_forward_return_excess_spy,1e-05,0.5,0.0164116741179097
z_price_to_MA20,0.0024130118912416396,True,XLB,4,target_5d_forward_return_excess_spy,1e-05,0.5,0.0164116741179097
z_price_to_MA50,0.002823568375098303,True,XLB,4,target_5d_forward_return_excess_spy,1e-05,0.5,0.0164116741179097
z_MA20_minus_MA50,-0.001658746980189768,True,XLB,4,target_5d_forward_return_excess_spy,1e-05,0.5,0.0164116741179097
z_volatility_20d,0.0003157522135939679,True,XLB,4,target_5d_forward_return_excess_spy,1e-05,0.5,0.0164116741179097
z_max_drawdown_60d,-0.0006973372245821769,True,XLB,4,target_5d_forward_return_excess_spy,1e-05,0.5,0.0164116741179097
z_ATR_14,-0.0011895760043856443,True,XLB,4,target_5d_forward_return_excess_spy,1e-05,0.5,0.0164116741179097
z_volume_change,1.9225258354042393e-05,True,XLB,4,target_5d_forward_return_excess_spy,1e-05,0.5,0.0164116741179097
z_relative_volume,0.00040686671871828316,True,XLB,4,target_5d_forward_return_excess_spy,1e-05,0.5,0.0164116741179097
z_RSI_14,-0.0021311968289762875,True,XLB,4,target_5d_forward_return_excess_spy,1e-05,0.5,0.0164116741179097
z_market_beta_60d,0.0005782969353866622,True,XLB,4,target_5d_forward_return_excess_spy,1e-05,0.5,0.0164116741179097
z_idio_vol_60d,-0.0012035861044870063,True,XLB,4,target_5d_forward_return_excess_spy,1e-05,0.5,0.0164116741179097
z_Federal_Funds_Rate,-0.000601501642038405,True,XLB,4,target_5d_forward_return_excess_spy,1e-05,0.5,0.0164116741179097
z_Treasury_10Y,-0.0008883061831807528,True,XLB,4,target_5d_forward_return_excess_spy,1e-05,0.5,0.0164116741179097
z_Yield_Spread_10Y2Y,3.751656179110169e-05,True,XLB,4,target_5d_forward_return_excess_spy,1e-05,0.5,0.0164116741179097
z_Breakeven_Inflation_10Y,0.001424502976194309,True,XLB,4,target_5d_forward_return_excess_spy,1e-05,0.5,0.0164116741179097
z_CPI,-0.0012791339043866656,True,XLB,4,target_5d_forward_return_excess_spy,1e-05,0.5,0.0164116741179097
z_Unemployment_Rate,0.0005472148906031615,True,XLB,4,target_5d_forward_return_excess_spy,1e-05,0.5,0.0164116741179097
z_Financial_Conditions_Index,6.567960681486957e-05,True,XLB,4,target_5d_forward_return_excess_spy,1e-05,0.5,0.0164116741179097
z_VIX,0.0011350003888452123,True,XLB,4,target_5d_forward_return_excess_spy,1e-05,0.5,0.0164116741179097
z_rate_sensitivity_beta,-0.0025407356509330407,True,XLB,4,target_5d_forward_return_excess_spy,1e-05,0.5,0.0164116741179097
z_return_5d,-0.0002717531131353618,True,XLC,4,target_5d_forward_return_excess_spy,0.01,0.1,0.09639876734561405
z_return_5d_rel_spy,-0.00027441789031013367,True,XLC,4,target_5d_forward_return_excess_spy,0.01,0.1,0.09639876734561405
z_return_5d_excess_rf,-0.00027479912205909693,True,XLC,4,target_5d_forward_return_excess_spy,0.01,0.1,0.09639876734561405
z_return_20d,-0.0,False,XLC,4,target_5d_forward_return_excess_spy,0.01,0.1,0.09639876734561405
z_return_20d_rel_spy,-0.0,False,XLC,4,target_5d_forward_return_excess_spy,0.01,0.1,0.09639876734561405
z_return_20d_excess_rf,-0.0,False,XLC,4,target_5d_forward_return_excess_spy,0.01,0.1,0.09639876734561405
z_return_60d_rel_spy,0.0,False,XLC,4,target_5d_forward_return_excess_spy,0.01,0.1,0.09639876734561405
z_price_to_MA20,-0.0,False,XLC,4,target_5d_forward_return_excess_spy,0.01,0.1,0.09639876734561405
z_price_to_MA50,-0.0,False,XLC,4,target_5d_forward_return_excess_spy,0.01,0.1,0.09639876734561405
z_MA20_minus_MA50,0.0,False,XLC,4,target_5d_forward_return_excess_spy,0.01,0.1,0.09639876734561405
z_volatility_20d,-0.0,False,XLC,4,target_5d_forward_return_excess_spy,0.01,0.1,0.09639876734561405
z_max_drawdown_60d,0.0,False,XLC,4,target_5d_forward_return_excess_spy,0.01,0.1,0.09639876734561405
z_ATR_14,-0.0,False,XLC,4,target_5d_forward_return_excess_spy,0.01,0.1,0.09639876734561405
z_volume_change,-0.0,False,XLC,4,target_5d_forward_return_excess_spy,0.01,0.1,0.09639876734561405
z_relative_volume,-0.0,False,XLC,4,target_5d_forward_return_excess_spy,0.01,0.1,0.09639876734561405
z_RSI_14,-0.0,False,XLC,4,target_5d_forward_return_excess_spy,0.01,0.1,0.09639876734561405
z_market_beta_60d,-0.0,False,XLC,4,target_5d_forward_return_excess_spy,0.01,0.1,0.09639876734561405
z_idio_vol_60d,0.00015164450237975752,True,XLC,4,target_5d_forward_return_excess_spy,0.01,0.1,0.09639876734561405
z_Federal_Funds_Rate,0.0,False,XLC,4,target_5d_forward_return_excess_spy,0.01,0.1,0.09639876734561405
z_Treasury_10Y,-0.0,False,XLC,4,target_5d_forward_return_excess_spy,0.01,0.1,0.09639876734561405
z_Yield_Spread_10Y2Y,0.0,False,XLC,4,target_5d_forward_return_excess_spy,0.01,0.1,0.09639876734561405
z_Breakeven_Inflation_10Y,-7.89806799957403e-05,True,XLC,4,target_5d_forward_return_excess_spy,0.01,0.1,0.09639876734561405
z_CPI,-0.0,False,XLC,4,target_5d_forward_return_excess_spy,0.01,0.1,0.09639876734561405
z_Unemployment_Rate,0.0,False,XLC,4,target_5d_forward_return_excess_spy,0.01,0.1,0.09639876734561405
z_Financial_Conditions_Index,2.666372722856757e-05,True,XLC,4,target_5d_forward_return_excess_spy,0.01,0.1,0.09639876734561405
z_VIX,0.0,False,XLC,4,target_5d_forward_return_excess_spy,0.01,0.1,0.09639876734561405
z_rate_sensitivity_beta,-8.589711688377715e-05,True,XLC,4,target_5d_forward_return_excess_spy,0.01,0.1,0.09639876734561405
z_return_5d,0.0017302049902016411,True,XLE,4,target_5d_forward_return_excess_spy,0.0001,1.0,-0.020674297660774627
z_return_5d_rel_spy,0.0,False,XLE,4,target_5d_forward_return_excess_spy,0.0001,1.0,-0.020674297660774627
z_return_5d_excess_rf,4.1706349535129856e-20,False,XLE,4,target_5d_forward_return_excess_spy,0.0001,1.0,-0.020674297660774627
z_return_20d,0.0038243074586960754,True,XLE,4,target_5d_forward_return_excess_spy,0.0001,1.0,-0.020674297660774627
z_return_20d_rel_spy,2.0081607301165022e-17,False,XLE,4,target_5d_forward_return_excess_spy,0.0001,1.0,-0.020674297660774627
z_return_20d_excess_rf,2.9194444674590894e-19,False,XLE,4,target_5d_forward_return_excess_spy,0.0001,1.0,-0.020674297660774627
z_return_60d_rel_spy,-0.007060265531494398,True,XLE,4,target_5d_forward_return_excess_spy,0.0001,1.0,-0.020674297660774627
z_price_to_MA20,-0.002166508654350768,True,XLE,4,target_5d_forward_return_excess_spy,0.0001,1.0,-0.020674297660774627
z_price_to_MA50,0.0005078136321166988,True,XLE,4,target_5d_forward_return_excess_spy,0.0001,1.0,-0.020674297660774627
z_MA20_minus_MA50,0.0025193405096196847,True,XLE,4,target_5d_forward_return_excess_spy,0.0001,1.0,-0.020674297660774627
z_volatility_20d,0.004596552019340191,True,XLE,4,target_5d_forward_return_excess_spy,0.0001,1.0,-0.020674297660774627
z_max_drawdown_60d,0.004814052439133355,True,XLE,4,target_5d_forward_return_excess_spy,0.0001,1.0,-0.020674297660774627
z_ATR_14,-0.012444864030255763,True,XLE,4,target_5d_forward_return_excess_spy,0.0001,1.0,-0.020674297660774627
z_volume_change,-0.0008697150401485519,True,XLE,4,target_5d_forward_return_excess_spy,0.0001,1.0,-0.020674297660774627
z_relative_volume,-0.0006289850271232759,True,XLE,4,target_5d_forward_return_excess_spy,0.0001,1.0,-0.020674297660774627
z_RSI_14,0.00243922896747367,True,XLE,4,target_5d_forward_return_excess_spy,0.0001,1.0,-0.020674297660774627
z_market_beta_60d,0.002657923876102201,True,XLE,4,target_5d_forward_return_excess_spy,0.0001,1.0,-0.020674297660774627
z_idio_vol_60d,0.003265535774733186,True,XLE,4,target_5d_forward_return_excess_spy,0.0001,1.0,-0.020674297660774627
z_Federal_Funds_Rate,0.0035509665318052166,True,XLE,4,target_5d_forward_return_excess_spy,0.0001,1.0,-0.020674297660774627
z_Treasury_10Y,0.008271873804879851,True,XLE,4,target_5d_forward_return_excess_spy,0.0001,1.0,-0.020674297660774627
z_Yield_Spread_10Y2Y,-0.001038432010090463,True,XLE,4,target_5d_forward_return_excess_spy,0.0001,1.0,-0.020674297660774627
z_Breakeven_Inflation_10Y,-0.010682165611546909,True,XLE,4,target_5d_forward_return_excess_spy,0.0001,1.0,-0.020674297660774627
z_CPI,0.005114148646824033,True,XLE,4,target_5d_forward_return_excess_spy,0.0001,1.0,-0.020674297660774627
z_Unemployment_Rate,0.0010637882483359284,True,XLE,4,target_5d_forward_return_excess_spy,0.0001,1.0,-0.020674297660774627
z_Financial_Conditions_Index,-0.006662281694098375,True,XLE,4,target_5d_forward_return_excess_spy,0.0001,1.0,-0.020674297660774627
z_VIX,-0.001538675517394284,True,XLE,4,target_5d_forward_return_excess_spy,0.0001,1.0,-0.020674297660774627
z_rate_sensitivity_beta,-0.007115982882215189,True,XLE,4,target_5d_forward_return_excess_spy,0.0001,1.0,-0.020674297660774627
z_return_5d,0.0,False,XLF,4,target_5d_forward_return_excess_spy,0.001,0.7,-0.03527560825020488
z_return_5d_rel_spy,0.0,False,XLF,4,target_5d_forward_return_excess_spy,0.001,0.7,-0.03527560825020488
z_return_5d_excess_rf,0.0,False,XLF,4,target_5d_forward_return_excess_spy,0.001,0.7,-0.03527560825020488
z_return_20d,-0.0006404628662893244,True,XLF,4,target_5d_forward_return_excess_spy,0.001,0.7,-0.03527560825020488
z_return_20d_rel_spy,-0.00020476604409795193,True,XLF,4,target_5d_forward_return_excess_spy,0.001,0.7,-0.03527560825020488
z_return_20d_excess_rf,-3.287216500302396e-05,True,XLF,4,target_5d_forward_return_excess_spy,0.001,0.7,-0.03527560825020488
z_return_60d_rel_spy,-0.0,False,XLF,4,target_5d_forward_return_excess_spy,0.001,0.7,-0.03527560825020488
z_price_to_MA20,-0.0,False,XLF,4,target_5d_forward_return_excess_spy,0.001,0.7,-0.03527560825020488
z_price_to_MA50,-0.0,False,XLF,4,target_5d_forward_return_excess_spy,0.001,0.7,-0.03527560825020488
z_MA20_minus_MA50,-0.0,False,XLF,4,target_5d_forward_return_excess_spy,0.001,0.7,-0.03527560825020488
z_volatility_20d,0.0,False,XLF,4,target_5d_forward_return_excess_spy,0.001,0.7,-0.03527560825020488
z_max_drawdown_60d,-0.0,False,XLF,4,target_5d_forward_return_excess_spy,0.001,0.7,-0.03527560825020488
z_ATR_14,-0.0005015374466914706,True,XLF,4,target_5d_forward_return_excess_spy,0.001,0.7,-0.03527560825020488
z_volume_change,-0.0,False,XLF,4,target_5d_forward_return_excess_spy,0.001,0.7,-0.03527560825020488
z_relative_volume,-0.0010715183037590067,True,XLF,4,target_5d_forward_return_excess_spy,0.001,0.7,-0.03527560825020488
z_RSI_14,-0.0,False,XLF,4,target_5d_forward_return_excess_spy,0.001,0.7,-0.03527560825020488
z_market_beta_60d,0.0,False,XLF,4,target_5d_forward_return_excess_spy,0.001,0.7,-0.03527560825020488
z_idio_vol_60d,0.00010580858506228703,True,XLF,4,target_5d_forward_return_excess_spy,0.001,0.7,-0.03527560825020488
z_Federal_Funds_Rate,-0.0,False,XLF,4,target_5d_forward_return_excess_spy,0.001,0.7,-0.03527560825020488
z_Treasury_10Y,0.0,False,XLF,4,target_5d_forward_return_excess_spy,0.001,0.7,-0.03527560825020488
z_Yield_Spread_10Y2Y,0.0,False,XLF,4,target_5d_forward_return_excess_spy,0.001,0.7,-0.03527560825020488
z_Breakeven_Inflation_10Y,-0.0,False,XLF,4,target_5d_forward_return_excess_spy,0.001,0.7,-0.03527560825020488
z_CPI,-0.0,False,XLF,4,target_5d_forward_return_excess_spy,0.001,0.7,-0.03527560825020488
z_Unemployment_Rate,-0.0,False,XLF,4,target_5d_forward_return_excess_spy,0.001,0.7,-0.03527560825020488
z_Financial_Conditions_Index,-0.0018234938898666615,True,XLF,4,target_5d_forward_return_excess_spy,0.001,0.7,-0.03527560825020488
z_VIX,-0.0,False,XLF,4,target_5d_forward_return_excess_spy,0.001,0.7,-0.03527560825020488
z_rate_sensitivity_beta,-0.0,False,XLF,4,target_5d_forward_return_excess_spy,0.001,0.7,-0.03527560825020488
z_return_5d,-0.0,False,XLI,4,target_5d_forward_return_excess_spy,0.001,1.0,0.08919601065654591
z_return_5d_rel_spy,-0.0,False,XLI,4,target_5d_forward_return_excess_spy,0.001,1.0,0.08919601065654591
z_return_5d_excess_rf,-0.0,False,XLI,4,target_5d_forward_return_excess_spy,0.001,1.0,0.08919601065654591
z_return_20d,-0.0,False,XLI,4,target_5d_forward_return_excess_spy,0.001,1.0,0.08919601065654591
z_return_20d_rel_spy,-0.0,False,XLI,4,target_5d_forward_return_excess_spy,0.001,1.0,0.08919601065654591
z_return_20d_excess_rf,-0.0,False,XLI,4,target_5d_forward_return_excess_spy,0.001,1.0,0.08919601065654591
z_return_60d_rel_spy,-0.0,False,XLI,4,target_5d_forward_return_excess_spy,0.001,1.0,0.08919601065654591
z_price_to_MA20,-0.0,False,XLI,4,target_5d_forward_return_excess_spy,0.001,1.0,0.08919601065654591
z_price_to_MA50,-0.0,False,XLI,4,target_5d_forward_return_excess_spy,0.001,1.0,0.08919601065654591
z_MA20_minus_MA50,-0.0,False,XLI,4,target_5d_forward_return_excess_spy,0.001,1.0,0.08919601065654591
z_volatility_20d,0.0,False,XLI,4,target_5d_forward_return_excess_spy,0.001,1.0,0.08919601065654591
z_max_drawdown_60d,-0.0,False,XLI,4,target_5d_forward_return_excess_spy,0.001,1.0,0.08919601065654591
z_ATR_14,-0.0013761047087094058,True,XLI,4,target_5d_forward_return_excess_spy,0.001,1.0,0.08919601065654591
z_volume_change,0.0,False,XLI,4,target_5d_forward_return_excess_spy,0.001,1.0,0.08919601065654591
z_relative_volume,0.0,False,XLI,4,target_5d_forward_return_excess_spy,0.001,1.0,0.08919601065654591
z_RSI_14,-0.0,False,XLI,4,target_5d_forward_return_excess_spy,0.001,1.0,0.08919601065654591
z_market_beta_60d,-0.0,False,XLI,4,target_5d_forward_return_excess_spy,0.001,1.0,0.08919601065654591
z_idio_vol_60d,-0.0,False,XLI,4,target_5d_forward_return_excess_spy,0.001,1.0,0.08919601065654591
z_Federal_Funds_Rate,0.0,False,XLI,4,target_5d_forward_return_excess_spy,0.001,1.0,0.08919601065654591
z_Treasury_10Y,0.0,False,XLI,4,target_5d_forward_return_excess_spy,0.001,1.0,0.08919601065654591
z_Yield_Spread_10Y2Y,-0.0,False,XLI,4,target_5d_forward_return_excess_spy,0.001,1.0,0.08919601065654591
z_Breakeven_Inflation_10Y,0.0,False,XLI,4,target_5d_forward_return_excess_spy,0.001,1.0,0.08919601065654591
z_CPI,-0.0,False,XLI,4,target_5d_forward_return_excess_spy,0.001,1.0,0.08919601065654591
z_Unemployment_Rate,-0.0,False,XLI,4,target_5d_forward_return_excess_spy,0.001,1.0,0.08919601065654591
z_Financial_Conditions_Index,-0.0003510539565081663,True,XLI,4,target_5d_forward_return_excess_spy,0.001,1.0,0.08919601065654591
z_VIX,-0.0004547639661413103,True,XLI,4,target_5d_forward_return_excess_spy,0.001,1.0,0.08919601065654591
z_rate_sensitivity_beta,-0.0,False,XLI,4,target_5d_forward_return_excess_spy,0.001,1.0,0.08919601065654591
z_return_5d,3.539074985106808e-05,True,XLK,4,target_5d_forward_return_excess_spy,1e-05,0.1,0.0786360837724503
z_return_5d_rel_spy,1.8958485866704675e-08,True,XLK,4,target_5d_forward_return_excess_spy,1e-05,0.1,0.0786360837724503
z_return_5d_excess_rf,5.111065899246056e-12,False,XLK,4,target_5d_forward_return_excess_spy,1e-05,0.1,0.0786360837724503
z_return_20d,-0.002347138178515829,True,XLK,4,target_5d_forward_return_excess_spy,1e-05,0.1,0.0786360837724503
z_return_20d_rel_spy,-2.217642223042662e-06,True,XLK,4,target_5d_forward_return_excess_spy,1e-05,0.1,0.0786360837724503
z_return_20d_excess_rf,-1.0342035837639754e-09,False,XLK,4,target_5d_forward_return_excess_spy,1e-05,0.1,0.0786360837724503
z_return_60d_rel_spy,-0.0018016863724029351,True,XLK,4,target_5d_forward_return_excess_spy,1e-05,0.1,0.0786360837724503
z_price_to_MA20,-0.005249925026463685,True,XLK,4,target_5d_forward_return_excess_spy,1e-05,0.1,0.0786360837724503
z_price_to_MA50,0.008184598571854806,True,XLK,4,target_5d_forward_return_excess_spy,1e-05,0.1,0.0786360837724503
z_MA20_minus_MA50,-0.0038622183386678743,True,XLK,4,target_5d_forward_return_excess_spy,1e-05,0.1,0.0786360837724503
z_volatility_20d,0.00013340574008204433,True,XLK,4,target_5d_forward_return_excess_spy,1e-05,0.1,0.0786360837724503
z_max_drawdown_60d,0.0009869112366982357,True,XLK,4,target_5d_forward_return_excess_spy,1e-05,0.1,0.0786360837724503
z_ATR_14,-0.0009330937163005716,True,XLK,4,target_5d_forward_return_excess_spy,1e-05,0.1,0.0786360837724503
z_volume_change,0.00025011638933256753,True,XLK,4,target_5d_forward_return_excess_spy,1e-05,0.1,0.0786360837724503
z_relative_volume,-0.0006474855787537306,True,XLK,4,target_5d_forward_return_excess_spy,1e-05,0.1,0.0786360837724503
z_RSI_14,0.0011214694853414037,True,XLK,4,target_5d_forward_return_excess_spy,1e-05,0.1,0.0786360837724503
z_market_beta_60d,-0.0005850065099362621,True,XLK,4,target_5d_forward_return_excess_spy,1e-05,0.1,0.0786360837724503
z_idio_vol_60d,-0.0016517249349511753,True,XLK,4,target_5d_forward_return_excess_spy,1e-05,0.1,0.0786360837724503
z_Federal_Funds_Rate,0.001471714504650921,True,XLK,4,target_5d_forward_return_excess_spy,1e-05,0.1,0.0786360837724503
z_Treasury_10Y,-0.0025544805300881683,True,XLK,4,target_5d_forward_return_excess_spy,1e-05,0.1,0.0786360837724503
z_Yield_Spread_10Y2Y,-0.0010218338725979938,True,XLK,4,target_5d_forward_return_excess_spy,1e-05,0.1,0.0786360837724503
z_Breakeven_Inflation_10Y,0.0006695545645277054,True,XLK,4,target_5d_forward_return_excess_spy,1e-05,0.1,0.0786360837724503
z_CPI,-0.0016016043423567382,True,XLK,4,target_5d_forward_return_excess_spy,1e-05,0.1,0.0786360837724503
z_Unemployment_Rate,0.0006834915135291745,True,XLK,4,target_5d_forward_return_excess_spy,1e-05,0.1,0.0786360837724503
z_Financial_Conditions_Index,0.00022865480424216842,True,XLK,4,target_5d_forward_return_excess_spy,1e-05,0.1,0.0786360837724503
z_VIX,0.000893816119869957,True,XLK,4,target_5d_forward_return_excess_spy,1e-05,0.1,0.0786360837724503
z_rate_sensitivity_beta,-0.002582211006668299,True,XLK,4,target_5d_forward_return_excess_spy,1e-05,0.1,0.0786360837724503
z_return_5d,-0.0008260406089247791,True,XLP,4,target_5d_forward_return_excess_spy,0.001,0.7,0.10419004217873495
z_return_5d_rel_spy,-0.0006839779045017181,True,XLP,4,target_5d_forward_return_excess_spy,0.001,0.7,0.10419004217873495
z_return_5d_excess_rf,-0.00030315076772317195,True,XLP,4,target_5d_forward_return_excess_spy,0.001,0.7,0.10419004217873495
z_return_20d,-0.0,False,XLP,4,target_5d_forward_return_excess_spy,0.001,0.7,0.10419004217873495
z_return_20d_rel_spy,-0.0,False,XLP,4,target_5d_forward_return_excess_spy,0.001,0.7,0.10419004217873495
z_return_20d_excess_rf,-0.0,False,XLP,4,target_5d_forward_return_excess_spy,0.001,0.7,0.10419004217873495
z_return_60d_rel_spy,-0.0,False,XLP,4,target_5d_forward_return_excess_spy,0.001,0.7,0.10419004217873495
z_price_to_MA20,-0.0,False,XLP,4,target_5d_forward_return_excess_spy,0.001,0.7,0.10419004217873495
z_price_to_MA50,-0.0,False,XLP,4,target_5d_forward_return_excess_spy,0.001,0.7,0.10419004217873495
z_MA20_minus_MA50,-0.0005603455583430772,True,XLP,4,target_5d_forward_return_excess_spy,0.001,0.7,0.10419004217873495
z_volatility_20d,0.00019705054692565005,True,XLP,4,target_5d_forward_return_excess_spy,0.001,0.7,0.10419004217873495
z_max_drawdown_60d,-0.0,False,XLP,4,target_5d_forward_return_excess_spy,0.001,0.7,0.10419004217873495
z_ATR_14,-0.001569463578269467,True,XLP,4,target_5d_forward_return_excess_spy,0.001,0.7,0.10419004217873495
z_volume_change,-0.0,False,XLP,4,target_5d_forward_return_excess_spy,0.001,0.7,0.10419004217873495
z_relative_volume,-0.00019222602712664721,True,XLP,4,target_5d_forward_return_excess_spy,0.001,0.7,0.10419004217873495
z_RSI_14,0.0005499963366139521,True,XLP,4,target_5d_forward_return_excess_spy,0.001,0.7,0.10419004217873495
z_market_beta_60d,0.0,False,XLP,4,target_5d_forward_return_excess_spy,0.001,0.7,0.10419004217873495
z_idio_vol_60d,4.4343452408577505e-05,True,XLP,4,target_5d_forward_return_excess_spy,0.001,0.7,0.10419004217873495
z_Federal_Funds_Rate,-0.0,False,XLP,4,target_5d_forward_return_excess_spy,0.001,0.7,0.10419004217873495
z_Treasury_10Y,0.0,False,XLP,4,target_5d_forward_return_excess_spy,0.001,0.7,0.10419004217873495
z_Yield_Spread_10Y2Y,-0.0,False,XLP,4,target_5d_forward_return_excess_spy,0.001,0.7,0.10419004217873495
z_Breakeven_Inflation_10Y,0.0,False,XLP,4,target_5d_forward_return_excess_spy,0.001,0.7,0.10419004217873495
z_CPI,0.0015566909425303553,True,XLP,4,target_5d_forward_return_excess_spy,0.001,0.7,0.10419004217873495
z_Unemployment_Rate,-0.0008816734599397135,True,XLP,4,target_5d_forward_return_excess_spy,0.001,0.7,0.10419004217873495
z_Financial_Conditions_Index,0.0,False,XLP,4,target_5d_forward_return_excess_spy,0.001,0.7,0.10419004217873495
z_VIX,0.0009782855728924674,True,XLP,4,target_5d_forward_return_excess_spy,0.001,0.7,0.10419004217873495
z_rate_sensitivity_beta,-0.0,False,XLP,4,target_5d_forward_return_excess_spy,0.001,0.7,0.10419004217873495
z_return_5d,-0.00045643357220764906,True,XLRE,4,target_5d_forward_return_excess_spy,0.001,0.7,0.1686349152883341
z_return_5d_rel_spy,-0.0002984573978016598,True,XLRE,4,target_5d_forward_return_excess_spy,0.001,0.7,0.1686349152883341
z_return_5d_excess_rf,-0.00010062139634167763,True,XLRE,4,target_5d_forward_return_excess_spy,0.001,0.7,0.1686349152883341
z_return_20d,-1.3706167565492424e-05,True,XLRE,4,target_5d_forward_return_excess_spy,0.001,0.7,0.1686349152883341
z_return_20d_rel_spy,-8.913705849629757e-06,True,XLRE,4,target_5d_forward_return_excess_spy,0.001,0.7,0.1686349152883341
z_return_20d_excess_rf,-2.987795841135233e-06,True,XLRE,4,target_5d_forward_return_excess_spy,0.001,0.7,0.1686349152883341
z_return_60d_rel_spy,-0.0,False,XLRE,4,target_5d_forward_return_excess_spy,0.001,0.7,0.1686349152883341
z_price_to_MA20,-0.0,False,XLRE,4,target_5d_forward_return_excess_spy,0.001,0.7,0.1686349152883341
z_price_to_MA50,-0.0,False,XLRE,4,target_5d_forward_return_excess_spy,0.001,0.7,0.1686349152883341
z_MA20_minus_MA50,-0.0004429124504703719,True,XLRE,4,target_5d_forward_return_excess_spy,0.001,0.7,0.1686349152883341
z_volatility_20d,-0.0,False,XLRE,4,target_5d_forward_return_excess_spy,0.001,0.7,0.1686349152883341
z_max_drawdown_60d,-0.0,False,XLRE,4,target_5d_forward_return_excess_spy,0.001,0.7,0.1686349152883341
z_ATR_14,-0.0,False,XLRE,4,target_5d_forward_return_excess_spy,0.001,0.7,0.1686349152883341
z_volume_change,0.0,False,XLRE,4,target_5d_forward_return_excess_spy,0.001,0.7,0.1686349152883341
z_relative_volume,0.0,False,XLRE,4,target_5d_forward_return_excess_spy,0.001,0.7,0.1686349152883341
z_RSI_14,-0.0008064641305623232,True,XLRE,4,target_5d_forward_return_excess_spy,0.001,0.7,0.1686349152883341
z_market_beta_60d,-0.0010680959874725103,True,XLRE,4,target_5d_forward_return_excess_spy,0.001,0.7,0.1686349152883341
z_idio_vol_60d,0.0,False,XLRE,4,target_5d_forward_return_excess_spy,0.001,0.7,0.1686349152883341
z_Federal_Funds_Rate,0.0,False,XLRE,4,target_5d_forward_return_excess_spy,0.001,0.7,0.1686349152883341
z_Treasury_10Y,0.0,False,XLRE,4,target_5d_forward_return_excess_spy,0.001,0.7,0.1686349152883341
z_Yield_Spread_10Y2Y,0.0,False,XLRE,4,target_5d_forward_return_excess_spy,0.001,0.7,0.1686349152883341
z_Breakeven_Inflation_10Y,0.00014306682326927942,True,XLRE,4,target_5d_forward_return_excess_spy,0.001,0.7,0.1686349152883341
z_CPI,0.0008169774667019798,True,XLRE,4,target_5d_forward_return_excess_spy,0.001,0.7,0.1686349152883341
z_Unemployment_Rate,-0.0,False,XLRE,4,target_5d_forward_return_excess_spy,0.001,0.7,0.1686349152883341
z_Financial_Conditions_Index,-0.0,False,XLRE,4,target_5d_forward_return_excess_spy,0.001,0.7,0.1686349152883341
z_VIX,-0.0005603869802742508,True,XLRE,4,target_5d_forward_return_excess_spy,0.001,0.7,0.1686349152883341
z_rate_sensitivity_beta,-0.00013864398348488105,True,XLRE,4,target_5d_forward_return_excess_spy,0.001,0.7,0.1686349152883341
z_return_5d,-6.064954438682338e-05,True,XLU,4,target_5d_forward_return_excess_spy,0.001,0.3,0.14197254621678992
z_return_5d_rel_spy,-3.095100404701852e-06,True,XLU,4,target_5d_forward_return_excess_spy,0.001,0.3,0.14197254621678992
z_return_5d_excess_rf,-5.0797536944670475e-08,True,XLU,4,target_5d_forward_return_excess_spy,0.001,0.3,0.14197254621678992
z_return_20d,0.00016159222044062393,True,XLU,4,target_5d_forward_return_excess_spy,0.001,0.3,0.14197254621678992
z_return_20d_rel_spy,2.3851019254636162e-06,True,XLU,4,target_5d_forward_return_excess_spy,0.001,0.3,0.14197254621678992
z_return_20d_excess_rf,1.9795303091514224e-08,True,XLU,4,target_5d_forward_return_excess_spy,0.001,0.3,0.14197254621678992
z_return_60d_rel_spy,-0.0007248027548759048,True,XLU,4,target_5d_forward_return_excess_spy,0.001,0.3,0.14197254621678992
z_price_to_MA20,-0.0017299850188676681,True,XLU,4,target_5d_forward_return_excess_spy,0.001,0.3,0.14197254621678992
z_price_to_MA50,0.0,False,XLU,4,target_5d_forward_return_excess_spy,0.001,0.3,0.14197254621678992
z_MA20_minus_MA50,-0.002434796248841371,True,XLU,4,target_5d_forward_return_excess_spy,0.001,0.3,0.14197254621678992
z_volatility_20d,-0.0005836550423744469,True,XLU,4,target_5d_forward_return_excess_spy,0.001,0.3,0.14197254621678992
z_max_drawdown_60d,-0.0,False,XLU,4,target_5d_forward_return_excess_spy,0.001,0.3,0.14197254621678992
z_ATR_14,-0.0030633326494686635,True,XLU,4,target_5d_forward_return_excess_spy,0.001,0.3,0.14197254621678992
z_volume_change,-0.00014733852164568423,True,XLU,4,target_5d_forward_return_excess_spy,0.001,0.3,0.14197254621678992
z_relative_volume,-0.0004556779649954931,True,XLU,4,target_5d_forward_return_excess_spy,0.001,0.3,0.14197254621678992
z_RSI_14,0.0008689347220482081,True,XLU,4,target_5d_forward_return_excess_spy,0.001,0.3,0.14197254621678992
z_market_beta_60d,0.0,False,XLU,4,target_5d_forward_return_excess_spy,0.001,0.3,0.14197254621678992
z_idio_vol_60d,-0.0018802851200830392,True,XLU,4,target_5d_forward_return_excess_spy,0.001,0.3,0.14197254621678992
z_Federal_Funds_Rate,-0.0012317969148762451,True,XLU,4,target_5d_forward_return_excess_spy,0.001,0.3,0.14197254621678992
z_Treasury_10Y,-0.0,False,XLU,4,target_5d_forward_return_excess_spy,0.001,0.3,0.14197254621678992
z_Yield_Spread_10Y2Y,-0.0005419627313035982,True,XLU,4,target_5d_forward_return_excess_spy,0.001,0.3,0.14197254621678992
z_Breakeven_Inflation_10Y,-0.0,False,XLU,4,target_5d_forward_return_excess_spy,0.001,0.3,0.14197254621678992
z_CPI,0.00016356722677069254,True,XLU,4,target_5d_forward_return_excess_spy,0.001,0.3,0.14197254621678992
z_Unemployment_Rate,-0.00042498859481924367,True,XLU,4,target_5d_forward_return_excess_spy,0.001,0.3,0.14197254621678992
z_Financial_Conditions_Index,0.0018994205168986849,True,XLU,4,target_5d_forward_return_excess_spy,0.001,0.3,0.14197254621678992
z_VIX,-0.0,False,XLU,4,target_5d_forward_return_excess_spy,0.001,0.3,0.14197254621678992
z_rate_sensitivity_beta,-0.004365024792371599,True,XLU,4,target_5d_forward_return_excess_spy,0.001,0.3,0.14197254621678992
z_return_5d,0.00019405471688747154,True,XLV,4,target_5d_forward_return_excess_spy,1e-05,0.1,0.17122288923832582
z_return_5d_rel_spy,1.7565432838497334e-07,True,XLV,4,target_5d_forward_return_excess_spy,1e-05,0.1,0.17122288923832582
z_return_5d_excess_rf,7.546173397831447e-11,False,XLV,4,target_5d_forward_return_excess_spy,1e-05,0.1,0.17122288923832582
z_return_20d,0.0033096615248672016,True,XLV,4,target_5d_forward_return_excess_spy,1e-05,0.1,0.17122288923832582
z_return_20d_rel_spy,2.6772558381544576e-06,True,XLV,4,target_5d_forward_return_excess_spy,1e-05,0.1,0.17122288923832582
z_return_20d_excess_rf,1.0937976926500873e-09,False,XLV,4,target_5d_forward_return_excess_spy,1e-05,0.1,0.17122288923832582
z_return_60d_rel_spy,-0.0009363669344167158,True,XLV,4,target_5d_forward_return_excess_spy,1e-05,0.1,0.17122288923832582
z_price_to_MA20,-0.002697261357943918,True,XLV,4,target_5d_forward_return_excess_spy,1e-05,0.1,0.17122288923832582
z_price_to_MA50,-0.0020166001754157517,True,XLV,4,target_5d_forward_return_excess_spy,1e-05,0.1,0.17122288923832582
z_MA20_minus_MA50,-0.0015988569539353242,True,XLV,4,target_5d_forward_return_excess_spy,1e-05,0.1,0.17122288923832582
z_volatility_20d,0.0003237174898059261,True,XLV,4,target_5d_forward_return_excess_spy,1e-05,0.1,0.17122288923832582
z_max_drawdown_60d,0.0004069162003869677,True,XLV,4,target_5d_forward_return_excess_spy,1e-05,0.1,0.17122288923832582
z_ATR_14,-0.0031245140977074473,True,XLV,4,target_5d_forward_return_excess_spy,1e-05,0.1,0.17122288923832582
z_volume_change,-0.000314032605584372,True,XLV,4,target_5d_forward_return_excess_spy,1e-05,0.1,0.17122288923832582
z_relative_volume,7.410744279510054e-05,True,XLV,4,target_5d_forward_return_excess_spy,1e-05,0.1,0.17122288923832582
z_RSI_14,0.00019169309960738034,True,XLV,4,target_5d_forward_return_excess_spy,1e-05,0.1,0.17122288923832582
z_market_beta_60d,0.0006464078339879918,True,XLV,4,target_5d_forward_return_excess_spy,1e-05,0.1,0.17122288923832582
z_idio_vol_60d,0.0027338205650813694,True,XLV,4,target_5d_forward_return_excess_spy,1e-05,0.1,0.17122288923832582
z_Federal_Funds_Rate,-0.0029183523837620056,True,XLV,4,target_5d_forward_return_excess_spy,1e-05,0.1,0.17122288923832582
z_Treasury_10Y,0.001045336870296634,True,XLV,4,target_5d_forward_return_excess_spy,1e-05,0.1,0.17122288923832582
z_Yield_Spread_10Y2Y,0.0004918351223060236,True,XLV,4,target_5d_forward_return_excess_spy,1e-05,0.1,0.17122288923832582
z_Breakeven_Inflation_10Y,0.002911751931794901,True,XLV,4,target_5d_forward_return_excess_spy,1e-05,0.1,0.17122288923832582
z_CPI,0.0012498758780823168,True,XLV,4,target_5d_forward_return_excess_spy,1e-05,0.1,0.17122288923832582
z_Unemployment_Rate,-0.0005871742349725853,True,XLV,4,target_5d_forward_return_excess_spy,1e-05,0.1,0.17122288923832582
z_Financial_Conditions_Index,0.004780987747095281,True,XLV,4,target_5d_forward_return_excess_spy,1e-05,0.1,0.17122288923832582
z_VIX,-0.00024108788394541452,True,XLV,4,target_5d_forward_return_excess_spy,1e-05,0.1,0.17122288923832582
z_rate_sensitivity_beta,0.0014426932012177335,True,XLV,4,target_5d_forward_return_excess_spy,1e-05,0.1,0.17122288923832582
z_return_5d,-0.00047764243360007866,True,XLY,4,target_5d_forward_return_excess_spy,1e-05,0.1,0.1851337360235221
z_return_5d_rel_spy,-4.5386282311318053e-07,True,XLY,4,target_5d_forward_return_excess_spy,1e-05,0.1,0.1851337360235221
z_return_5d_excess_rf,-2.0939819103440135e-10,False,XLY,4,target_5d_forward_return_excess_spy,1e-05,0.1,0.1851337360235221
z_return_20d,-0.0003360119781263197,True,XLY,4,target_5d_forward_return_excess_spy,1e-05,0.1,0.1851337360235221
z_return_20d_rel_spy,-3.019856566554558e-07,True,XLY,4,target_5d_forward_return_excess_spy,1e-05,0.1,0.1851337360235221
z_return_20d_excess_rf,-1.3017747116902715e-10,False,XLY,4,target_5d_forward_return_excess_spy,1e-05,0.1,0.1851337360235221
z_return_60d_rel_spy,-0.0016293827821907247,True,XLY,4,target_5d_forward_return_excess_spy,1e-05,0.1,0.1851337360235221
z_price_to_MA20,-0.0011262008309832273,True,XLY,4,target_5d_forward_return_excess_spy,1e-05,0.1,0.1851337360235221
z_price_to_MA50,0.0029828401054437744,True,XLY,4,target_5d_forward_return_excess_spy,1e-05,0.1,0.1851337360235221
z_MA20_minus_MA50,-0.001851903281665792,True,XLY,4,target_5d_forward_return_excess_spy,1e-05,0.1,0.1851337360235221
z_volatility_20d,0.0012323197391368734,True,XLY,4,target_5d_forward_return_excess_spy,1e-05,0.1,0.1851337360235221
z_max_drawdown_60d,-0.0002441655695650772,True,XLY,4,target_5d_forward_return_excess_spy,1e-05,0.1,0.1851337360235221
z_ATR_14,-0.0013318681917210953,True,XLY,4,target_5d_forward_return_excess_spy,1e-05,0.1,0.1851337360235221
z_volume_change,-0.001419120031858687,True,XLY,4,target_5d_forward_return_excess_spy,1e-05,0.1,0.1851337360235221
z_relative_volume,0.0025796522216722955,True,XLY,4,target_5d_forward_return_excess_spy,1e-05,0.1,0.1851337360235221
z_RSI_14,0.0005243755738024988,True,XLY,4,target_5d_forward_return_excess_spy,1e-05,0.1,0.1851337360235221
z_market_beta_60d,-0.0021102047516081317,True,XLY,4,target_5d_forward_return_excess_spy,1e-05,0.1,0.1851337360235221
z_idio_vol_60d,0.00010308785407609996,True,XLY,4,target_5d_forward_return_excess_spy,1e-05,0.1,0.1851337360235221
z_Federal_Funds_Rate,0.0020897262167281316,True,XLY,4,target_5d_forward_return_excess_spy,1e-05,0.1,0.1851337360235221
z_Treasury_10Y,-0.0015739705775742112,True,XLY,4,target_5d_forward_return_excess_spy,1e-05,0.1,0.1851337360235221
z_Yield_Spread_10Y2Y,0.0016880609959423558,True,XLY,4,target_5d_forward_return_excess_spy,1e-05,0.1,0.1851337360235221
z_Breakeven_Inflation_10Y,0.000805980305303862,True,XLY,4,target_5d_forward_return_excess_spy,1e-05,0.1,0.1851337360235221
z_CPI,-0.000580116416391574,True,XLY,4,target_5d_forward_return_excess_spy,1e-05,0.1,0.1851337360235221
z_Unemployment_Rate,0.0011255717517865184,True,XLY,4,target_5d_forward_return_excess_spy,1e-05,0.1,0.1851337360235221
z_Financial_Conditions_Index,0.0012104678818979592,True,XLY,4,target_5d_forward_return_excess_spy,1e-05,0.1,0.1851337360235221
z_VIX,-0.0009920870121604129,True,XLY,4,target_5d_forward_return_excess_spy,1e-05,0.1,0.1851337360235221
z_rate_sensitivity_beta,0.0007923783456414047,True,XLY,4,target_5d_forward_return_excess_spy,1e-05,0.1,0.1851337360235221
z_return_5d,-0.0,False,XLB,5,target_5d_forward_return_excess_spy,0.001,0.3,0.12519150206128715
z_return_5d_rel_spy,-0.0,False,XLB,5,target_5d_forward_return_excess_spy,0.001,0.3,0.12519150206128715
z_return_5d_excess_rf,-0.0,False,XLB,5,target_5d_forward_return_excess_spy,0.001,0.3,0.12519150206128715
z_return_20d,-0.0003728532646048223,True,XLB,5,target_5d_forward_return_excess_spy,0.001,0.3,0.12519150206128715
z_return_20d_rel_spy,-0.0002155021242495439,True,XLB,5,target_5d_forward_return_excess_spy,0.001,0.3,0.12519150206128715
z_return_20d_excess_rf,-6.363230912395796e-05,True,XLB,5,target_5d_forward_return_excess_spy,0.001,0.3,0.12519150206128715
z_return_60d_rel_spy,-0.0013474526251655886,True,XLB,5,target_5d_forward_return_excess_spy,0.001,0.3,0.12519150206128715
z_price_to_MA20,-0.0,False,XLB,5,target_5d_forward_return_excess_spy,0.001,0.3,0.12519150206128715
z_price_to_MA50,0.0,False,XLB,5,target_5d_forward_return_excess_spy,0.001,0.3,0.12519150206128715
z_MA20_minus_MA50,-5.098935718400356e-05,True,XLB,5,target_5d_forward_return_excess_spy,0.001,0.3,0.12519150206128715
z_volatility_20d,0.0012189477460609421,True,XLB,5,target_5d_forward_return_excess_spy,0.001,0.3,0.12519150206128715
z_max_drawdown_60d,-0.000704784430639798,True,XLB,5,target_5d_forward_return_excess_spy,0.001,0.3,0.12519150206128715
z_ATR_14,0.0,False,XLB,5,target_5d_forward_return_excess_spy,0.001,0.3,0.12519150206128715
z_volume_change,0.0,False,XLB,5,target_5d_forward_return_excess_spy,0.001,0.3,0.12519150206128715
z_relative_volume,-0.0,False,XLB,5,target_5d_forward_return_excess_spy,0.001,0.3,0.12519150206128715
z_RSI_14,-0.0,False,XLB,5,target_5d_forward_return_excess_spy,0.001,0.3,0.12519150206128715
z_market_beta_60d,0.000647228732463936,True,XLB,5,target_5d_forward_return_excess_spy,0.001,0.3,0.12519150206128715
z_idio_vol_60d,-0.0,False,XLB,5,target_5d_forward_return_excess_spy,0.001,0.3,0.12519150206128715
z_Federal_Funds_Rate,-0.001322480968293265,True,XLB,5,target_5d_forward_return_excess_spy,0.001,0.3,0.12519150206128715
z_Treasury_10Y,-8.389076374454195e-05,True,XLB,5,target_5d_forward_return_excess_spy,0.001,0.3,0.12519150206128715
z_Yield_Spread_10Y2Y,-0.0,False,XLB,5,target_5d_forward_return_excess_spy,0.001,0.3,0.12519150206128715
z_Breakeven_Inflation_10Y,-0.0,False,XLB,5,target_5d_forward_return_excess_spy,0.001,0.3,0.12519150206128715
z_CPI,-0.0,False,XLB,5,target_5d_forward_return_excess_spy,0.001,0.3,0.12519150206128715
z_Unemployment_Rate,0.00045043979309111883,True,XLB,5,target_5d_forward_return_excess_spy,0.001,0.3,0.12519150206128715
z_Financial_Conditions_Index,0.00025690574736028844,True,XLB,5,target_5d_forward_return_excess_spy,0.001,0.3,0.12519150206128715
z_VIX,0.0005186448973129877,True,XLB,5,target_5d_forward_return_excess_spy,0.001,0.3,0.12519150206128715
z_rate_sensitivity_beta,-0.0021671526660556775,True,XLB,5,target_5d_forward_return_excess_spy,0.001,0.3,0.12519150206128715
z_return_5d,-0.0008411391053623421,True,XLC,5,target_5d_forward_return_excess_spy,0.0001,0.1,0.09986086156240076
z_return_5d_rel_spy,-5.7194507817909705e-06,True,XLC,5,target_5d_forward_return_excess_spy,0.0001,0.1,0.09986086156240076
z_return_5d_excess_rf,-1.948583558922402e-08,True,XLC,5,target_5d_forward_return_excess_spy,0.0001,0.1,0.09986086156240076
z_return_20d,-0.002167385571070781,True,XLC,5,target_5d_forward_return_excess_spy,0.0001,0.1,0.09986086156240076
z_return_20d_rel_spy,-1.385619063842379e-05,True,XLC,5,target_5d_forward_return_excess_spy,0.0001,0.1,0.09986086156240076
z_return_20d_excess_rf,-4.45129757930743e-08,True,XLC,5,target_5d_forward_return_excess_spy,0.0001,0.1,0.09986086156240076
z_return_60d_rel_spy,-0.00021999709283837136,True,XLC,5,target_5d_forward_return_excess_spy,0.0001,0.1,0.09986086156240076
z_price_to_MA20,-0.0006050373498541633,True,XLC,5,target_5d_forward_return_excess_spy,0.0001,0.1,0.09986086156240076
z_price_to_MA50,-0.0012664449627998891,True,XLC,5,target_5d_forward_return_excess_spy,0.0001,0.1,0.09986086156240076
z_MA20_minus_MA50,0.0015698040265591272,True,XLC,5,target_5d_forward_return_excess_spy,0.0001,0.1,0.09986086156240076
z_volatility_20d,-0.0021369648927995577,True,XLC,5,target_5d_forward_return_excess_spy,0.0001,0.1,0.09986086156240076
z_max_drawdown_60d,0.00010526416037562309,True,XLC,5,target_5d_forward_return_excess_spy,0.0001,0.1,0.09986086156240076
z_ATR_14,-0.0005115262684872168,True,XLC,5,target_5d_forward_return_excess_spy,0.0001,0.1,0.09986086156240076
z_volume_change,0.0003440680353523663,True,XLC,5,target_5d_forward_return_excess_spy,0.0001,0.1,0.09986086156240076
z_relative_volume,-0.0008777906393116333,True,XLC,5,target_5d_forward_return_excess_spy,0.0001,0.1,0.09986086156240076
z_RSI_14,0.001073997010745213,True,XLC,5,target_5d_forward_return_excess_spy,0.0001,0.1,0.09986086156240076
z_market_beta_60d,0.00014819879991058993,True,XLC,5,target_5d_forward_return_excess_spy,0.0001,0.1,0.09986086156240076
z_idio_vol_60d,6.325229564793442e-05,True,XLC,5,target_5d_forward_return_excess_spy,0.0001,0.1,0.09986086156240076
z_Federal_Funds_Rate,0.004068175576356562,True,XLC,5,target_5d_forward_return_excess_spy,0.0001,0.1,0.09986086156240076
z_Treasury_10Y,-0.001656088274223461,True,XLC,5,target_5d_forward_return_excess_spy,0.0001,0.1,0.09986086156240076
z_Yield_Spread_10Y2Y,0.0014224134256197358,True,XLC,5,target_5d_forward_return_excess_spy,0.0001,0.1,0.09986086156240076
z_Breakeven_Inflation_10Y,0.0005543999521970947,True,XLC,5,target_5d_forward_return_excess_spy,0.0001,0.1,0.09986086156240076
z_CPI,-0.0009833563613352461,True,XLC,5,target_5d_forward_return_excess_spy,0.0001,0.1,0.09986086156240076
z_Unemployment_Rate,0.0007024646038167812,True,XLC,5,target_5d_forward_return_excess_spy,0.0001,0.1,0.09986086156240076
z_Financial_Conditions_Index,0.0013754547247330359,True,XLC,5,target_5d_forward_return_excess_spy,0.0001,0.1,0.09986086156240076
z_VIX,-0.0005929557385644389,True,XLC,5,target_5d_forward_return_excess_spy,0.0001,0.1,0.09986086156240076
z_rate_sensitivity_beta,-0.0005243470678129549,True,XLC,5,target_5d_forward_return_excess_spy,0.0001,0.1,0.09986086156240076
z_return_5d,0.0005141109589707865,True,XLE,5,target_5d_forward_return_excess_spy,0.001,0.7,0.05739103760692197
z_return_5d_rel_spy,5.670466340744188e-06,True,XLE,5,target_5d_forward_return_excess_spy,0.001,0.7,0.05739103760692197
z_return_5d_excess_rf,3.216899312181388e-08,True,XLE,5,target_5d_forward_return_excess_spy,0.001,0.7,0.05739103760692197
z_return_20d,0.0014104247882111146,True,XLE,5,target_5d_forward_return_excess_spy,0.001,0.7,0.05739103760692197
z_return_20d_rel_spy,1.2800967253725858e-05,True,XLE,5,target_5d_forward_return_excess_spy,0.001,0.7,0.05739103760692197
z_return_20d_excess_rf,6.290190717186212e-08,True,XLE,5,target_5d_forward_return_excess_spy,0.001,0.7,0.05739103760692197
z_return_60d_rel_spy,-0.0025186678797885806,True,XLE,5,target_5d_forward_return_excess_spy,0.001,0.7,0.05739103760692197
z_price_to_MA20,0.0,False,XLE,5,target_5d_forward_return_excess_spy,0.001,0.7,0.05739103760692197
z_price_to_MA50,0.0001349622630192812,True,XLE,5,target_5d_forward_return_excess_spy,0.001,0.7,0.05739103760692197
z_MA20_minus_MA50,0.0,False,XLE,5,target_5d_forward_return_excess_spy,0.001,0.7,0.05739103760692197
z_volatility_20d,0.0021417878881699053,True,XLE,5,target_5d_forward_return_excess_spy,0.001,0.7,0.05739103760692197
z_max_drawdown_60d,-0.0,False,XLE,5,target_5d_forward_return_excess_spy,0.001,0.7,0.05739103760692197
z_ATR_14,-0.006002505098139002,True,XLE,5,target_5d_forward_return_excess_spy,0.001,0.7,0.05739103760692197
z_volume_change,-0.0005714831527969187,True,XLE,5,target_5d_forward_return_excess_spy,0.001,0.7,0.05739103760692197
z_relative_volume,-0.0,False,XLE,5,target_5d_forward_return_excess_spy,0.001,0.7,0.05739103760692197
z_RSI_14,0.0016460960880742095,True,XLE,5,target_5d_forward_return_excess_spy,0.001,0.7,0.05739103760692197
z_market_beta_60d,0.00044945653898296843,True,XLE,5,target_5d_forward_return_excess_spy,0.001,0.7,0.05739103760692197
z_idio_vol_60d,0.0,False,XLE,5,target_5d_forward_return_excess_spy,0.001,0.7,0.05739103760692197
z_Federal_Funds_Rate,0.0,False,XLE,5,target_5d_forward_return_excess_spy,0.001,0.7,0.05739103760692197
z_Treasury_10Y,0.002040595400424621,True,XLE,5,target_5d_forward_return_excess_spy,0.001,0.7,0.05739103760692197
z_Yield_Spread_10Y2Y,-0.0011615732108660563,True,XLE,5,target_5d_forward_return_excess_spy,0.001,0.7,0.05739103760692197
z_Breakeven_Inflation_10Y,-0.0,False,XLE,5,target_5d_forward_return_excess_spy,0.001,0.7,0.05739103760692197
z_CPI,0.002559266386703834,True,XLE,5,target_5d_forward_return_excess_spy,0.001,0.7,0.05739103760692197
z_Unemployment_Rate,5.8306070657525594e-05,True,XLE,5,target_5d_forward_return_excess_spy,0.001,0.7,0.05739103760692197
z_Financial_Conditions_Index,-0.0,False,XLE,5,target_5d_forward_return_excess_spy,0.001,0.7,0.05739103760692197
z_VIX,-0.0008023778506108992,True,XLE,5,target_5d_forward_return_excess_spy,0.001,0.7,0.05739103760692197
z_rate_sensitivity_beta,-0.004711620089744734,True,XLE,5,target_5d_forward_return_excess_spy,0.001,0.7,0.05739103760692197
z_return_5d,0.0,False,XLF,5,target_5d_forward_return_excess_spy,0.001,0.5,-0.030668243628775644
z_return_5d_rel_spy,0.0,False,XLF,5,target_5d_forward_return_excess_spy,0.001,0.5,-0.030668243628775644
z_return_5d_excess_rf,0.0,False,XLF,5,target_5d_forward_return_excess_spy,0.001,0.5,-0.030668243628775644
z_return_20d,-0.00048688671808590136,True,XLF,5,target_5d_forward_return_excess_spy,0.001,0.5,-0.030668243628775644
z_return_20d_rel_spy,-0.00030409311437614356,True,XLF,5,target_5d_forward_return_excess_spy,0.001,0.5,-0.030668243628775644
z_return_20d_excess_rf,-9.75477243947029e-05,True,XLF,5,target_5d_forward_return_excess_spy,0.001,0.5,-0.030668243628775644
z_return_60d_rel_spy,-0.0,False,XLF,5,target_5d_forward_return_excess_spy,0.001,0.5,-0.030668243628775644
z_price_to_MA20,-0.0,False,XLF,5,target_5d_forward_return_excess_spy,0.001,0.5,-0.030668243628775644
z_price_to_MA50,-0.0,False,XLF,5,target_5d_forward_return_excess_spy,0.001,0.5,-0.030668243628775644
z_MA20_minus_MA50,-0.0001326771673568647,True,XLF,5,target_5d_forward_return_excess_spy,0.001,0.5,-0.030668243628775644
z_volatility_20d,0.0,False,XLF,5,target_5d_forward_return_excess_spy,0.001,0.5,-0.030668243628775644
z_max_drawdown_60d,0.0,False,XLF,5,target_5d_forward_return_excess_spy,0.001,0.5,-0.030668243628775644
z_ATR_14,-0.001204484449358962,True,XLF,5,target_5d_forward_return_excess_spy,0.001,0.5,-0.030668243628775644
z_volume_change,0.0,False,XLF,5,target_5d_forward_return_excess_spy,0.001,0.5,-0.030668243628775644
z_relative_volume,-0.0007574184007060274,True,XLF,5,target_5d_forward_return_excess_spy,0.001,0.5,-0.030668243628775644
z_RSI_14,0.0,False,XLF,5,target_5d_forward_return_excess_spy,0.001,0.5,-0.030668243628775644
z_market_beta_60d,0.0,False,XLF,5,target_5d_forward_return_excess_spy,0.001,0.5,-0.030668243628775644
z_idio_vol_60d,0.0,False,XLF,5,target_5d_forward_return_excess_spy,0.001,0.5,-0.030668243628775644
z_Federal_Funds_Rate,-0.0,False,XLF,5,target_5d_forward_return_excess_spy,0.001,0.5,-0.030668243628775644
z_Treasury_10Y,0.0,False,XLF,5,target_5d_forward_return_excess_spy,0.001,0.5,-0.030668243628775644
z_Yield_Spread_10Y2Y,0.0,False,XLF,5,target_5d_forward_return_excess_spy,0.001,0.5,-0.030668243628775644
z_Breakeven_Inflation_10Y,-0.0,False,XLF,5,target_5d_forward_return_excess_spy,0.001,0.5,-0.030668243628775644
z_CPI,-0.0,False,XLF,5,target_5d_forward_return_excess_spy,0.001,0.5,-0.030668243628775644
z_Unemployment_Rate,-0.0,False,XLF,5,target_5d_forward_return_excess_spy,0.001,0.5,-0.030668243628775644
z_Financial_Conditions_Index,-0.0019479349621021023,True,XLF,5,target_5d_forward_return_excess_spy,0.001,0.5,-0.030668243628775644
z_VIX,-0.0,False,XLF,5,target_5d_forward_return_excess_spy,0.001,0.5,-0.030668243628775644
z_rate_sensitivity_beta,-0.0,False,XLF,5,target_5d_forward_return_excess_spy,0.001,0.5,-0.030668243628775644
z_return_5d,-0.0,False,XLI,5,target_5d_forward_return_excess_spy,0.001,0.3,0.06597803823891057
z_return_5d_rel_spy,-0.0,False,XLI,5,target_5d_forward_return_excess_spy,0.001,0.3,0.06597803823891057
z_return_5d_excess_rf,-0.0,False,XLI,5,target_5d_forward_return_excess_spy,0.001,0.3,0.06597803823891057
z_return_20d,-0.0,False,XLI,5,target_5d_forward_return_excess_spy,0.001,0.3,0.06597803823891057
z_return_20d_rel_spy,-0.0,False,XLI,5,target_5d_forward_return_excess_spy,0.001,0.3,0.06597803823891057
z_return_20d_excess_rf,-0.0,False,XLI,5,target_5d_forward_return_excess_spy,0.001,0.3,0.06597803823891057
z_return_60d_rel_spy,-0.0004630641516190223,True,XLI,5,target_5d_forward_return_excess_spy,0.001,0.3,0.06597803823891057
z_price_to_MA20,0.0,False,XLI,5,target_5d_forward_return_excess_spy,0.001,0.3,0.06597803823891057
z_price_to_MA50,-0.0,False,XLI,5,target_5d_forward_return_excess_spy,0.001,0.3,0.06597803823891057
z_MA20_minus_MA50,-0.00012622746762518453,True,XLI,5,target_5d_forward_return_excess_spy,0.001,0.3,0.06597803823891057
z_volatility_20d,0.0,False,XLI,5,target_5d_forward_return_excess_spy,0.001,0.3,0.06597803823891057
z_max_drawdown_60d,-0.000802271220095084,True,XLI,5,target_5d_forward_return_excess_spy,0.001,0.3,0.06597803823891057
z_ATR_14,-0.0016885504655014582,True,XLI,5,target_5d_forward_return_excess_spy,0.001,0.3,0.06597803823891057
z_volume_change,0.0,False,XLI,5,target_5d_forward_return_excess_spy,0.001,0.3,0.06597803823891057
z_relative_volume,4.039128887773347e-05,True,XLI,5,target_5d_forward_return_excess_spy,0.001,0.3,0.06597803823891057
z_RSI_14,0.0,False,XLI,5,target_5d_forward_return_excess_spy,0.001,0.3,0.06597803823891057
z_market_beta_60d,-0.000348568541637122,True,XLI,5,target_5d_forward_return_excess_spy,0.001,0.3,0.06597803823891057
z_idio_vol_60d,-0.0,False,XLI,5,target_5d_forward_return_excess_spy,0.001,0.3,0.06597803823891057
z_Federal_Funds_Rate,3.211319630503938e-05,True,XLI,5,target_5d_forward_return_excess_spy,0.001,0.3,0.06597803823891057
z_Treasury_10Y,0.0002555851489939907,True,XLI,5,target_5d_forward_return_excess_spy,0.001,0.3,0.06597803823891057
z_Yield_Spread_10Y2Y,0.0,False,XLI,5,target_5d_forward_return_excess_spy,0.001,0.3,0.06597803823891057
z_Breakeven_Inflation_10Y,0.0,False,XLI,5,target_5d_forward_return_excess_spy,0.001,0.3,0.06597803823891057
z_CPI,-0.0,False,XLI,5,target_5d_forward_return_excess_spy,0.001,0.3,0.06597803823891057
z_Unemployment_Rate,-0.0,False,XLI,5,target_5d_forward_return_excess_spy,0.001,0.3,0.06597803823891057
z_Financial_Conditions_Index,-0.0009556738621051626,True,XLI,5,target_5d_forward_return_excess_spy,0.001,0.3,0.06597803823891057
z_VIX,-0.0010033328022291746,True,XLI,5,target_5d_forward_return_excess_spy,0.001,0.3,0.06597803823891057
z_rate_sensitivity_beta,-0.0002632928494280828,True,XLI,5,target_5d_forward_return_excess_spy,0.001,0.3,0.06597803823891057
z_return_5d,0.00021244826367783272,True,XLK,5,target_5d_forward_return_excess_spy,0.0001,0.7,0.0638853340349214
z_return_5d_rel_spy,1.770067145891304e-07,True,XLK,5,target_5d_forward_return_excess_spy,0.0001,0.7,0.0638853340349214
z_return_5d_excess_rf,8.088910586320831e-11,False,XLK,5,target_5d_forward_return_excess_spy,0.0001,0.7,0.0638853340349214
z_return_20d,-0.0013343174448329444,True,XLK,5,target_5d_forward_return_excess_spy,0.0001,0.7,0.0638853340349214
z_return_20d_rel_spy,-2.4749399652281816e-06,True,XLK,5,target_5d_forward_return_excess_spy,0.0001,0.7,0.0638853340349214
z_return_20d_excess_rf,-2.195301777127075e-09,False,XLK,5,target_5d_forward_return_excess_spy,0.0001,0.7,0.0638853340349214
z_return_60d_rel_spy,-0.0012967864456959097,True,XLK,5,target_5d_forward_return_excess_spy,0.0001,0.7,0.0638853340349214
z_price_to_MA20,-0.005071099898385009,True,XLK,5,target_5d_forward_return_excess_spy,0.0001,0.7,0.0638853340349214
z_price_to_MA50,0.006299899444053336,True,XLK,5,target_5d_forward_return_excess_spy,0.0001,0.7,0.0638853340349214
z_MA20_minus_MA50,-0.0037101031555513493,True,XLK,5,target_5d_forward_return_excess_spy,0.0001,0.7,0.0638853340349214
z_volatility_20d,-0.00033374824830565374,True,XLK,5,target_5d_forward_return_excess_spy,0.0001,0.7,0.0638853340349214
z_max_drawdown_60d,-3.923102773026154e-05,True,XLK,5,target_5d_forward_return_excess_spy,0.0001,0.7,0.0638853340349214
z_ATR_14,0.0,False,XLK,5,target_5d_forward_return_excess_spy,0.0001,0.7,0.0638853340349214
z_volume_change,0.0,False,XLK,5,target_5d_forward_return_excess_spy,0.0001,0.7,0.0638853340349214
z_relative_volume,-0.0003409253530899421,True,XLK,5,target_5d_forward_return_excess_spy,0.0001,0.7,0.0638853340349214
z_RSI_14,0.0007881364358877173,True,XLK,5,target_5d_forward_return_excess_spy,0.0001,0.7,0.0638853340349214
z_market_beta_60d,-0.0005088671626841666,True,XLK,5,target_5d_forward_return_excess_spy,0.0001,0.7,0.0638853340349214
z_idio_vol_60d,-0.0012427835391066535,True,XLK,5,target_5d_forward_return_excess_spy,0.0001,0.7,0.0638853340349214
z_Federal_Funds_Rate,0.0014083214665619986,True,XLK,5,target_5d_forward_return_excess_spy,0.0001,0.7,0.0638853340349214
z_Treasury_10Y,-0.0014695034083471406,True,XLK,5,target_5d_forward_return_excess_spy,0.0001,0.7,0.0638853340349214
z_Yield_Spread_10Y2Y,-2.1305632429853648e-05,True,XLK,5,target_5d_forward_return_excess_spy,0.0001,0.7,0.0638853340349214
z_Breakeven_Inflation_10Y,-0.0,False,XLK,5,target_5d_forward_return_excess_spy,0.0001,0.7,0.0638853340349214
z_CPI,-0.0011353994199401684,True,XLK,5,target_5d_forward_return_excess_spy,0.0001,0.7,0.0638853340349214
z_Unemployment_Rate,0.0005076085612173234,True,XLK,5,target_5d_forward_return_excess_spy,0.0001,0.7,0.0638853340349214
z_Financial_Conditions_Index,0.0,False,XLK,5,target_5d_forward_return_excess_spy,0.0001,0.7,0.0638853340349214
z_VIX,0.00038432791900079154,True,XLK,5,target_5d_forward_return_excess_spy,0.0001,0.7,0.0638853340349214
z_rate_sensitivity_beta,-0.0010646109930588948,True,XLK,5,target_5d_forward_return_excess_spy,0.0001,0.7,0.0638853340349214
z_return_5d,-0.000821758691030638,True,XLP,5,target_5d_forward_return_excess_spy,0.001,1.0,0.12116584421799224
z_return_5d_rel_spy,-1.3336012307809688e-19,False,XLP,5,target_5d_forward_return_excess_spy,0.001,1.0,0.12116584421799224
z_return_5d_excess_rf,-0.0,False,XLP,5,target_5d_forward_return_excess_spy,0.001,1.0,0.12116584421799224
z_return_20d,-0.0,False,XLP,5,target_5d_forward_return_excess_spy,0.001,1.0,0.12116584421799224
z_return_20d_rel_spy,-0.0,False,XLP,5,target_5d_forward_return_excess_spy,0.001,1.0,0.12116584421799224
z_return_20d_excess_rf,-0.0,False,XLP,5,target_5d_forward_return_excess_spy,0.001,1.0,0.12116584421799224
z_return_60d_rel_spy,-0.0,False,XLP,5,target_5d_forward_return_excess_spy,0.001,1.0,0.12116584421799224
z_price_to_MA20,-0.000287883200938768,True,XLP,5,target_5d_forward_return_excess_spy,0.001,1.0,0.12116584421799224
z_price_to_MA50,-0.0,False,XLP,5,target_5d_forward_return_excess_spy,0.001,1.0,0.12116584421799224
z_MA20_minus_MA50,-0.00019153843631024254,True,XLP,5,target_5d_forward_return_excess_spy,0.001,1.0,0.12116584421799224
z_volatility_20d,0.0,False,XLP,5,target_5d_forward_return_excess_spy,0.001,1.0,0.12116584421799224
z_max_drawdown_60d,-0.0,False,XLP,5,target_5d_forward_return_excess_spy,0.001,1.0,0.12116584421799224
z_ATR_14,-0.0010978634349220813,True,XLP,5,target_5d_forward_return_excess_spy,0.001,1.0,0.12116584421799224
z_volume_change,-0.0,False,XLP,5,target_5d_forward_return_excess_spy,0.001,1.0,0.12116584421799224
z_relative_volume,-0.0,False,XLP,5,target_5d_forward_return_excess_spy,0.001,1.0,0.12116584421799224
z_RSI_14,0.0,False,XLP,5,target_5d_forward_return_excess_spy,0.001,1.0,0.12116584421799224
z_market_beta_60d,0.0,False,XLP,5,target_5d_forward_return_excess_spy,0.001,1.0,0.12116584421799224
z_idio_vol_60d,8.955633700677671e-05,True,XLP,5,target_5d_forward_return_excess_spy,0.001,1.0,0.12116584421799224
z_Federal_Funds_Rate,-0.0,False,XLP,5,target_5d_forward_return_excess_spy,0.001,1.0,0.12116584421799224
z_Treasury_10Y,-0.0,False,XLP,5,target_5d_forward_return_excess_spy,0.001,1.0,0.12116584421799224
z_Yield_Spread_10Y2Y,-0.0,False,XLP,5,target_5d_forward_return_excess_spy,0.001,1.0,0.12116584421799224
z_Breakeven_Inflation_10Y,0.0,False,XLP,5,target_5d_forward_return_excess_spy,0.001,1.0,0.12116584421799224
z_CPI,0.0011726143207748342,True,XLP,5,target_5d_forward_return_excess_spy,0.001,1.0,0.12116584421799224
z_Unemployment_Rate,-0.00045213776763452005,True,XLP,5,target_5d_forward_return_excess_spy,0.001,1.0,0.12116584421799224
z_Financial_Conditions_Index,0.0,False,XLP,5,target_5d_forward_return_excess_spy,0.001,1.0,0.12116584421799224
z_VIX,0.0001882371840949292,True,XLP,5,target_5d_forward_return_excess_spy,0.001,1.0,0.12116584421799224
z_rate_sensitivity_beta,-0.0,False,XLP,5,target_5d_forward_return_excess_spy,0.001,1.0,0.12116584421799224
z_return_5d,-0.0019233822467137202,True,XLRE,5,target_5d_forward_return_excess_spy,0.0001,0.7,0.08159491510072935
z_return_5d_rel_spy,-2.528934069868392e-06,True,XLRE,5,target_5d_forward_return_excess_spy,0.0001,0.7,0.08159491510072935
z_return_5d_excess_rf,-1.7129522606877023e-09,False,XLRE,5,target_5d_forward_return_excess_spy,0.0001,0.7,0.08159491510072935
z_return_20d,-0.0011549878606754566,True,XLRE,5,target_5d_forward_return_excess_spy,0.0001,0.7,0.08159491510072935
z_return_20d_rel_spy,-1.1978801829601765e-06,True,XLRE,5,target_5d_forward_return_excess_spy,0.0001,0.7,0.08159491510072935
z_return_20d_excess_rf,-6.543912422515509e-10,False,XLRE,5,target_5d_forward_return_excess_spy,0.0001,0.7,0.08159491510072935
z_return_60d_rel_spy,0.001451957162796132,True,XLRE,5,target_5d_forward_return_excess_spy,0.0001,0.7,0.08159491510072935
z_price_to_MA20,0.0,False,XLRE,5,target_5d_forward_return_excess_spy,0.0001,0.7,0.08159491510072935
z_price_to_MA50,0.0030383694324316824,True,XLRE,5,target_5d_forward_return_excess_spy,0.0001,0.7,0.08159491510072935
z_MA20_minus_MA50,-0.0007787040301342075,True,XLRE,5,target_5d_forward_return_excess_spy,0.0001,0.7,0.08159491510072935
z_volatility_20d,-0.00015542472168861288,True,XLRE,5,target_5d_forward_return_excess_spy,0.0001,0.7,0.08159491510072935
z_max_drawdown_60d,-0.004550006497919002,True,XLRE,5,target_5d_forward_return_excess_spy,0.0001,0.7,0.08159491510072935
z_ATR_14,-0.0026946572557259257,True,XLRE,5,target_5d_forward_return_excess_spy,0.0001,0.7,0.08159491510072935
z_volume_change,4.560080889137707e-06,True,XLRE,5,target_5d_forward_return_excess_spy,0.0001,0.7,0.08159491510072935
z_relative_volume,0.00010700409883550827,True,XLRE,5,target_5d_forward_return_excess_spy,0.0001,0.7,0.08159491510072935
z_RSI_14,-0.002303833200547892,True,XLRE,5,target_5d_forward_return_excess_spy,0.0001,0.7,0.08159491510072935
z_market_beta_60d,-0.003524790661413902,True,XLRE,5,target_5d_forward_return_excess_spy,0.0001,0.7,0.08159491510072935
z_idio_vol_60d,-0.0008584306294848513,True,XLRE,5,target_5d_forward_return_excess_spy,0.0001,0.7,0.08159491510072935
z_Federal_Funds_Rate,0.0002334588704158546,True,XLRE,5,target_5d_forward_return_excess_spy,0.0001,0.7,0.08159491510072935
z_Treasury_10Y,-0.003447387763865843,True,XLRE,5,target_5d_forward_return_excess_spy,0.0001,0.7,0.08159491510072935
z_Yield_Spread_10Y2Y,0.0010321614733615693,True,XLRE,5,target_5d_forward_return_excess_spy,0.0001,0.7,0.08159491510072935
z_Breakeven_Inflation_10Y,0.0009646329629339539,True,XLRE,5,target_5d_forward_return_excess_spy,0.0001,0.7,0.08159491510072935
z_CPI,0.001703163547772101,True,XLRE,5,target_5d_forward_return_excess_spy,0.0001,0.7,0.08159491510072935
z_Unemployment_Rate,-4.4618683273499465e-05,True,XLRE,5,target_5d_forward_return_excess_spy,0.0001,0.7,0.08159491510072935
z_Financial_Conditions_Index,0.00023274892807088454,True,XLRE,5,target_5d_forward_return_excess_spy,0.0001,0.7,0.08159491510072935
z_VIX,-0.001001331208193494,True,XLRE,5,target_5d_forward_return_excess_spy,0.0001,0.7,0.08159491510072935
z_rate_sensitivity_beta,-0.0003878606810813003,True,XLRE,5,target_5d_forward_return_excess_spy,0.0001,0.7,0.08159491510072935
z_return_5d,-0.0,False,XLU,5,target_5d_forward_return_excess_spy,0.001,0.9,0.1316429766111682
z_return_5d_rel_spy,-0.0,False,XLU,5,target_5d_forward_return_excess_spy,0.001,0.9,0.1316429766111682
z_return_5d_excess_rf,-0.0,False,XLU,5,target_5d_forward_return_excess_spy,0.001,0.9,0.1316429766111682
z_return_20d,-0.0,False,XLU,5,target_5d_forward_return_excess_spy,0.001,0.9,0.1316429766111682
z_return_20d_rel_spy,-0.0,False,XLU,5,target_5d_forward_return_excess_spy,0.001,0.9,0.1316429766111682
z_return_20d_excess_rf,-0.0,False,XLU,5,target_5d_forward_return_excess_spy,0.001,0.9,0.1316429766111682
z_return_60d_rel_spy,-0.001037647966520133,True,XLU,5,target_5d_forward_return_excess_spy,0.001,0.9,0.1316429766111682
z_price_to_MA20,-0.00029201569054795385,True,XLU,5,target_5d_forward_return_excess_spy,0.001,0.9,0.1316429766111682
z_price_to_MA50,-0.0,False,XLU,5,target_5d_forward_return_excess_spy,0.001,0.9,0.1316429766111682
z_MA20_minus_MA50,-0.0003754842068103561,True,XLU,5,target_5d_forward_return_excess_spy,0.001,0.9,0.1316429766111682
z_volatility_20d,-0.0003641350007562022,True,XLU,5,target_5d_forward_return_excess_spy,0.001,0.9,0.1316429766111682
z_max_drawdown_60d,-0.0,False,XLU,5,target_5d_forward_return_excess_spy,0.001,0.9,0.1316429766111682
z_ATR_14,-0.0021679045131430402,True,XLU,5,target_5d_forward_return_excess_spy,0.001,0.9,0.1316429766111682
z_volume_change,-0.0,False,XLU,5,target_5d_forward_return_excess_spy,0.001,0.9,0.1316429766111682
z_relative_volume,-0.0,False,XLU,5,target_5d_forward_return_excess_spy,0.001,0.9,0.1316429766111682
z_RSI_14,-0.0,False,XLU,5,target_5d_forward_return_excess_spy,0.001,0.9,0.1316429766111682
z_market_beta_60d,-0.0,False,XLU,5,target_5d_forward_return_excess_spy,0.001,0.9,0.1316429766111682
z_idio_vol_60d,-0.0007106517206780967,True,XLU,5,target_5d_forward_return_excess_spy,0.001,0.9,0.1316429766111682
z_Federal_Funds_Rate,-0.0,False,XLU,5,target_5d_forward_return_excess_spy,0.001,0.9,0.1316429766111682
z_Treasury_10Y,0.0,False,XLU,5,target_5d_forward_return_excess_spy,0.001,0.9,0.1316429766111682
z_Yield_Spread_10Y2Y,-0.0,False,XLU,5,target_5d_forward_return_excess_spy,0.001,0.9,0.1316429766111682
z_Breakeven_Inflation_10Y,0.0,False,XLU,5,target_5d_forward_return_excess_spy,0.001,0.9,0.1316429766111682
z_CPI,0.0005883605409880509,True,XLU,5,target_5d_forward_return_excess_spy,0.001,0.9,0.1316429766111682
z_Unemployment_Rate,-0.0,False,XLU,5,target_5d_forward_return_excess_spy,0.001,0.9,0.1316429766111682
z_Financial_Conditions_Index,0.0,False,XLU,5,target_5d_forward_return_excess_spy,0.001,0.9,0.1316429766111682
z_VIX,0.0,False,XLU,5,target_5d_forward_return_excess_spy,0.001,0.9,0.1316429766111682
z_rate_sensitivity_beta,-0.0026007005483569792,True,XLU,5,target_5d_forward_return_excess_spy,0.001,0.9,0.1316429766111682
z_return_5d,-0.0001836774935865954,True,XLV,5,target_5d_forward_return_excess_spy,0.001,0.3,0.14403809304415138
z_return_5d_rel_spy,-7.202787870880803e-05,True,XLV,5,target_5d_forward_return_excess_spy,0.001,0.3,0.14403809304415138
z_return_5d_excess_rf,-1.4230171429235715e-05,True,XLV,5,target_5d_forward_return_excess_spy,0.001,0.3,0.14403809304415138
z_return_20d,0.0003848225355107937,True,XLV,5,target_5d_forward_return_excess_spy,0.001,0.3,0.14403809304415138
z_return_20d_rel_spy,0.0001476570044941047,True,XLV,5,target_5d_forward_return_excess_spy,0.001,0.3,0.14403809304415138
z_return_20d_excess_rf,2.8543572372606404e-05,True,XLV,5,target_5d_forward_return_excess_spy,0.001,0.3,0.14403809304415138
z_return_60d_rel_spy,-9.291014707649493e-05,True,XLV,5,target_5d_forward_return_excess_spy,0.001,0.3,0.14403809304415138
z_price_to_MA20,-0.0009438708942943263,True,XLV,5,target_5d_forward_return_excess_spy,0.001,0.3,0.14403809304415138
z_price_to_MA50,-0.0,False,XLV,5,target_5d_forward_return_excess_spy,0.001,0.3,0.14403809304415138
z_MA20_minus_MA50,-0.0014484267350430011,True,XLV,5,target_5d_forward_return_excess_spy,0.001,0.3,0.14403809304415138
z_volatility_20d,0.00036401101689296887,True,XLV,5,target_5d_forward_return_excess_spy,0.001,0.3,0.14403809304415138
z_max_drawdown_60d,-0.0002020295590029736,True,XLV,5,target_5d_forward_return_excess_spy,0.001,0.3,0.14403809304415138
z_ATR_14,-0.0016046725073830697,True,XLV,5,target_5d_forward_return_excess_spy,0.001,0.3,0.14403809304415138
z_volume_change,-0.0,False,XLV,5,target_5d_forward_return_excess_spy,0.001,0.3,0.14403809304415138
z_relative_volume,0.0,False,XLV,5,target_5d_forward_return_excess_spy,0.001,0.3,0.14403809304415138
z_RSI_14,0.0,False,XLV,5,target_5d_forward_return_excess_spy,0.001,0.3,0.14403809304415138
z_market_beta_60d,0.0,False,XLV,5,target_5d_forward_return_excess_spy,0.001,0.3,0.14403809304415138
z_idio_vol_60d,0.0019610115419573617,True,XLV,5,target_5d_forward_return_excess_spy,0.001,0.3,0.14403809304415138
z_Federal_Funds_Rate,-0.00156294009845147,True,XLV,5,target_5d_forward_return_excess_spy,0.001,0.3,0.14403809304415138
z_Treasury_10Y,0.0,False,XLV,5,target_5d_forward_return_excess_spy,0.001,0.3,0.14403809304415138
z_Yield_Spread_10Y2Y,0.0,False,XLV,5,target_5d_forward_return_excess_spy,0.001,0.3,0.14403809304415138
z_Breakeven_Inflation_10Y,0.0017209045945206823,True,XLV,5,target_5d_forward_return_excess_spy,0.001,0.3,0.14403809304415138
z_CPI,0.0007331926681010372,True,XLV,5,target_5d_forward_return_excess_spy,0.001,0.3,0.14403809304415138
z_Unemployment_Rate,-0.0004843577198699879,True,XLV,5,target_5d_forward_return_excess_spy,0.001,0.3,0.14403809304415138
z_Financial_Conditions_Index,0.002498270682370412,True,XLV,5,target_5d_forward_return_excess_spy,0.001,0.3,0.14403809304415138
z_VIX,0.0,False,XLV,5,target_5d_forward_return_excess_spy,0.001,0.3,0.14403809304415138
z_rate_sensitivity_beta,0.0015642435813779997,True,XLV,5,target_5d_forward_return_excess_spy,0.001,0.3,0.14403809304415138
z_return_5d,-0.00017834874168142303,True,XLY,5,target_5d_forward_return_excess_spy,1e-05,0.1,0.06091552524351118
z_return_5d_rel_spy,-1.9008177824864637e-07,True,XLY,5,target_5d_forward_return_excess_spy,1e-05,0.1,0.06091552524351118
z_return_5d_excess_rf,-9.403962226307139e-11,False,XLY,5,target_5d_forward_return_excess_spy,1e-05,0.1,0.06091552524351118
z_return_20d,-0.00010860646937987455,True,XLY,5,target_5d_forward_return_excess_spy,1e-05,0.1,0.06091552524351118
z_return_20d_rel_spy,-1.0905297766663382e-07,True,XLY,5,target_5d_forward_return_excess_spy,1e-05,0.1,0.06091552524351118
z_return_20d_excess_rf,-4.9251430997277396e-11,False,XLY,5,target_5d_forward_return_excess_spy,1e-05,0.1,0.06091552524351118
z_return_60d_rel_spy,-8.151709716926576e-05,True,XLY,5,target_5d_forward_return_excess_spy,1e-05,0.1,0.06091552524351118
z_price_to_MA20,-0.0011385440526913875,True,XLY,5,target_5d_forward_return_excess_spy,1e-05,0.1,0.06091552524351118
z_price_to_MA50,0.0028365475136688943,True,XLY,5,target_5d_forward_return_excess_spy,1e-05,0.1,0.06091552524351118
z_MA20_minus_MA50,-0.002427338865547561,True,XLY,5,target_5d_forward_return_excess_spy,1e-05,0.1,0.06091552524351118
z_volatility_20d,0.0013393059108422571,True,XLY,5,target_5d_forward_return_excess_spy,1e-05,0.1,0.06091552524351118
z_max_drawdown_60d,-0.00043307495889594554,True,XLY,5,target_5d_forward_return_excess_spy,1e-05,0.1,0.06091552524351118
z_ATR_14,-0.0016292330336294069,True,XLY,5,target_5d_forward_return_excess_spy,1e-05,0.1,0.06091552524351118
z_volume_change,-0.0011977071443632524,True,XLY,5,target_5d_forward_return_excess_spy,1e-05,0.1,0.06091552524351118
z_relative_volume,0.002046983037434944,True,XLY,5,target_5d_forward_return_excess_spy,1e-05,0.1,0.06091552524351118
z_RSI_14,0.0006096539714497288,True,XLY,5,target_5d_forward_return_excess_spy,1e-05,0.1,0.06091552524351118
z_market_beta_60d,-0.0012524441976592548,True,XLY,5,target_5d_forward_return_excess_spy,1e-05,0.1,0.06091552524351118
z_idio_vol_60d,0.0013027754022328036,True,XLY,5,target_5d_forward_return_excess_spy,1e-05,0.1,0.06091552524351118
z_Federal_Funds_Rate,0.0022449518534298643,True,XLY,5,target_5d_forward_return_excess_spy,1e-05,0.1,0.06091552524351118
z_Treasury_10Y,-0.00170749969016539,True,XLY,5,target_5d_forward_return_excess_spy,1e-05,0.1,0.06091552524351118
z_Yield_Spread_10Y2Y,0.0025372991693530453,True,XLY,5,target_5d_forward_return_excess_spy,1e-05,0.1,0.06091552524351118
z_Breakeven_Inflation_10Y,-0.00011461988511990387,True,XLY,5,target_5d_forward_return_excess_spy,1e-05,0.1,0.06091552524351118
z_CPI,-0.0008442618424523366,True,XLY,5,target_5d_forward_return_excess_spy,1e-05,0.1,0.06091552524351118
z_Unemployment_Rate,0.000909454785239837,True,XLY,5,target_5d_forward_return_excess_spy,1e-05,0.1,0.06091552524351118
z_Financial_Conditions_Index,0.0005361645354609225,True,XLY,5,target_5d_forward_return_excess_spy,1e-05,0.1,0.06091552524351118
z_VIX,-0.001119842450560416,True,XLY,5,target_5d_forward_return_excess_spy,1e-05,0.1,0.06091552524351118
z_rate_sensitivity_beta,0.0011135420132226252,True,XLY,5,target_5d_forward_return_excess_spy,1e-05,0.1,0.06091552524351118
