feature,gain_importance,etf,split_id,target_column
z_return_5d,57,XLB,1,target_5d_forward_return_raw
z_return_5d_rel_spy,16,XLB,1,target_5d_forward_return_raw
z_return_5d_excess_rf,5,XLB,1,target_5d_forward_return_raw
z_return_20d,62,XLB,1,target_5d_forward_return_raw
z_return_20d_rel_spy,12,XLB,1,target_5d_forward_return_raw
z_return_20d_excess_rf,0,XLB,1,target_5d_forward_return_raw
z_return_60d_rel_spy,70,XLB,1,target_5d_forward_return_raw
z_price_to_MA20,63,XLB,1,target_5d_forward_return_raw
z_price_to_MA50,56,XLB,1,target_5d_forward_return_raw
z_MA20_minus_MA50,62,XLB,1,target_5d_forward_return_raw
z_volatility_20d,70,XLB,1,target_5d_forward_return_raw
z_max_drawdown_60d,8,XLB,1,target_5d_forward_return_raw
z_ATR_14,135,XLB,1,target_5d_forward_return_raw
z_volume_change,76,XLB,1,target_5d_forward_return_raw
z_relative_volume,62,XLB,1,target_5d_forward_return_raw
z_RSI_14,73,XLB,1,target_5d_forward_return_raw
z_market_beta_60d,52,XLB,1,target_5d_forward_return_raw
z_idio_vol_60d,30,XLB,1,target_5d_forward_return_raw
z_Federal_Funds_Rate,77,XLB,1,target_5d_forward_return_raw
z_Treasury_10Y,140,XLB,1,target_5d_forward_return_raw
z_Yield_Spread_10Y2Y,84,XLB,1,target_5d_forward_return_raw
z_Breakeven_Inflation_10Y,103,XLB,1,target_5d_forward_return_raw
z_CPI,87,XLB,1,target_5d_forward_return_raw
z_Unemployment_Rate,82,XLB,1,target_5d_forward_return_raw
z_Financial_Conditions_Index,75,XLB,1,target_5d_forward_return_raw
z_VIX,140,XLB,1,target_5d_forward_return_raw
z_rate_sensitivity_beta,52,XLB,1,target_5d_forward_return_raw
z_return_5d,113,XLC,1,target_5d_forward_return_raw
z_return_5d_rel_spy,22,XLC,1,target_5d_forward_return_raw
z_return_5d_excess_rf,4,XLC,1,target_5d_forward_return_raw
z_return_20d,60,XLC,1,target_5d_forward_return_raw
z_return_20d_rel_spy,15,XLC,1,target_5d_forward_return_raw
z_return_20d_excess_rf,0,XLC,1,target_5d_forward_return_raw
z_return_60d_rel_spy,49,XLC,1,target_5d_forward_return_raw
z_price_to_MA20,51,XLC,1,target_5d_forward_return_raw
z_price_to_MA50,47,XLC,1,target_5d_forward_return_raw
z_MA20_minus_MA50,66,XLC,1,target_5d_forward_return_raw
z_volatility_20d,83,XLC,1,target_5d_forward_return_raw
z_max_drawdown_60d,18,XLC,1,target_5d_forward_return_raw
z_ATR_14,100,XLC,1,target_5d_forward_return_raw
z_volume_change,47,XLC,1,target_5d_forward_return_raw
z_relative_volume,73,XLC,1,target_5d_forward_return_raw
z_RSI_14,80,XLC,1,target_5d_forward_return_raw
z_market_beta_60d,55,XLC,1,target_5d_forward_return_raw
z_idio_vol_60d,75,XLC,1,target_5d_forward_return_raw
z_Federal_Funds_Rate,86,XLC,1,target_5d_forward_return_raw
z_Treasury_10Y,119,XLC,1,target_5d_forward_return_raw
z_Yield_Spread_10Y2Y,63,XLC,1,target_5d_forward_return_raw
z_Breakeven_Inflation_10Y,89,XLC,1,target_5d_forward_return_raw
z_CPI,76,XLC,1,target_5d_forward_return_raw
z_Unemployment_Rate,101,XLC,1,target_5d_forward_return_raw
z_Financial_Conditions_Index,96,XLC,1,target_5d_forward_return_raw
z_VIX,96,XLC,1,target_5d_forward_return_raw
z_rate_sensitivity_beta,26,XLC,1,target_5d_forward_return_raw
z_return_5d,64,XLE,1,target_5d_forward_return_raw
z_return_5d_rel_spy,12,XLE,1,target_5d_forward_return_raw
z_return_5d_excess_rf,4,XLE,1,target_5d_forward_return_raw
z_return_20d,34,XLE,1,target_5d_forward_return_raw
z_return_20d_rel_spy,13,XLE,1,target_5d_forward_return_raw
z_return_20d_excess_rf,1,XLE,1,target_5d_forward_return_raw
z_return_60d_rel_spy,27,XLE,1,target_5d_forward_return_raw
z_price_to_MA20,73,XLE,1,target_5d_forward_return_raw
z_price_to_MA50,84,XLE,1,target_5d_forward_return_raw
z_MA20_minus_MA50,100,XLE,1,target_5d_forward_return_raw
z_volatility_20d,133,XLE,1,target_5d_forward_return_raw
z_max_drawdown_60d,37,XLE,1,target_5d_forward_return_raw
z_ATR_14,50,XLE,1,target_5d_forward_return_raw
z_volume_change,52,XLE,1,target_5d_forward_return_raw
z_relative_volume,61,XLE,1,target_5d_forward_return_raw
z_RSI_14,45,XLE,1,target_5d_forward_return_raw
z_market_beta_60d,78,XLE,1,target_5d_forward_return_raw
z_idio_vol_60d,47,XLE,1,target_5d_forward_return_raw
z_Federal_Funds_Rate,75,XLE,1,target_5d_forward_return_raw
z_Treasury_10Y,93,XLE,1,target_5d_forward_return_raw
z_Yield_Spread_10Y2Y,85,XLE,1,target_5d_forward_return_raw
z_Breakeven_Inflation_10Y,101,XLE,1,target_5d_forward_return_raw
z_CPI,95,XLE,1,target_5d_forward_return_raw
z_Unemployment_Rate,108,XLE,1,target_5d_forward_return_raw
z_Financial_Conditions_Index,86,XLE,1,target_5d_forward_return_raw
z_VIX,122,XLE,1,target_5d_forward_return_raw
z_rate_sensitivity_beta,78,XLE,1,target_5d_forward_return_raw
z_return_5d,92,XLF,1,target_5d_forward_return_raw
z_return_5d_rel_spy,15,XLF,1,target_5d_forward_return_raw
z_return_5d_excess_rf,4,XLF,1,target_5d_forward_return_raw
z_return_20d,58,XLF,1,target_5d_forward_return_raw
z_return_20d_rel_spy,16,XLF,1,target_5d_forward_return_raw
z_return_20d_excess_rf,1,XLF,1,target_5d_forward_return_raw
z_return_60d_rel_spy,52,XLF,1,target_5d_forward_return_raw
z_price_to_MA20,44,XLF,1,target_5d_forward_return_raw
z_price_to_MA50,67,XLF,1,target_5d_forward_return_raw
z_MA20_minus_MA50,60,XLF,1,target_5d_forward_return_raw
z_volatility_20d,143,XLF,1,target_5d_forward_return_raw
z_max_drawdown_60d,24,XLF,1,target_5d_forward_return_raw
z_ATR_14,76,XLF,1,target_5d_forward_return_raw
z_volume_change,52,XLF,1,target_5d_forward_return_raw
z_relative_volume,39,XLF,1,target_5d_forward_return_raw
z_RSI_14,62,XLF,1,target_5d_forward_return_raw
z_market_beta_60d,63,XLF,1,target_5d_forward_return_raw
z_idio_vol_60d,32,XLF,1,target_5d_forward_return_raw
z_Federal_Funds_Rate,123,XLF,1,target_5d_forward_return_raw
z_Treasury_10Y,71,XLF,1,target_5d_forward_return_raw
z_Yield_Spread_10Y2Y,109,XLF,1,target_5d_forward_return_raw
z_Breakeven_Inflation_10Y,91,XLF,1,target_5d_forward_return_raw
z_CPI,68,XLF,1,target_5d_forward_return_raw
z_Unemployment_Rate,65,XLF,1,target_5d_forward_return_raw
z_Financial_Conditions_Index,115,XLF,1,target_5d_forward_return_raw
z_VIX,112,XLF,1,target_5d_forward_return_raw
z_rate_sensitivity_beta,73,XLF,1,target_5d_forward_return_raw
z_return_5d,61,XLI,1,target_5d_forward_return_raw
z_return_5d_rel_spy,9,XLI,1,target_5d_forward_return_raw
z_return_5d_excess_rf,1,XLI,1,target_5d_forward_return_raw
z_return_20d,62,XLI,1,target_5d_forward_return_raw
z_return_20d_rel_spy,24,XLI,1,target_5d_forward_return_raw
z_return_20d_excess_rf,0,XLI,1,target_5d_forward_return_raw
z_return_60d_rel_spy,103,XLI,1,target_5d_forward_return_raw
z_price_to_MA20,34,XLI,1,target_5d_forward_return_raw
z_price_to_MA50,57,XLI,1,target_5d_forward_return_raw
z_MA20_minus_MA50,95,XLI,1,target_5d_forward_return_raw
z_volatility_20d,48,XLI,1,target_5d_forward_return_raw
z_max_drawdown_60d,25,XLI,1,target_5d_forward_return_raw
z_ATR_14,50,XLI,1,target_5d_forward_return_raw
z_volume_change,60,XLI,1,target_5d_forward_return_raw
z_relative_volume,48,XLI,1,target_5d_forward_return_raw
z_RSI_14,59,XLI,1,target_5d_forward_return_raw
z_market_beta_60d,70,XLI,1,target_5d_forward_return_raw
z_idio_vol_60d,71,XLI,1,target_5d_forward_return_raw
z_Federal_Funds_Rate,128,XLI,1,target_5d_forward_return_raw
z_Treasury_10Y,74,XLI,1,target_5d_forward_return_raw
z_Yield_Spread_10Y2Y,107,XLI,1,target_5d_forward_return_raw
z_Breakeven_Inflation_10Y,81,XLI,1,target_5d_forward_return_raw
z_CPI,74,XLI,1,target_5d_forward_return_raw
z_Unemployment_Rate,71,XLI,1,target_5d_forward_return_raw
z_Financial_Conditions_Index,138,XLI,1,target_5d_forward_return_raw
z_VIX,136,XLI,1,target_5d_forward_return_raw
z_rate_sensitivity_beta,57,XLI,1,target_5d_forward_return_raw
z_return_5d,123,XLK,1,target_5d_forward_return_raw
z_return_5d_rel_spy,19,XLK,1,target_5d_forward_return_raw
z_return_5d_excess_rf,3,XLK,1,target_5d_forward_return_raw
z_return_20d,31,XLK,1,target_5d_forward_return_raw
z_return_20d_rel_spy,5,XLK,1,target_5d_forward_return_raw
z_return_20d_excess_rf,0,XLK,1,target_5d_forward_return_raw
z_return_60d_rel_spy,71,XLK,1,target_5d_forward_return_raw
z_price_to_MA20,95,XLK,1,target_5d_forward_return_raw
z_price_to_MA50,38,XLK,1,target_5d_forward_return_raw
z_MA20_minus_MA50,95,XLK,1,target_5d_forward_return_raw
z_volatility_20d,81,XLK,1,target_5d_forward_return_raw
z_max_drawdown_60d,43,XLK,1,target_5d_forward_return_raw
z_ATR_14,62,XLK,1,target_5d_forward_return_raw
z_volume_change,43,XLK,1,target_5d_forward_return_raw
z_relative_volume,68,XLK,1,target_5d_forward_return_raw
z_RSI_14,81,XLK,1,target_5d_forward_return_raw
z_market_beta_60d,102,XLK,1,target_5d_forward_return_raw
z_idio_vol_60d,25,XLK,1,target_5d_forward_return_raw
z_Federal_Funds_Rate,78,XLK,1,target_5d_forward_return_raw
z_Treasury_10Y,99,XLK,1,target_5d_forward_return_raw
z_Yield_Spread_10Y2Y,72,XLK,1,target_5d_forward_return_raw
z_Breakeven_Inflation_10Y,60,XLK,1,target_5d_forward_return_raw
z_CPI,82,XLK,1,target_5d_forward_return_raw
z_Unemployment_Rate,91,XLK,1,target_5d_forward_return_raw
z_Financial_Conditions_Index,115,XLK,1,target_5d_forward_return_raw
z_VIX,108,XLK,1,target_5d_forward_return_raw
z_rate_sensitivity_beta,77,XLK,1,target_5d_forward_return_raw
z_return_5d,86,XLP,1,target_5d_forward_return_raw
z_return_5d_rel_spy,21,XLP,1,target_5d_forward_return_raw
z_return_5d_excess_rf,3,XLP,1,target_5d_forward_return_raw
z_return_20d,63,XLP,1,target_5d_forward_return_raw
z_return_20d_rel_spy,15,XLP,1,target_5d_forward_return_raw
z_return_20d_excess_rf,0,XLP,1,target_5d_forward_return_raw
z_return_60d_rel_spy,65,XLP,1,target_5d_forward_return_raw
z_price_to_MA20,57,XLP,1,target_5d_forward_return_raw
z_price_to_MA50,41,XLP,1,target_5d_forward_return_raw
z_MA20_minus_MA50,41,XLP,1,target_5d_forward_return_raw
z_volatility_20d,126,XLP,1,target_5d_forward_return_raw
z_max_drawdown_60d,16,XLP,1,target_5d_forward_return_raw
z_ATR_14,32,XLP,1,target_5d_forward_return_raw
z_volume_change,30,XLP,1,target_5d_forward_return_raw
z_relative_volume,73,XLP,1,target_5d_forward_return_raw
z_RSI_14,65,XLP,1,target_5d_forward_return_raw
z_market_beta_60d,67,XLP,1,target_5d_forward_return_raw
z_idio_vol_60d,28,XLP,1,target_5d_forward_return_raw
z_Federal_Funds_Rate,91,XLP,1,target_5d_forward_return_raw
z_Treasury_10Y,72,XLP,1,target_5d_forward_return_raw
z_Yield_Spread_10Y2Y,98,XLP,1,target_5d_forward_return_raw
z_Breakeven_Inflation_10Y,92,XLP,1,target_5d_forward_return_raw
z_CPI,124,XLP,1,target_5d_forward_return_raw
z_Unemployment_Rate,61,XLP,1,target_5d_forward_return_raw
z_Financial_Conditions_Index,140,XLP,1,target_5d_forward_return_raw
z_VIX,180,XLP,1,target_5d_forward_return_raw
z_rate_sensitivity_beta,55,XLP,1,target_5d_forward_return_raw
z_return_5d,79,XLRE,1,target_5d_forward_return_raw
z_return_5d_rel_spy,19,XLRE,1,target_5d_forward_return_raw
z_return_5d_excess_rf,4,XLRE,1,target_5d_forward_return_raw
z_return_20d,55,XLRE,1,target_5d_forward_return_raw
z_return_20d_rel_spy,14,XLRE,1,target_5d_forward_return_raw
z_return_20d_excess_rf,1,XLRE,1,target_5d_forward_return_raw
z_return_60d_rel_spy,52,XLRE,1,target_5d_forward_return_raw
z_price_to_MA20,35,XLRE,1,target_5d_forward_return_raw
z_price_to_MA50,109,XLRE,1,target_5d_forward_return_raw
z_MA20_minus_MA50,91,XLRE,1,target_5d_forward_return_raw
z_volatility_20d,55,XLRE,1,target_5d_forward_return_raw
z_max_drawdown_60d,27,XLRE,1,target_5d_forward_return_raw
z_ATR_14,26,XLRE,1,target_5d_forward_return_raw
z_volume_change,29,XLRE,1,target_5d_forward_return_raw
z_relative_volume,64,XLRE,1,target_5d_forward_return_raw
z_RSI_14,134,XLRE,1,target_5d_forward_return_raw
z_market_beta_60d,33,XLRE,1,target_5d_forward_return_raw
z_idio_vol_60d,70,XLRE,1,target_5d_forward_return_raw
z_Federal_Funds_Rate,97,XLRE,1,target_5d_forward_return_raw
z_Treasury_10Y,75,XLRE,1,target_5d_forward_return_raw
z_Yield_Spread_10Y2Y,95,XLRE,1,target_5d_forward_return_raw
z_Breakeven_Inflation_10Y,71,XLRE,1,target_5d_forward_return_raw
z_CPI,125,XLRE,1,target_5d_forward_return_raw
z_Unemployment_Rate,84,XLRE,1,target_5d_forward_return_raw
z_Financial_Conditions_Index,92,XLRE,1,target_5d_forward_return_raw
z_VIX,148,XLRE,1,target_5d_forward_return_raw
z_rate_sensitivity_beta,55,XLRE,1,target_5d_forward_return_raw
z_return_5d,75,XLU,1,target_5d_forward_return_raw
z_return_5d_rel_spy,16,XLU,1,target_5d_forward_return_raw
z_return_5d_excess_rf,5,XLU,1,target_5d_forward_return_raw
z_return_20d,38,XLU,1,target_5d_forward_return_raw
z_return_20d_rel_spy,10,XLU,1,target_5d_forward_return_raw
z_return_20d_excess_rf,0,XLU,1,target_5d_forward_return_raw
z_return_60d_rel_spy,61,XLU,1,target_5d_forward_return_raw
z_price_to_MA20,74,XLU,1,target_5d_forward_return_raw
z_price_to_MA50,70,XLU,1,target_5d_forward_return_raw
z_MA20_minus_MA50,66,XLU,1,target_5d_forward_return_raw
z_volatility_20d,81,XLU,1,target_5d_forward_return_raw
z_max_drawdown_60d,43,XLU,1,target_5d_forward_return_raw
z_ATR_14,119,XLU,1,target_5d_forward_return_raw
z_volume_change,45,XLU,1,target_5d_forward_return_raw
z_relative_volume,77,XLU,1,target_5d_forward_return_raw
z_RSI_14,62,XLU,1,target_5d_forward_return_raw
z_market_beta_60d,101,XLU,1,target_5d_forward_return_raw
z_idio_vol_60d,47,XLU,1,target_5d_forward_return_raw
z_Federal_Funds_Rate,122,XLU,1,target_5d_forward_return_raw
z_Treasury_10Y,35,XLU,1,target_5d_forward_return_raw
z_Yield_Spread_10Y2Y,60,XLU,1,target_5d_forward_return_raw
z_Breakeven_Inflation_10Y,67,XLU,1,target_5d_forward_return_raw
z_CPI,133,XLU,1,target_5d_forward_return_raw
z_Unemployment_Rate,54,XLU,1,target_5d_forward_return_raw
z_Financial_Conditions_Index,87,XLU,1,target_5d_forward_return_raw
z_VIX,119,XLU,1,target_5d_forward_return_raw
z_rate_sensitivity_beta,71,XLU,1,target_5d_forward_return_raw
z_return_5d,69,XLV,1,target_5d_forward_return_raw
z_return_5d_rel_spy,19,XLV,1,target_5d_forward_return_raw
z_return_5d_excess_rf,3,XLV,1,target_5d_forward_return_raw
z_return_20d,51,XLV,1,target_5d_forward_return_raw
z_return_20d_rel_spy,9,XLV,1,target_5d_forward_return_raw
z_return_20d_excess_rf,0,XLV,1,target_5d_forward_return_raw
z_return_60d_rel_spy,56,XLV,1,target_5d_forward_return_raw
z_price_to_MA20,46,XLV,1,target_5d_forward_return_raw
z_price_to_MA50,65,XLV,1,target_5d_forward_return_raw
z_MA20_minus_MA50,67,XLV,1,target_5d_forward_return_raw
z_volatility_20d,151,XLV,1,target_5d_forward_return_raw
z_max_drawdown_60d,25,XLV,1,target_5d_forward_return_raw
z_ATR_14,135,XLV,1,target_5d_forward_return_raw
z_volume_change,68,XLV,1,target_5d_forward_return_raw
z_relative_volume,51,XLV,1,target_5d_forward_return_raw
z_RSI_14,46,XLV,1,target_5d_forward_return_raw
z_market_beta_60d,106,XLV,1,target_5d_forward_return_raw
z_idio_vol_60d,37,XLV,1,target_5d_forward_return_raw
z_Federal_Funds_Rate,90,XLV,1,target_5d_forward_return_raw
z_Treasury_10Y,60,XLV,1,target_5d_forward_return_raw
z_Yield_Spread_10Y2Y,104,XLV,1,target_5d_forward_return_raw
z_Breakeven_Inflation_10Y,93,XLV,1,target_5d_forward_return_raw
z_CPI,99,XLV,1,target_5d_forward_return_raw
z_Unemployment_Rate,46,XLV,1,target_5d_forward_return_raw
z_Financial_Conditions_Index,55,XLV,1,target_5d_forward_return_raw
z_VIX,147,XLV,1,target_5d_forward_return_raw
z_rate_sensitivity_beta,59,XLV,1,target_5d_forward_return_raw
z_return_5d,72,XLY,1,target_5d_forward_return_raw
z_return_5d_rel_spy,10,XLY,1,target_5d_forward_return_raw
z_return_5d_excess_rf,2,XLY,1,target_5d_forward_return_raw
z_return_20d,42,XLY,1,target_5d_forward_return_raw
z_return_20d_rel_spy,6,XLY,1,target_5d_forward_return_raw
z_return_20d_excess_rf,0,XLY,1,target_5d_forward_return_raw
z_return_60d_rel_spy,62,XLY,1,target_5d_forward_return_raw
z_price_to_MA20,67,XLY,1,target_5d_forward_return_raw
z_price_to_MA50,81,XLY,1,target_5d_forward_return_raw
z_MA20_minus_MA50,90,XLY,1,target_5d_forward_return_raw
z_volatility_20d,73,XLY,1,target_5d_forward_return_raw
z_max_drawdown_60d,34,XLY,1,target_5d_forward_return_raw
z_ATR_14,92,XLY,1,target_5d_forward_return_raw
z_volume_change,24,XLY,1,target_5d_forward_return_raw
z_relative_volume,28,XLY,1,target_5d_forward_return_raw
z_RSI_14,66,XLY,1,target_5d_forward_return_raw
z_market_beta_60d,74,XLY,1,target_5d_forward_return_raw
z_idio_vol_60d,48,XLY,1,target_5d_forward_return_raw
z_Federal_Funds_Rate,94,XLY,1,target_5d_forward_return_raw
z_Treasury_10Y,129,XLY,1,target_5d_forward_return_raw
z_Yield_Spread_10Y2Y,92,XLY,1,target_5d_forward_return_raw
z_Breakeven_Inflation_10Y,102,XLY,1,target_5d_forward_return_raw
z_CPI,52,XLY,1,target_5d_forward_return_raw
z_Unemployment_Rate,89,XLY,1,target_5d_forward_return_raw
z_Financial_Conditions_Index,70,XLY,1,target_5d_forward_return_raw
z_VIX,129,XLY,1,target_5d_forward_return_raw
z_rate_sensitivity_beta,113,XLY,1,target_5d_forward_return_raw
z_return_5d,90,XLB,2,target_5d_forward_return_raw
z_return_5d_rel_spy,15,XLB,2,target_5d_forward_return_raw
z_return_5d_excess_rf,5,XLB,2,target_5d_forward_return_raw
z_return_20d,115,XLB,2,target_5d_forward_return_raw
z_return_20d_rel_spy,32,XLB,2,target_5d_forward_return_raw
z_return_20d_excess_rf,1,XLB,2,target_5d_forward_return_raw
z_return_60d_rel_spy,139,XLB,2,target_5d_forward_return_raw
z_price_to_MA20,90,XLB,2,target_5d_forward_return_raw
z_price_to_MA50,120,XLB,2,target_5d_forward_return_raw
z_MA20_minus_MA50,250,XLB,2,target_5d_forward_return_raw
z_volatility_20d,134,XLB,2,target_5d_forward_return_raw
z_max_drawdown_60d,91,XLB,2,target_5d_forward_return_raw
z_ATR_14,194,XLB,2,target_5d_forward_return_raw
z_volume_change,79,XLB,2,target_5d_forward_return_raw
z_relative_volume,93,XLB,2,target_5d_forward_return_raw
z_RSI_14,117,XLB,2,target_5d_forward_return_raw
z_market_beta_60d,173,XLB,2,target_5d_forward_return_raw
z_idio_vol_60d,147,XLB,2,target_5d_forward_return_raw
z_Federal_Funds_Rate,172,XLB,2,target_5d_forward_return_raw
z_Treasury_10Y,171,XLB,2,target_5d_forward_return_raw
z_Yield_Spread_10Y2Y,237,XLB,2,target_5d_forward_return_raw
z_Breakeven_Inflation_10Y,224,XLB,2,target_5d_forward_return_raw
z_CPI,175,XLB,2,target_5d_forward_return_raw
z_Unemployment_Rate,174,XLB,2,target_5d_forward_return_raw
z_Financial_Conditions_Index,303,XLB,2,target_5d_forward_return_raw
z_VIX,361,XLB,2,target_5d_forward_return_raw
z_rate_sensitivity_beta,163,XLB,2,target_5d_forward_return_raw
z_return_5d,168,XLC,2,target_5d_forward_return_raw
z_return_5d_rel_spy,36,XLC,2,target_5d_forward_return_raw
z_return_5d_excess_rf,7,XLC,2,target_5d_forward_return_raw
z_return_20d,146,XLC,2,target_5d_forward_return_raw
z_return_20d_rel_spy,38,XLC,2,target_5d_forward_return_raw
z_return_20d_excess_rf,2,XLC,2,target_5d_forward_return_raw
z_return_60d_rel_spy,120,XLC,2,target_5d_forward_return_raw
z_price_to_MA20,167,XLC,2,target_5d_forward_return_raw
z_price_to_MA50,95,XLC,2,target_5d_forward_return_raw
z_MA20_minus_MA50,199,XLC,2,target_5d_forward_return_raw
z_volatility_20d,203,XLC,2,target_5d_forward_return_raw
z_max_drawdown_60d,86,XLC,2,target_5d_forward_return_raw
z_ATR_14,226,XLC,2,target_5d_forward_return_raw
z_volume_change,93,XLC,2,target_5d_forward_return_raw
z_relative_volume,127,XLC,2,target_5d_forward_return_raw
z_RSI_14,129,XLC,2,target_5d_forward_return_raw
z_market_beta_60d,155,XLC,2,target_5d_forward_return_raw
z_idio_vol_60d,159,XLC,2,target_5d_forward_return_raw
z_Federal_Funds_Rate,138,XLC,2,target_5d_forward_return_raw
z_Treasury_10Y,186,XLC,2,target_5d_forward_return_raw
z_Yield_Spread_10Y2Y,125,XLC,2,target_5d_forward_return_raw
z_Breakeven_Inflation_10Y,201,XLC,2,target_5d_forward_return_raw
z_CPI,152,XLC,2,target_5d_forward_return_raw
z_Unemployment_Rate,136,XLC,2,target_5d_forward_return_raw
z_Financial_Conditions_Index,299,XLC,2,target_5d_forward_return_raw
z_VIX,342,XLC,2,target_5d_forward_return_raw
z_rate_sensitivity_beta,106,XLC,2,target_5d_forward_return_raw
z_return_5d,133,XLE,2,target_5d_forward_return_raw
z_return_5d_rel_spy,28,XLE,2,target_5d_forward_return_raw
z_return_5d_excess_rf,5,XLE,2,target_5d_forward_return_raw
z_return_20d,122,XLE,2,target_5d_forward_return_raw
z_return_20d_rel_spy,21,XLE,2,target_5d_forward_return_raw
z_return_20d_excess_rf,3,XLE,2,target_5d_forward_return_raw
z_return_60d_rel_spy,94,XLE,2,target_5d_forward_return_raw
z_price_to_MA20,115,XLE,2,target_5d_forward_return_raw
z_price_to_MA50,167,XLE,2,target_5d_forward_return_raw
z_MA20_minus_MA50,166,XLE,2,target_5d_forward_return_raw
z_volatility_20d,155,XLE,2,target_5d_forward_return_raw
z_max_drawdown_60d,172,XLE,2,target_5d_forward_return_raw
z_ATR_14,258,XLE,2,target_5d_forward_return_raw
z_volume_change,73,XLE,2,target_5d_forward_return_raw
z_relative_volume,99,XLE,2,target_5d_forward_return_raw
z_RSI_14,119,XLE,2,target_5d_forward_return_raw
z_market_beta_60d,124,XLE,2,target_5d_forward_return_raw
z_idio_vol_60d,177,XLE,2,target_5d_forward_return_raw
z_Federal_Funds_Rate,194,XLE,2,target_5d_forward_return_raw
z_Treasury_10Y,159,XLE,2,target_5d_forward_return_raw
z_Yield_Spread_10Y2Y,236,XLE,2,target_5d_forward_return_raw
z_Breakeven_Inflation_10Y,188,XLE,2,target_5d_forward_return_raw
z_CPI,165,XLE,2,target_5d_forward_return_raw
z_Unemployment_Rate,197,XLE,2,target_5d_forward_return_raw
z_Financial_Conditions_Index,257,XLE,2,target_5d_forward_return_raw
z_VIX,267,XLE,2,target_5d_forward_return_raw
z_rate_sensitivity_beta,181,XLE,2,target_5d_forward_return_raw
z_return_5d,125,XLF,2,target_5d_forward_return_raw
z_return_5d_rel_spy,19,XLF,2,target_5d_forward_return_raw
z_return_5d_excess_rf,9,XLF,2,target_5d_forward_return_raw
z_return_20d,108,XLF,2,target_5d_forward_return_raw
z_return_20d_rel_spy,30,XLF,2,target_5d_forward_return_raw
z_return_20d_excess_rf,1,XLF,2,target_5d_forward_return_raw
z_return_60d_rel_spy,103,XLF,2,target_5d_forward_return_raw
z_price_to_MA20,85,XLF,2,target_5d_forward_return_raw
z_price_to_MA50,139,XLF,2,target_5d_forward_return_raw
z_MA20_minus_MA50,199,XLF,2,target_5d_forward_return_raw
z_volatility_20d,179,XLF,2,target_5d_forward_return_raw
z_max_drawdown_60d,73,XLF,2,target_5d_forward_return_raw
z_ATR_14,191,XLF,2,target_5d_forward_return_raw
z_volume_change,87,XLF,2,target_5d_forward_return_raw
z_relative_volume,129,XLF,2,target_5d_forward_return_raw
z_RSI_14,111,XLF,2,target_5d_forward_return_raw
z_market_beta_60d,198,XLF,2,target_5d_forward_return_raw
z_idio_vol_60d,64,XLF,2,target_5d_forward_return_raw
z_Federal_Funds_Rate,193,XLF,2,target_5d_forward_return_raw
z_Treasury_10Y,130,XLF,2,target_5d_forward_return_raw
z_Yield_Spread_10Y2Y,204,XLF,2,target_5d_forward_return_raw
z_Breakeven_Inflation_10Y,233,XLF,2,target_5d_forward_return_raw
z_CPI,199,XLF,2,target_5d_forward_return_raw
z_Unemployment_Rate,171,XLF,2,target_5d_forward_return_raw
z_Financial_Conditions_Index,372,XLF,2,target_5d_forward_return_raw
z_VIX,320,XLF,2,target_5d_forward_return_raw
z_rate_sensitivity_beta,200,XLF,2,target_5d_forward_return_raw
z_return_5d,124,XLI,2,target_5d_forward_return_raw
z_return_5d_rel_spy,19,XLI,2,target_5d_forward_return_raw
z_return_5d_excess_rf,10,XLI,2,target_5d_forward_return_raw
z_return_20d,83,XLI,2,target_5d_forward_return_raw
z_return_20d_rel_spy,22,XLI,2,target_5d_forward_return_raw
z_return_20d_excess_rf,1,XLI,2,target_5d_forward_return_raw
z_return_60d_rel_spy,173,XLI,2,target_5d_forward_return_raw
z_price_to_MA20,102,XLI,2,target_5d_forward_return_raw
z_price_to_MA50,129,XLI,2,target_5d_forward_return_raw
z_MA20_minus_MA50,207,XLI,2,target_5d_forward_return_raw
z_volatility_20d,113,XLI,2,target_5d_forward_return_raw
z_max_drawdown_60d,65,XLI,2,target_5d_forward_return_raw
z_ATR_14,199,XLI,2,target_5d_forward_return_raw
z_volume_change,81,XLI,2,target_5d_forward_return_raw
z_relative_volume,99,XLI,2,target_5d_forward_return_raw
z_RSI_14,116,XLI,2,target_5d_forward_return_raw
z_market_beta_60d,151,XLI,2,target_5d_forward_return_raw
z_idio_vol_60d,156,XLI,2,target_5d_forward_return_raw
z_Federal_Funds_Rate,165,XLI,2,target_5d_forward_return_raw
z_Treasury_10Y,156,XLI,2,target_5d_forward_return_raw
z_Yield_Spread_10Y2Y,119,XLI,2,target_5d_forward_return_raw
z_Breakeven_Inflation_10Y,181,XLI,2,target_5d_forward_return_raw
z_CPI,175,XLI,2,target_5d_forward_return_raw
z_Unemployment_Rate,207,XLI,2,target_5d_forward_return_raw
z_Financial_Conditions_Index,402,XLI,2,target_5d_forward_return_raw
z_VIX,371,XLI,2,target_5d_forward_return_raw
z_rate_sensitivity_beta,195,XLI,2,target_5d_forward_return_raw
z_return_5d,135,XLK,2,target_5d_forward_return_raw
z_return_5d_rel_spy,30,XLK,2,target_5d_forward_return_raw
z_return_5d_excess_rf,7,XLK,2,target_5d_forward_return_raw
z_return_20d,124,XLK,2,target_5d_forward_return_raw
z_return_20d_rel_spy,38,XLK,2,target_5d_forward_return_raw
z_return_20d_excess_rf,4,XLK,2,target_5d_forward_return_raw
z_return_60d_rel_spy,114,XLK,2,target_5d_forward_return_raw
z_price_to_MA20,145,XLK,2,target_5d_forward_return_raw
z_price_to_MA50,82,XLK,2,target_5d_forward_return_raw
z_MA20_minus_MA50,193,XLK,2,target_5d_forward_return_raw
z_volatility_20d,172,XLK,2,target_5d_forward_return_raw
z_max_drawdown_60d,110,XLK,2,target_5d_forward_return_raw
z_ATR_14,207,XLK,2,target_5d_forward_return_raw
z_volume_change,98,XLK,2,target_5d_forward_return_raw
z_relative_volume,161,XLK,2,target_5d_forward_return_raw
z_RSI_14,194,XLK,2,target_5d_forward_return_raw
z_market_beta_60d,141,XLK,2,target_5d_forward_return_raw
z_idio_vol_60d,94,XLK,2,target_5d_forward_return_raw
z_Federal_Funds_Rate,166,XLK,2,target_5d_forward_return_raw
z_Treasury_10Y,164,XLK,2,target_5d_forward_return_raw
z_Yield_Spread_10Y2Y,151,XLK,2,target_5d_forward_return_raw
z_Breakeven_Inflation_10Y,151,XLK,2,target_5d_forward_return_raw
z_CPI,189,XLK,2,target_5d_forward_return_raw
z_Unemployment_Rate,143,XLK,2,target_5d_forward_return_raw
z_Financial_Conditions_Index,327,XLK,2,target_5d_forward_return_raw
z_VIX,320,XLK,2,target_5d_forward_return_raw
z_rate_sensitivity_beta,175,XLK,2,target_5d_forward_return_raw
z_return_5d,212,XLP,2,target_5d_forward_return_raw
z_return_5d_rel_spy,34,XLP,2,target_5d_forward_return_raw
z_return_5d_excess_rf,6,XLP,2,target_5d_forward_return_raw
z_return_20d,158,XLP,2,target_5d_forward_return_raw
z_return_20d_rel_spy,36,XLP,2,target_5d_forward_return_raw
z_return_20d_excess_rf,1,XLP,2,target_5d_forward_return_raw
z_return_60d_rel_spy,116,XLP,2,target_5d_forward_return_raw
z_price_to_MA20,131,XLP,2,target_5d_forward_return_raw
z_price_to_MA50,170,XLP,2,target_5d_forward_return_raw
z_MA20_minus_MA50,160,XLP,2,target_5d_forward_return_raw
z_volatility_20d,128,XLP,2,target_5d_forward_return_raw
z_max_drawdown_60d,52,XLP,2,target_5d_forward_return_raw
z_ATR_14,126,XLP,2,target_5d_forward_return_raw
z_volume_change,104,XLP,2,target_5d_forward_return_raw
z_relative_volume,134,XLP,2,target_5d_forward_return_raw
z_RSI_14,171,XLP,2,target_5d_forward_return_raw
z_market_beta_60d,117,XLP,2,target_5d_forward_return_raw
z_idio_vol_60d,136,XLP,2,target_5d_forward_return_raw
z_Federal_Funds_Rate,98,XLP,2,target_5d_forward_return_raw
z_Treasury_10Y,148,XLP,2,target_5d_forward_return_raw
z_Yield_Spread_10Y2Y,179,XLP,2,target_5d_forward_return_raw
z_Breakeven_Inflation_10Y,185,XLP,2,target_5d_forward_return_raw
z_CPI,209,XLP,2,target_5d_forward_return_raw
z_Unemployment_Rate,153,XLP,2,target_5d_forward_return_raw
z_Financial_Conditions_Index,360,XLP,2,target_5d_forward_return_raw
z_VIX,363,XLP,2,target_5d_forward_return_raw
z_rate_sensitivity_beta,182,XLP,2,target_5d_forward_return_raw
z_return_5d,120,XLRE,2,target_5d_forward_return_raw
z_return_5d_rel_spy,13,XLRE,2,target_5d_forward_return_raw
z_return_5d_excess_rf,5,XLRE,2,target_5d_forward_return_raw
z_return_20d,91,XLRE,2,target_5d_forward_return_raw
z_return_20d_rel_spy,32,XLRE,2,target_5d_forward_return_raw
z_return_20d_excess_rf,4,XLRE,2,target_5d_forward_return_raw
z_return_60d_rel_spy,114,XLRE,2,target_5d_forward_return_raw
z_price_to_MA20,95,XLRE,2,target_5d_forward_return_raw
z_price_to_MA50,103,XLRE,2,target_5d_forward_return_raw
z_MA20_minus_MA50,267,XLRE,2,target_5d_forward_return_raw
z_volatility_20d,158,XLRE,2,target_5d_forward_return_raw
z_max_drawdown_60d,98,XLRE,2,target_5d_forward_return_raw
z_ATR_14,215,XLRE,2,target_5d_forward_return_raw
z_volume_change,93,XLRE,2,target_5d_forward_return_raw
z_relative_volume,142,XLRE,2,target_5d_forward_return_raw
z_RSI_14,153,XLRE,2,target_5d_forward_return_raw
z_market_beta_60d,109,XLRE,2,target_5d_forward_return_raw
z_idio_vol_60d,131,XLRE,2,target_5d_forward_return_raw
z_Federal_Funds_Rate,159,XLRE,2,target_5d_forward_return_raw
z_Treasury_10Y,171,XLRE,2,target_5d_forward_return_raw
z_Yield_Spread_10Y2Y,177,XLRE,2,target_5d_forward_return_raw
z_Breakeven_Inflation_10Y,191,XLRE,2,target_5d_forward_return_raw
z_CPI,203,XLRE,2,target_5d_forward_return_raw
z_Unemployment_Rate,173,XLRE,2,target_5d_forward_return_raw
z_Financial_Conditions_Index,340,XLRE,2,target_5d_forward_return_raw
z_VIX,392,XLRE,2,target_5d_forward_return_raw
z_rate_sensitivity_beta,157,XLRE,2,target_5d_forward_return_raw
z_return_5d,178,XLU,2,target_5d_forward_return_raw
z_return_5d_rel_spy,31,XLU,2,target_5d_forward_return_raw
z_return_5d_excess_rf,6,XLU,2,target_5d_forward_return_raw
z_return_20d,107,XLU,2,target_5d_forward_return_raw
z_return_20d_rel_spy,27,XLU,2,target_5d_forward_return_raw
z_return_20d_excess_rf,2,XLU,2,target_5d_forward_return_raw
z_return_60d_rel_spy,151,XLU,2,target_5d_forward_return_raw
z_price_to_MA20,90,XLU,2,target_5d_forward_return_raw
z_price_to_MA50,98,XLU,2,target_5d_forward_return_raw
z_MA20_minus_MA50,217,XLU,2,target_5d_forward_return_raw
z_volatility_20d,183,XLU,2,target_5d_forward_return_raw
z_max_drawdown_60d,100,XLU,2,target_5d_forward_return_raw
z_ATR_14,313,XLU,2,target_5d_forward_return_raw
z_volume_change,99,XLU,2,target_5d_forward_return_raw
z_relative_volume,122,XLU,2,target_5d_forward_return_raw
z_RSI_14,113,XLU,2,target_5d_forward_return_raw
z_market_beta_60d,129,XLU,2,target_5d_forward_return_raw
z_idio_vol_60d,125,XLU,2,target_5d_forward_return_raw
z_Federal_Funds_Rate,180,XLU,2,target_5d_forward_return_raw
z_Treasury_10Y,145,XLU,2,target_5d_forward_return_raw
z_Yield_Spread_10Y2Y,191,XLU,2,target_5d_forward_return_raw
z_Breakeven_Inflation_10Y,148,XLU,2,target_5d_forward_return_raw
z_CPI,166,XLU,2,target_5d_forward_return_raw
z_Unemployment_Rate,182,XLU,2,target_5d_forward_return_raw
z_Financial_Conditions_Index,278,XLU,2,target_5d_forward_return_raw
z_VIX,320,XLU,2,target_5d_forward_return_raw
z_rate_sensitivity_beta,193,XLU,2,target_5d_forward_return_raw
z_return_5d,138,XLV,2,target_5d_forward_return_raw
z_return_5d_rel_spy,22,XLV,2,target_5d_forward_return_raw
z_return_5d_excess_rf,9,XLV,2,target_5d_forward_return_raw
z_return_20d,149,XLV,2,target_5d_forward_return_raw
z_return_20d_rel_spy,46,XLV,2,target_5d_forward_return_raw
z_return_20d_excess_rf,1,XLV,2,target_5d_forward_return_raw
z_return_60d_rel_spy,106,XLV,2,target_5d_forward_return_raw
z_price_to_MA20,103,XLV,2,target_5d_forward_return_raw
z_price_to_MA50,90,XLV,2,target_5d_forward_return_raw
z_MA20_minus_MA50,202,XLV,2,target_5d_forward_return_raw
z_volatility_20d,154,XLV,2,target_5d_forward_return_raw
z_max_drawdown_60d,104,XLV,2,target_5d_forward_return_raw
z_ATR_14,165,XLV,2,target_5d_forward_return_raw
z_volume_change,110,XLV,2,target_5d_forward_return_raw
z_relative_volume,93,XLV,2,target_5d_forward_return_raw
z_RSI_14,168,XLV,2,target_5d_forward_return_raw
z_market_beta_60d,178,XLV,2,target_5d_forward_return_raw
z_idio_vol_60d,141,XLV,2,target_5d_forward_return_raw
z_Federal_Funds_Rate,156,XLV,2,target_5d_forward_return_raw
z_Treasury_10Y,126,XLV,2,target_5d_forward_return_raw
z_Yield_Spread_10Y2Y,190,XLV,2,target_5d_forward_return_raw
z_Breakeven_Inflation_10Y,161,XLV,2,target_5d_forward_return_raw
z_CPI,211,XLV,2,target_5d_forward_return_raw
z_Unemployment_Rate,139,XLV,2,target_5d_forward_return_raw
z_Financial_Conditions_Index,301,XLV,2,target_5d_forward_return_raw
z_VIX,393,XLV,2,target_5d_forward_return_raw
z_rate_sensitivity_beta,181,XLV,2,target_5d_forward_return_raw
z_return_5d,128,XLY,2,target_5d_forward_return_raw
z_return_5d_rel_spy,33,XLY,2,target_5d_forward_return_raw
z_return_5d_excess_rf,6,XLY,2,target_5d_forward_return_raw
z_return_20d,104,XLY,2,target_5d_forward_return_raw
z_return_20d_rel_spy,22,XLY,2,target_5d_forward_return_raw
z_return_20d_excess_rf,0,XLY,2,target_5d_forward_return_raw
z_return_60d_rel_spy,105,XLY,2,target_5d_forward_return_raw
z_price_to_MA20,105,XLY,2,target_5d_forward_return_raw
z_price_to_MA50,75,XLY,2,target_5d_forward_return_raw
z_MA20_minus_MA50,266,XLY,2,target_5d_forward_return_raw
z_volatility_20d,98,XLY,2,target_5d_forward_return_raw
z_max_drawdown_60d,96,XLY,2,target_5d_forward_return_raw
z_ATR_14,141,XLY,2,target_5d_forward_return_raw
z_volume_change,77,XLY,2,target_5d_forward_return_raw
z_relative_volume,120,XLY,2,target_5d_forward_return_raw
z_RSI_14,145,XLY,2,target_5d_forward_return_raw
z_market_beta_60d,208,XLY,2,target_5d_forward_return_raw
z_idio_vol_60d,162,XLY,2,target_5d_forward_return_raw
z_Federal_Funds_Rate,146,XLY,2,target_5d_forward_return_raw
z_Treasury_10Y,195,XLY,2,target_5d_forward_return_raw
z_Yield_Spread_10Y2Y,137,XLY,2,target_5d_forward_return_raw
z_Breakeven_Inflation_10Y,217,XLY,2,target_5d_forward_return_raw
z_CPI,193,XLY,2,target_5d_forward_return_raw
z_Unemployment_Rate,146,XLY,2,target_5d_forward_return_raw
z_Financial_Conditions_Index,386,XLY,2,target_5d_forward_return_raw
z_VIX,401,XLY,2,target_5d_forward_return_raw
z_rate_sensitivity_beta,166,XLY,2,target_5d_forward_return_raw
z_return_5d,130,XLB,3,target_5d_forward_return_raw
z_return_5d_rel_spy,34,XLB,3,target_5d_forward_return_raw
z_return_5d_excess_rf,3,XLB,3,target_5d_forward_return_raw
z_return_20d,126,XLB,3,target_5d_forward_return_raw
z_return_20d_rel_spy,27,XLB,3,target_5d_forward_return_raw
z_return_20d_excess_rf,1,XLB,3,target_5d_forward_return_raw
z_return_60d_rel_spy,124,XLB,3,target_5d_forward_return_raw
z_price_to_MA20,92,XLB,3,target_5d_forward_return_raw
z_price_to_MA50,109,XLB,3,target_5d_forward_return_raw
z_MA20_minus_MA50,252,XLB,3,target_5d_forward_return_raw
z_volatility_20d,158,XLB,3,target_5d_forward_return_raw
z_max_drawdown_60d,142,XLB,3,target_5d_forward_return_raw
z_ATR_14,209,XLB,3,target_5d_forward_return_raw
z_volume_change,80,XLB,3,target_5d_forward_return_raw
z_relative_volume,98,XLB,3,target_5d_forward_return_raw
z_RSI_14,131,XLB,3,target_5d_forward_return_raw
z_market_beta_60d,215,XLB,3,target_5d_forward_return_raw
z_idio_vol_60d,217,XLB,3,target_5d_forward_return_raw
z_Federal_Funds_Rate,176,XLB,3,target_5d_forward_return_raw
z_Treasury_10Y,235,XLB,3,target_5d_forward_return_raw
z_Yield_Spread_10Y2Y,151,XLB,3,target_5d_forward_return_raw
z_Breakeven_Inflation_10Y,236,XLB,3,target_5d_forward_return_raw
z_CPI,198,XLB,3,target_5d_forward_return_raw
z_Unemployment_Rate,183,XLB,3,target_5d_forward_return_raw
z_Financial_Conditions_Index,350,XLB,3,target_5d_forward_return_raw
z_VIX,342,XLB,3,target_5d_forward_return_raw
z_rate_sensitivity_beta,181,XLB,3,target_5d_forward_return_raw
z_return_5d,205,XLC,3,target_5d_forward_return_raw
z_return_5d_rel_spy,28,XLC,3,target_5d_forward_return_raw
z_return_5d_excess_rf,12,XLC,3,target_5d_forward_return_raw
z_return_20d,143,XLC,3,target_5d_forward_return_raw
z_return_20d_rel_spy,28,XLC,3,target_5d_forward_return_raw
z_return_20d_excess_rf,1,XLC,3,target_5d_forward_return_raw
z_return_60d_rel_spy,139,XLC,3,target_5d_forward_return_raw
z_price_to_MA20,149,XLC,3,target_5d_forward_return_raw
z_price_to_MA50,127,XLC,3,target_5d_forward_return_raw
z_MA20_minus_MA50,220,XLC,3,target_5d_forward_return_raw
z_volatility_20d,235,XLC,3,target_5d_forward_return_raw
z_max_drawdown_60d,136,XLC,3,target_5d_forward_return_raw
z_ATR_14,200,XLC,3,target_5d_forward_return_raw
z_volume_change,88,XLC,3,target_5d_forward_return_raw
z_relative_volume,129,XLC,3,target_5d_forward_return_raw
z_RSI_14,140,XLC,3,target_5d_forward_return_raw
z_market_beta_60d,213,XLC,3,target_5d_forward_return_raw
z_idio_vol_60d,149,XLC,3,target_5d_forward_return_raw
z_Federal_Funds_Rate,147,XLC,3,target_5d_forward_return_raw
z_Treasury_10Y,222,XLC,3,target_5d_forward_return_raw
z_Yield_Spread_10Y2Y,128,XLC,3,target_5d_forward_return_raw
z_Breakeven_Inflation_10Y,193,XLC,3,target_5d_forward_return_raw
z_CPI,165,XLC,3,target_5d_forward_return_raw
z_Unemployment_Rate,168,XLC,3,target_5d_forward_return_raw
z_Financial_Conditions_Index,327,XLC,3,target_5d_forward_return_raw
z_VIX,350,XLC,3,target_5d_forward_return_raw
z_rate_sensitivity_beta,158,XLC,3,target_5d_forward_return_raw
z_return_5d,150,XLE,3,target_5d_forward_return_raw
z_return_5d_rel_spy,33,XLE,3,target_5d_forward_return_raw
z_return_5d_excess_rf,7,XLE,3,target_5d_forward_return_raw
z_return_20d,145,XLE,3,target_5d_forward_return_raw
z_return_20d_rel_spy,30,XLE,3,target_5d_forward_return_raw
z_return_20d_excess_rf,2,XLE,3,target_5d_forward_return_raw
z_return_60d_rel_spy,147,XLE,3,target_5d_forward_return_raw
z_price_to_MA20,130,XLE,3,target_5d_forward_return_raw
z_price_to_MA50,140,XLE,3,target_5d_forward_return_raw
z_MA20_minus_MA50,156,XLE,3,target_5d_forward_return_raw
z_volatility_20d,168,XLE,3,target_5d_forward_return_raw
z_max_drawdown_60d,178,XLE,3,target_5d_forward_return_raw
z_ATR_14,261,XLE,3,target_5d_forward_return_raw
z_volume_change,67,XLE,3,target_5d_forward_return_raw
z_relative_volume,134,XLE,3,target_5d_forward_return_raw
z_RSI_14,128,XLE,3,target_5d_forward_return_raw
z_market_beta_60d,178,XLE,3,target_5d_forward_return_raw
z_idio_vol_60d,161,XLE,3,target_5d_forward_return_raw
z_Federal_Funds_Rate,199,XLE,3,target_5d_forward_return_raw
z_Treasury_10Y,178,XLE,3,target_5d_forward_return_raw
z_Yield_Spread_10Y2Y,142,XLE,3,target_5d_forward_return_raw
z_Breakeven_Inflation_10Y,218,XLE,3,target_5d_forward_return_raw
z_CPI,230,XLE,3,target_5d_forward_return_raw
z_Unemployment_Rate,181,XLE,3,target_5d_forward_return_raw
z_Financial_Conditions_Index,340,XLE,3,target_5d_forward_return_raw
z_VIX,300,XLE,3,target_5d_forward_return_raw
z_rate_sensitivity_beta,197,XLE,3,target_5d_forward_return_raw
z_return_5d,129,XLF,3,target_5d_forward_return_raw
z_return_5d_rel_spy,25,XLF,3,target_5d_forward_return_raw
z_return_5d_excess_rf,4,XLF,3,target_5d_forward_return_raw
z_return_20d,100,XLF,3,target_5d_forward_return_raw
z_return_20d_rel_spy,32,XLF,3,target_5d_forward_return_raw
z_return_20d_excess_rf,1,XLF,3,target_5d_forward_return_raw
z_return_60d_rel_spy,172,XLF,3,target_5d_forward_return_raw
z_price_to_MA20,125,XLF,3,target_5d_forward_return_raw
z_price_to_MA50,132,XLF,3,target_5d_forward_return_raw
z_MA20_minus_MA50,192,XLF,3,target_5d_forward_return_raw
z_volatility_20d,195,XLF,3,target_5d_forward_return_raw
z_max_drawdown_60d,134,XLF,3,target_5d_forward_return_raw
z_ATR_14,178,XLF,3,target_5d_forward_return_raw
z_volume_change,64,XLF,3,target_5d_forward_return_raw
z_relative_volume,114,XLF,3,target_5d_forward_return_raw
z_RSI_14,125,XLF,3,target_5d_forward_return_raw
z_market_beta_60d,206,XLF,3,target_5d_forward_return_raw
z_idio_vol_60d,136,XLF,3,target_5d_forward_return_raw
z_Federal_Funds_Rate,180,XLF,3,target_5d_forward_return_raw
z_Treasury_10Y,161,XLF,3,target_5d_forward_return_raw
z_Yield_Spread_10Y2Y,148,XLF,3,target_5d_forward_return_raw
z_Breakeven_Inflation_10Y,244,XLF,3,target_5d_forward_return_raw
z_CPI,246,XLF,3,target_5d_forward_return_raw
z_Unemployment_Rate,207,XLF,3,target_5d_forward_return_raw
z_Financial_Conditions_Index,410,XLF,3,target_5d_forward_return_raw
z_VIX,350,XLF,3,target_5d_forward_return_raw
z_rate_sensitivity_beta,190,XLF,3,target_5d_forward_return_raw
z_return_5d,114,XLI,3,target_5d_forward_return_raw
z_return_5d_rel_spy,24,XLI,3,target_5d_forward_return_raw
z_return_5d_excess_rf,4,XLI,3,target_5d_forward_return_raw
z_return_20d,104,XLI,3,target_5d_forward_return_raw
z_return_20d_rel_spy,26,XLI,3,target_5d_forward_return_raw
z_return_20d_excess_rf,2,XLI,3,target_5d_forward_return_raw
z_return_60d_rel_spy,196,XLI,3,target_5d_forward_return_raw
z_price_to_MA20,95,XLI,3,target_5d_forward_return_raw
z_price_to_MA50,140,XLI,3,target_5d_forward_return_raw
z_MA20_minus_MA50,248,XLI,3,target_5d_forward_return_raw
z_volatility_20d,143,XLI,3,target_5d_forward_return_raw
z_max_drawdown_60d,102,XLI,3,target_5d_forward_return_raw
z_ATR_14,199,XLI,3,target_5d_forward_return_raw
z_volume_change,75,XLI,3,target_5d_forward_return_raw
z_relative_volume,107,XLI,3,target_5d_forward_return_raw
z_RSI_14,124,XLI,3,target_5d_forward_return_raw
z_market_beta_60d,134,XLI,3,target_5d_forward_return_raw
z_idio_vol_60d,164,XLI,3,target_5d_forward_return_raw
z_Federal_Funds_Rate,168,XLI,3,target_5d_forward_return_raw
z_Treasury_10Y,192,XLI,3,target_5d_forward_return_raw
z_Yield_Spread_10Y2Y,133,XLI,3,target_5d_forward_return_raw
z_Breakeven_Inflation_10Y,224,XLI,3,target_5d_forward_return_raw
z_CPI,215,XLI,3,target_5d_forward_return_raw
z_Unemployment_Rate,209,XLI,3,target_5d_forward_return_raw
z_Financial_Conditions_Index,433,XLI,3,target_5d_forward_return_raw
z_VIX,392,XLI,3,target_5d_forward_return_raw
z_rate_sensitivity_beta,233,XLI,3,target_5d_forward_return_raw
z_return_5d,131,XLK,3,target_5d_forward_return_raw
z_return_5d_rel_spy,22,XLK,3,target_5d_forward_return_raw
z_return_5d_excess_rf,2,XLK,3,target_5d_forward_return_raw
z_return_20d,111,XLK,3,target_5d_forward_return_raw
z_return_20d_rel_spy,31,XLK,3,target_5d_forward_return_raw
z_return_20d_excess_rf,3,XLK,3,target_5d_forward_return_raw
z_return_60d_rel_spy,111,XLK,3,target_5d_forward_return_raw
z_price_to_MA20,181,XLK,3,target_5d_forward_return_raw
z_price_to_MA50,122,XLK,3,target_5d_forward_return_raw
z_MA20_minus_MA50,229,XLK,3,target_5d_forward_return_raw
z_volatility_20d,179,XLK,3,target_5d_forward_return_raw
z_max_drawdown_60d,155,XLK,3,target_5d_forward_return_raw
z_ATR_14,175,XLK,3,target_5d_forward_return_raw
z_volume_change,123,XLK,3,target_5d_forward_return_raw
z_relative_volume,168,XLK,3,target_5d_forward_return_raw
z_RSI_14,210,XLK,3,target_5d_forward_return_raw
z_market_beta_60d,159,XLK,3,target_5d_forward_return_raw
z_idio_vol_60d,160,XLK,3,target_5d_forward_return_raw
z_Federal_Funds_Rate,184,XLK,3,target_5d_forward_return_raw
z_Treasury_10Y,172,XLK,3,target_5d_forward_return_raw
z_Yield_Spread_10Y2Y,184,XLK,3,target_5d_forward_return_raw
z_Breakeven_Inflation_10Y,161,XLK,3,target_5d_forward_return_raw
z_CPI,206,XLK,3,target_5d_forward_return_raw
z_Unemployment_Rate,152,XLK,3,target_5d_forward_return_raw
z_Financial_Conditions_Index,342,XLK,3,target_5d_forward_return_raw
z_VIX,339,XLK,3,target_5d_forward_return_raw
z_rate_sensitivity_beta,188,XLK,3,target_5d_forward_return_raw
z_return_5d,186,XLP,3,target_5d_forward_return_raw
z_return_5d_rel_spy,38,XLP,3,target_5d_forward_return_raw
z_return_5d_excess_rf,6,XLP,3,target_5d_forward_return_raw
z_return_20d,134,XLP,3,target_5d_forward_return_raw
z_return_20d_rel_spy,44,XLP,3,target_5d_forward_return_raw
z_return_20d_excess_rf,2,XLP,3,target_5d_forward_return_raw
z_return_60d_rel_spy,159,XLP,3,target_5d_forward_return_raw
z_price_to_MA20,124,XLP,3,target_5d_forward_return_raw
z_price_to_MA50,130,XLP,3,target_5d_forward_return_raw
z_MA20_minus_MA50,236,XLP,3,target_5d_forward_return_raw
z_volatility_20d,177,XLP,3,target_5d_forward_return_raw
z_max_drawdown_60d,97,XLP,3,target_5d_forward_return_raw
z_ATR_14,186,XLP,3,target_5d_forward_return_raw
z_volume_change,79,XLP,3,target_5d_forward_return_raw
z_relative_volume,117,XLP,3,target_5d_forward_return_raw
z_RSI_14,164,XLP,3,target_5d_forward_return_raw
z_market_beta_60d,148,XLP,3,target_5d_forward_return_raw
z_idio_vol_60d,155,XLP,3,target_5d_forward_return_raw
z_Federal_Funds_Rate,85,XLP,3,target_5d_forward_return_raw
z_Treasury_10Y,172,XLP,3,target_5d_forward_return_raw
z_Yield_Spread_10Y2Y,158,XLP,3,target_5d_forward_return_raw
z_Breakeven_Inflation_10Y,191,XLP,3,target_5d_forward_return_raw
z_CPI,203,XLP,3,target_5d_forward_return_raw
z_Unemployment_Rate,160,XLP,3,target_5d_forward_return_raw
z_Financial_Conditions_Index,463,XLP,3,target_5d_forward_return_raw
z_VIX,397,XLP,3,target_5d_forward_return_raw
z_rate_sensitivity_beta,189,XLP,3,target_5d_forward_return_raw
z_return_5d,148,XLRE,3,target_5d_forward_return_raw
z_return_5d_rel_spy,25,XLRE,3,target_5d_forward_return_raw
z_return_5d_excess_rf,3,XLRE,3,target_5d_forward_return_raw
z_return_20d,114,XLRE,3,target_5d_forward_return_raw
z_return_20d_rel_spy,32,XLRE,3,target_5d_forward_return_raw
z_return_20d_excess_rf,0,XLRE,3,target_5d_forward_return_raw
z_return_60d_rel_spy,139,XLRE,3,target_5d_forward_return_raw
z_price_to_MA20,104,XLRE,3,target_5d_forward_return_raw
z_price_to_MA50,148,XLRE,3,target_5d_forward_return_raw
z_MA20_minus_MA50,266,XLRE,3,target_5d_forward_return_raw
z_volatility_20d,164,XLRE,3,target_5d_forward_return_raw
z_max_drawdown_60d,136,XLRE,3,target_5d_forward_return_raw
z_ATR_14,258,XLRE,3,target_5d_forward_return_raw
z_volume_change,93,XLRE,3,target_5d_forward_return_raw
z_relative_volume,128,XLRE,3,target_5d_forward_return_raw
z_RSI_14,158,XLRE,3,target_5d_forward_return_raw
z_market_beta_60d,127,XLRE,3,target_5d_forward_return_raw
z_idio_vol_60d,166,XLRE,3,target_5d_forward_return_raw
z_Federal_Funds_Rate,133,XLRE,3,target_5d_forward_return_raw
z_Treasury_10Y,175,XLRE,3,target_5d_forward_return_raw
z_Yield_Spread_10Y2Y,165,XLRE,3,target_5d_forward_return_raw
z_Breakeven_Inflation_10Y,214,XLRE,3,target_5d_forward_return_raw
z_CPI,178,XLRE,3,target_5d_forward_return_raw
z_Unemployment_Rate,191,XLRE,3,target_5d_forward_return_raw
z_Financial_Conditions_Index,386,XLRE,3,target_5d_forward_return_raw
z_VIX,375,XLRE,3,target_5d_forward_return_raw
z_rate_sensitivity_beta,174,XLRE,3,target_5d_forward_return_raw
z_return_5d,145,XLU,3,target_5d_forward_return_raw
z_return_5d_rel_spy,29,XLU,3,target_5d_forward_return_raw
z_return_5d_excess_rf,6,XLU,3,target_5d_forward_return_raw
z_return_20d,113,XLU,3,target_5d_forward_return_raw
z_return_20d_rel_spy,34,XLU,3,target_5d_forward_return_raw
z_return_20d_excess_rf,3,XLU,3,target_5d_forward_return_raw
z_return_60d_rel_spy,163,XLU,3,target_5d_forward_return_raw
z_price_to_MA20,114,XLU,3,target_5d_forward_return_raw
z_price_to_MA50,135,XLU,3,target_5d_forward_return_raw
z_MA20_minus_MA50,171,XLU,3,target_5d_forward_return_raw
z_volatility_20d,186,XLU,3,target_5d_forward_return_raw
z_max_drawdown_60d,117,XLU,3,target_5d_forward_return_raw
z_ATR_14,283,XLU,3,target_5d_forward_return_raw
z_volume_change,84,XLU,3,target_5d_forward_return_raw
z_relative_volume,101,XLU,3,target_5d_forward_return_raw
z_RSI_14,139,XLU,3,target_5d_forward_return_raw
z_market_beta_60d,143,XLU,3,target_5d_forward_return_raw
z_idio_vol_60d,218,XLU,3,target_5d_forward_return_raw
z_Federal_Funds_Rate,188,XLU,3,target_5d_forward_return_raw
z_Treasury_10Y,134,XLU,3,target_5d_forward_return_raw
z_Yield_Spread_10Y2Y,161,XLU,3,target_5d_forward_return_raw
z_Breakeven_Inflation_10Y,158,XLU,3,target_5d_forward_return_raw
z_CPI,196,XLU,3,target_5d_forward_return_raw
z_Unemployment_Rate,157,XLU,3,target_5d_forward_return_raw
z_Financial_Conditions_Index,384,XLU,3,target_5d_forward_return_raw
z_VIX,328,XLU,3,target_5d_forward_return_raw
z_rate_sensitivity_beta,310,XLU,3,target_5d_forward_return_raw
z_return_5d,122,XLV,3,target_5d_forward_return_raw
z_return_5d_rel_spy,17,XLV,3,target_5d_forward_return_raw
z_return_5d_excess_rf,3,XLV,3,target_5d_forward_return_raw
z_return_20d,151,XLV,3,target_5d_forward_return_raw
z_return_20d_rel_spy,44,XLV,3,target_5d_forward_return_raw
z_return_20d_excess_rf,4,XLV,3,target_5d_forward_return_raw
z_return_60d_rel_spy,153,XLV,3,target_5d_forward_return_raw
z_price_to_MA20,137,XLV,3,target_5d_forward_return_raw
z_price_to_MA50,92,XLV,3,target_5d_forward_return_raw
z_MA20_minus_MA50,232,XLV,3,target_5d_forward_return_raw
z_volatility_20d,179,XLV,3,target_5d_forward_return_raw
z_max_drawdown_60d,156,XLV,3,target_5d_forward_return_raw
z_ATR_14,180,XLV,3,target_5d_forward_return_raw
z_volume_change,88,XLV,3,target_5d_forward_return_raw
z_relative_volume,119,XLV,3,target_5d_forward_return_raw
z_RSI_14,150,XLV,3,target_5d_forward_return_raw
z_market_beta_60d,172,XLV,3,target_5d_forward_return_raw
z_idio_vol_60d,169,XLV,3,target_5d_forward_return_raw
z_Federal_Funds_Rate,190,XLV,3,target_5d_forward_return_raw
z_Treasury_10Y,154,XLV,3,target_5d_forward_return_raw
z_Yield_Spread_10Y2Y,192,XLV,3,target_5d_forward_return_raw
z_Breakeven_Inflation_10Y,162,XLV,3,target_5d_forward_return_raw
z_CPI,221,XLV,3,target_5d_forward_return_raw
z_Unemployment_Rate,182,XLV,3,target_5d_forward_return_raw
z_Financial_Conditions_Index,356,XLV,3,target_5d_forward_return_raw
z_VIX,359,XLV,3,target_5d_forward_return_raw
z_rate_sensitivity_beta,216,XLV,3,target_5d_forward_return_raw
z_return_5d,108,XLY,3,target_5d_forward_return_raw
z_return_5d_rel_spy,30,XLY,3,target_5d_forward_return_raw
z_return_5d_excess_rf,6,XLY,3,target_5d_forward_return_raw
z_return_20d,138,XLY,3,target_5d_forward_return_raw
z_return_20d_rel_spy,43,XLY,3,target_5d_forward_return_raw
z_return_20d_excess_rf,3,XLY,3,target_5d_forward_return_raw
z_return_60d_rel_spy,165,XLY,3,target_5d_forward_return_raw
z_price_to_MA20,127,XLY,3,target_5d_forward_return_raw
z_price_to_MA50,109,XLY,3,target_5d_forward_return_raw
z_MA20_minus_MA50,283,XLY,3,target_5d_forward_return_raw
z_volatility_20d,211,XLY,3,target_5d_forward_return_raw
z_max_drawdown_60d,138,XLY,3,target_5d_forward_return_raw
z_ATR_14,153,XLY,3,target_5d_forward_return_raw
z_volume_change,87,XLY,3,target_5d_forward_return_raw
z_relative_volume,88,XLY,3,target_5d_forward_return_raw
z_RSI_14,114,XLY,3,target_5d_forward_return_raw
z_market_beta_60d,170,XLY,3,target_5d_forward_return_raw
z_idio_vol_60d,153,XLY,3,target_5d_forward_return_raw
z_Federal_Funds_Rate,106,XLY,3,target_5d_forward_return_raw
z_Treasury_10Y,255,XLY,3,target_5d_forward_return_raw
z_Yield_Spread_10Y2Y,117,XLY,3,target_5d_forward_return_raw
z_Breakeven_Inflation_10Y,243,XLY,3,target_5d_forward_return_raw
z_CPI,217,XLY,3,target_5d_forward_return_raw
z_Unemployment_Rate,184,XLY,3,target_5d_forward_return_raw
z_Financial_Conditions_Index,386,XLY,3,target_5d_forward_return_raw
z_VIX,393,XLY,3,target_5d_forward_return_raw
z_rate_sensitivity_beta,173,XLY,3,target_5d_forward_return_raw
z_return_5d,115,XLB,4,target_5d_forward_return_raw
z_return_5d_rel_spy,18,XLB,4,target_5d_forward_return_raw
z_return_5d_excess_rf,7,XLB,4,target_5d_forward_return_raw
z_return_20d,100,XLB,4,target_5d_forward_return_raw
z_return_20d_rel_spy,22,XLB,4,target_5d_forward_return_raw
z_return_20d_excess_rf,1,XLB,4,target_5d_forward_return_raw
z_return_60d_rel_spy,126,XLB,4,target_5d_forward_return_raw
z_price_to_MA20,68,XLB,4,target_5d_forward_return_raw
z_price_to_MA50,137,XLB,4,target_5d_forward_return_raw
z_MA20_minus_MA50,270,XLB,4,target_5d_forward_return_raw
z_volatility_20d,149,XLB,4,target_5d_forward_return_raw
z_max_drawdown_60d,192,XLB,4,target_5d_forward_return_raw
z_ATR_14,220,XLB,4,target_5d_forward_return_raw
z_volume_change,64,XLB,4,target_5d_forward_return_raw
z_relative_volume,105,XLB,4,target_5d_forward_return_raw
z_RSI_14,133,XLB,4,target_5d_forward_return_raw
z_market_beta_60d,205,XLB,4,target_5d_forward_return_raw
z_idio_vol_60d,176,XLB,4,target_5d_forward_return_raw
z_Federal_Funds_Rate,193,XLB,4,target_5d_forward_return_raw
z_Treasury_10Y,244,XLB,4,target_5d_forward_return_raw
z_Yield_Spread_10Y2Y,144,XLB,4,target_5d_forward_return_raw
z_Breakeven_Inflation_10Y,198,XLB,4,target_5d_forward_return_raw
z_CPI,191,XLB,4,target_5d_forward_return_raw
z_Unemployment_Rate,264,XLB,4,target_5d_forward_return_raw
z_Financial_Conditions_Index,320,XLB,4,target_5d_forward_return_raw
z_VIX,326,XLB,4,target_5d_forward_return_raw
z_rate_sensitivity_beta,212,XLB,4,target_5d_forward_return_raw
z_return_5d,179,XLC,4,target_5d_forward_return_raw
z_return_5d_rel_spy,39,XLC,4,target_5d_forward_return_raw
z_return_5d_excess_rf,11,XLC,4,target_5d_forward_return_raw
z_return_20d,131,XLC,4,target_5d_forward_return_raw
z_return_20d_rel_spy,30,XLC,4,target_5d_forward_return_raw
z_return_20d_excess_rf,0,XLC,4,target_5d_forward_return_raw
z_return_60d_rel_spy,164,XLC,4,target_5d_forward_return_raw
z_price_to_MA20,162,XLC,4,target_5d_forward_return_raw
z_price_to_MA50,102,XLC,4,target_5d_forward_return_raw
z_MA20_minus_MA50,229,XLC,4,target_5d_forward_return_raw
z_volatility_20d,262,XLC,4,target_5d_forward_return_raw
z_max_drawdown_60d,179,XLC,4,target_5d_forward_return_raw
z_ATR_14,216,XLC,4,target_5d_forward_return_raw
z_volume_change,65,XLC,4,target_5d_forward_return_raw
z_relative_volume,122,XLC,4,target_5d_forward_return_raw
z_RSI_14,145,XLC,4,target_5d_forward_return_raw
z_market_beta_60d,194,XLC,4,target_5d_forward_return_raw
z_idio_vol_60d,158,XLC,4,target_5d_forward_return_raw
z_Federal_Funds_Rate,135,XLC,4,target_5d_forward_return_raw
z_Treasury_10Y,155,XLC,4,target_5d_forward_return_raw
z_Yield_Spread_10Y2Y,137,XLC,4,target_5d_forward_return_raw
z_Breakeven_Inflation_10Y,188,XLC,4,target_5d_forward_return_raw
z_CPI,214,XLC,4,target_5d_forward_return_raw
z_Unemployment_Rate,193,XLC,4,target_5d_forward_return_raw
z_Financial_Conditions_Index,286,XLC,4,target_5d_forward_return_raw
z_VIX,352,XLC,4,target_5d_forward_return_raw
z_rate_sensitivity_beta,152,XLC,4,target_5d_forward_return_raw
z_return_5d,154,XLE,4,target_5d_forward_return_raw
z_return_5d_rel_spy,24,XLE,4,target_5d_forward_return_raw
z_return_5d_excess_rf,11,XLE,4,target_5d_forward_return_raw
z_return_20d,147,XLE,4,target_5d_forward_return_raw
z_return_20d_rel_spy,41,XLE,4,target_5d_forward_return_raw
z_return_20d_excess_rf,5,XLE,4,target_5d_forward_return_raw
z_return_60d_rel_spy,170,XLE,4,target_5d_forward_return_raw
z_price_to_MA20,132,XLE,4,target_5d_forward_return_raw
z_price_to_MA50,151,XLE,4,target_5d_forward_return_raw
z_MA20_minus_MA50,195,XLE,4,target_5d_forward_return_raw
z_volatility_20d,152,XLE,4,target_5d_forward_return_raw
z_max_drawdown_60d,197,XLE,4,target_5d_forward_return_raw
z_ATR_14,236,XLE,4,target_5d_forward_return_raw
z_volume_change,60,XLE,4,target_5d_forward_return_raw
z_relative_volume,99,XLE,4,target_5d_forward_return_raw
z_RSI_14,126,XLE,4,target_5d_forward_return_raw
z_market_beta_60d,170,XLE,4,target_5d_forward_return_raw
z_idio_vol_60d,137,XLE,4,target_5d_forward_return_raw
z_Federal_Funds_Rate,168,XLE,4,target_5d_forward_return_raw
z_Treasury_10Y,211,XLE,4,target_5d_forward_return_raw
z_Yield_Spread_10Y2Y,144,XLE,4,target_5d_forward_return_raw
z_Breakeven_Inflation_10Y,217,XLE,4,target_5d_forward_return_raw
z_CPI,199,XLE,4,target_5d_forward_return_raw
z_Unemployment_Rate,194,XLE,4,target_5d_forward_return_raw
z_Financial_Conditions_Index,316,XLE,4,target_5d_forward_return_raw
z_VIX,318,XLE,4,target_5d_forward_return_raw
z_rate_sensitivity_beta,226,XLE,4,target_5d_forward_return_raw
z_return_5d,129,XLF,4,target_5d_forward_return_raw
z_return_5d_rel_spy,34,XLF,4,target_5d_forward_return_raw
z_return_5d_excess_rf,7,XLF,4,target_5d_forward_return_raw
z_return_20d,85,XLF,4,target_5d_forward_return_raw
z_return_20d_rel_spy,29,XLF,4,target_5d_forward_return_raw
z_return_20d_excess_rf,3,XLF,4,target_5d_forward_return_raw
z_return_60d_rel_spy,164,XLF,4,target_5d_forward_return_raw
z_price_to_MA20,103,XLF,4,target_5d_forward_return_raw
z_price_to_MA50,120,XLF,4,target_5d_forward_return_raw
z_MA20_minus_MA50,183,XLF,4,target_5d_forward_return_raw
z_volatility_20d,182,XLF,4,target_5d_forward_return_raw
z_max_drawdown_60d,117,XLF,4,target_5d_forward_return_raw
z_ATR_14,166,XLF,4,target_5d_forward_return_raw
z_volume_change,79,XLF,4,target_5d_forward_return_raw
z_relative_volume,130,XLF,4,target_5d_forward_return_raw
z_RSI_14,147,XLF,4,target_5d_forward_return_raw
z_market_beta_60d,235,XLF,4,target_5d_forward_return_raw
z_idio_vol_60d,135,XLF,4,target_5d_forward_return_raw
z_Federal_Funds_Rate,173,XLF,4,target_5d_forward_return_raw
z_Treasury_10Y,225,XLF,4,target_5d_forward_return_raw
z_Yield_Spread_10Y2Y,177,XLF,4,target_5d_forward_return_raw
z_Breakeven_Inflation_10Y,264,XLF,4,target_5d_forward_return_raw
z_CPI,198,XLF,4,target_5d_forward_return_raw
z_Unemployment_Rate,240,XLF,4,target_5d_forward_return_raw
z_Financial_Conditions_Index,371,XLF,4,target_5d_forward_return_raw
z_VIX,324,XLF,4,target_5d_forward_return_raw
z_rate_sensitivity_beta,180,XLF,4,target_5d_forward_return_raw
z_return_5d,108,XLI,4,target_5d_forward_return_raw
z_return_5d_rel_spy,23,XLI,4,target_5d_forward_return_raw
z_return_5d_excess_rf,8,XLI,4,target_5d_forward_return_raw
z_return_20d,105,XLI,4,target_5d_forward_return_raw
z_return_20d_rel_spy,27,XLI,4,target_5d_forward_return_raw
z_return_20d_excess_rf,3,XLI,4,target_5d_forward_return_raw
z_return_60d_rel_spy,188,XLI,4,target_5d_forward_return_raw
z_price_to_MA20,120,XLI,4,target_5d_forward_return_raw
z_price_to_MA50,93,XLI,4,target_5d_forward_return_raw
z_MA20_minus_MA50,208,XLI,4,target_5d_forward_return_raw
z_volatility_20d,143,XLI,4,target_5d_forward_return_raw
z_max_drawdown_60d,99,XLI,4,target_5d_forward_return_raw
z_ATR_14,217,XLI,4,target_5d_forward_return_raw
z_volume_change,76,XLI,4,target_5d_forward_return_raw
z_relative_volume,99,XLI,4,target_5d_forward_return_raw
z_RSI_14,107,XLI,4,target_5d_forward_return_raw
z_market_beta_60d,145,XLI,4,target_5d_forward_return_raw
z_idio_vol_60d,169,XLI,4,target_5d_forward_return_raw
z_Federal_Funds_Rate,157,XLI,4,target_5d_forward_return_raw
z_Treasury_10Y,203,XLI,4,target_5d_forward_return_raw
z_Yield_Spread_10Y2Y,124,XLI,4,target_5d_forward_return_raw
z_Breakeven_Inflation_10Y,200,XLI,4,target_5d_forward_return_raw
z_CPI,228,XLI,4,target_5d_forward_return_raw
z_Unemployment_Rate,270,XLI,4,target_5d_forward_return_raw
z_Financial_Conditions_Index,349,XLI,4,target_5d_forward_return_raw
z_VIX,415,XLI,4,target_5d_forward_return_raw
z_rate_sensitivity_beta,316,XLI,4,target_5d_forward_return_raw
z_return_5d,115,XLK,4,target_5d_forward_return_raw
z_return_5d_rel_spy,25,XLK,4,target_5d_forward_return_raw
z_return_5d_excess_rf,8,XLK,4,target_5d_forward_return_raw
z_return_20d,103,XLK,4,target_5d_forward_return_raw
z_return_20d_rel_spy,25,XLK,4,target_5d_forward_return_raw
z_return_20d_excess_rf,0,XLK,4,target_5d_forward_return_raw
z_return_60d_rel_spy,127,XLK,4,target_5d_forward_return_raw
z_price_to_MA20,137,XLK,4,target_5d_forward_return_raw
z_price_to_MA50,83,XLK,4,target_5d_forward_return_raw
z_MA20_minus_MA50,249,XLK,4,target_5d_forward_return_raw
z_volatility_20d,241,XLK,4,target_5d_forward_return_raw
z_max_drawdown_60d,150,XLK,4,target_5d_forward_return_raw
z_ATR_14,159,XLK,4,target_5d_forward_return_raw
z_volume_change,107,XLK,4,target_5d_forward_return_raw
z_relative_volume,157,XLK,4,target_5d_forward_return_raw
z_RSI_14,175,XLK,4,target_5d_forward_return_raw
z_market_beta_60d,175,XLK,4,target_5d_forward_return_raw
z_idio_vol_60d,147,XLK,4,target_5d_forward_return_raw
z_Federal_Funds_Rate,175,XLK,4,target_5d_forward_return_raw
z_Treasury_10Y,153,XLK,4,target_5d_forward_return_raw
z_Yield_Spread_10Y2Y,188,XLK,4,target_5d_forward_return_raw
z_Breakeven_Inflation_10Y,199,XLK,4,target_5d_forward_return_raw
z_CPI,235,XLK,4,target_5d_forward_return_raw
z_Unemployment_Rate,221,XLK,4,target_5d_forward_return_raw
z_Financial_Conditions_Index,321,XLK,4,target_5d_forward_return_raw
z_VIX,307,XLK,4,target_5d_forward_return_raw
z_rate_sensitivity_beta,218,XLK,4,target_5d_forward_return_raw
z_return_5d,168,XLP,4,target_5d_forward_return_raw
z_return_5d_rel_spy,28,XLP,4,target_5d_forward_return_raw
z_return_5d_excess_rf,8,XLP,4,target_5d_forward_return_raw
z_return_20d,134,XLP,4,target_5d_forward_return_raw
z_return_20d_rel_spy,37,XLP,4,target_5d_forward_return_raw
z_return_20d_excess_rf,4,XLP,4,target_5d_forward_return_raw
z_return_60d_rel_spy,178,XLP,4,target_5d_forward_return_raw
z_price_to_MA20,142,XLP,4,target_5d_forward_return_raw
z_price_to_MA50,137,XLP,4,target_5d_forward_return_raw
z_MA20_minus_MA50,243,XLP,4,target_5d_forward_return_raw
z_volatility_20d,129,XLP,4,target_5d_forward_return_raw
z_max_drawdown_60d,144,XLP,4,target_5d_forward_return_raw
z_ATR_14,212,XLP,4,target_5d_forward_return_raw
z_volume_change,93,XLP,4,target_5d_forward_return_raw
z_relative_volume,114,XLP,4,target_5d_forward_return_raw
z_RSI_14,161,XLP,4,target_5d_forward_return_raw
z_market_beta_60d,147,XLP,4,target_5d_forward_return_raw
z_idio_vol_60d,168,XLP,4,target_5d_forward_return_raw
z_Federal_Funds_Rate,112,XLP,4,target_5d_forward_return_raw
z_Treasury_10Y,193,XLP,4,target_5d_forward_return_raw
z_Yield_Spread_10Y2Y,147,XLP,4,target_5d_forward_return_raw
z_Breakeven_Inflation_10Y,196,XLP,4,target_5d_forward_return_raw
z_CPI,199,XLP,4,target_5d_forward_return_raw
z_Unemployment_Rate,160,XLP,4,target_5d_forward_return_raw
z_Financial_Conditions_Index,376,XLP,4,target_5d_forward_return_raw
z_VIX,362,XLP,4,target_5d_forward_return_raw
z_rate_sensitivity_beta,208,XLP,4,target_5d_forward_return_raw
z_return_5d,130,XLRE,4,target_5d_forward_return_raw
z_return_5d_rel_spy,18,XLRE,4,target_5d_forward_return_raw
z_return_5d_excess_rf,8,XLRE,4,target_5d_forward_return_raw
z_return_20d,108,XLRE,4,target_5d_forward_return_raw
z_return_20d_rel_spy,26,XLRE,4,target_5d_forward_return_raw
z_return_20d_excess_rf,2,XLRE,4,target_5d_forward_return_raw
z_return_60d_rel_spy,132,XLRE,4,target_5d_forward_return_raw
z_price_to_MA20,125,XLRE,4,target_5d_forward_return_raw
z_price_to_MA50,146,XLRE,4,target_5d_forward_return_raw
z_MA20_minus_MA50,251,XLRE,4,target_5d_forward_return_raw
z_volatility_20d,170,XLRE,4,target_5d_forward_return_raw
z_max_drawdown_60d,201,XLRE,4,target_5d_forward_return_raw
z_ATR_14,225,XLRE,4,target_5d_forward_return_raw
z_volume_change,64,XLRE,4,target_5d_forward_return_raw
z_relative_volume,99,XLRE,4,target_5d_forward_return_raw
z_RSI_14,143,XLRE,4,target_5d_forward_return_raw
z_market_beta_60d,169,XLRE,4,target_5d_forward_return_raw
z_idio_vol_60d,166,XLRE,4,target_5d_forward_return_raw
z_Federal_Funds_Rate,160,XLRE,4,target_5d_forward_return_raw
z_Treasury_10Y,183,XLRE,4,target_5d_forward_return_raw
z_Yield_Spread_10Y2Y,163,XLRE,4,target_5d_forward_return_raw
z_Breakeven_Inflation_10Y,192,XLRE,4,target_5d_forward_return_raw
z_CPI,176,XLRE,4,target_5d_forward_return_raw
z_Unemployment_Rate,215,XLRE,4,target_5d_forward_return_raw
z_Financial_Conditions_Index,321,XLRE,4,target_5d_forward_return_raw
z_VIX,387,XLRE,4,target_5d_forward_return_raw
z_rate_sensitivity_beta,220,XLRE,4,target_5d_forward_return_raw
z_return_5d,105,XLU,4,target_5d_forward_return_raw
z_return_5d_rel_spy,23,XLU,4,target_5d_forward_return_raw
z_return_5d_excess_rf,2,XLU,4,target_5d_forward_return_raw
z_return_20d,140,XLU,4,target_5d_forward_return_raw
z_return_20d_rel_spy,44,XLU,4,target_5d_forward_return_raw
z_return_20d_excess_rf,3,XLU,4,target_5d_forward_return_raw
z_return_60d_rel_spy,162,XLU,4,target_5d_forward_return_raw
z_price_to_MA20,138,XLU,4,target_5d_forward_return_raw
z_price_to_MA50,138,XLU,4,target_5d_forward_return_raw
z_MA20_minus_MA50,202,XLU,4,target_5d_forward_return_raw
z_volatility_20d,170,XLU,4,target_5d_forward_return_raw
z_max_drawdown_60d,137,XLU,4,target_5d_forward_return_raw
z_ATR_14,281,XLU,4,target_5d_forward_return_raw
z_volume_change,87,XLU,4,target_5d_forward_return_raw
z_relative_volume,78,XLU,4,target_5d_forward_return_raw
z_RSI_14,109,XLU,4,target_5d_forward_return_raw
z_market_beta_60d,147,XLU,4,target_5d_forward_return_raw
z_idio_vol_60d,204,XLU,4,target_5d_forward_return_raw
z_Federal_Funds_Rate,158,XLU,4,target_5d_forward_return_raw
z_Treasury_10Y,252,XLU,4,target_5d_forward_return_raw
z_Yield_Spread_10Y2Y,135,XLU,4,target_5d_forward_return_raw
z_Breakeven_Inflation_10Y,139,XLU,4,target_5d_forward_return_raw
z_CPI,202,XLU,4,target_5d_forward_return_raw
z_Unemployment_Rate,165,XLU,4,target_5d_forward_return_raw
z_Financial_Conditions_Index,352,XLU,4,target_5d_forward_return_raw
z_VIX,304,XLU,4,target_5d_forward_return_raw
z_rate_sensitivity_beta,323,XLU,4,target_5d_forward_return_raw
z_return_5d,94,XLV,4,target_5d_forward_return_raw
z_return_5d_rel_spy,21,XLV,4,target_5d_forward_return_raw
z_return_5d_excess_rf,3,XLV,4,target_5d_forward_return_raw
z_return_20d,164,XLV,4,target_5d_forward_return_raw
z_return_20d_rel_spy,42,XLV,4,target_5d_forward_return_raw
z_return_20d_excess_rf,4,XLV,4,target_5d_forward_return_raw
z_return_60d_rel_spy,152,XLV,4,target_5d_forward_return_raw
z_price_to_MA20,133,XLV,4,target_5d_forward_return_raw
z_price_to_MA50,108,XLV,4,target_5d_forward_return_raw
z_MA20_minus_MA50,242,XLV,4,target_5d_forward_return_raw
z_volatility_20d,174,XLV,4,target_5d_forward_return_raw
z_max_drawdown_60d,153,XLV,4,target_5d_forward_return_raw
z_ATR_14,227,XLV,4,target_5d_forward_return_raw
z_volume_change,100,XLV,4,target_5d_forward_return_raw
z_relative_volume,111,XLV,4,target_5d_forward_return_raw
z_RSI_14,154,XLV,4,target_5d_forward_return_raw
z_market_beta_60d,224,XLV,4,target_5d_forward_return_raw
z_idio_vol_60d,209,XLV,4,target_5d_forward_return_raw
z_Federal_Funds_Rate,146,XLV,4,target_5d_forward_return_raw
z_Treasury_10Y,118,XLV,4,target_5d_forward_return_raw
z_Yield_Spread_10Y2Y,201,XLV,4,target_5d_forward_return_raw
z_Breakeven_Inflation_10Y,171,XLV,4,target_5d_forward_return_raw
z_CPI,201,XLV,4,target_5d_forward_return_raw
z_Unemployment_Rate,190,XLV,4,target_5d_forward_return_raw
z_Financial_Conditions_Index,330,XLV,4,target_5d_forward_return_raw
z_VIX,338,XLV,4,target_5d_forward_return_raw
z_rate_sensitivity_beta,190,XLV,4,target_5d_forward_return_raw
z_return_5d,151,XLY,4,target_5d_forward_return_raw
z_return_5d_rel_spy,21,XLY,4,target_5d_forward_return_raw
z_return_5d_excess_rf,7,XLY,4,target_5d_forward_return_raw
z_return_20d,163,XLY,4,target_5d_forward_return_raw
z_return_20d_rel_spy,49,XLY,4,target_5d_forward_return_raw
z_return_20d_excess_rf,3,XLY,4,target_5d_forward_return_raw
z_return_60d_rel_spy,157,XLY,4,target_5d_forward_return_raw
z_price_to_MA20,136,XLY,4,target_5d_forward_return_raw
z_price_to_MA50,134,XLY,4,target_5d_forward_return_raw
z_MA20_minus_MA50,289,XLY,4,target_5d_forward_return_raw
z_volatility_20d,149,XLY,4,target_5d_forward_return_raw
z_max_drawdown_60d,187,XLY,4,target_5d_forward_return_raw
z_ATR_14,163,XLY,4,target_5d_forward_return_raw
z_volume_change,80,XLY,4,target_5d_forward_return_raw
z_relative_volume,78,XLY,4,target_5d_forward_return_raw
z_RSI_14,110,XLY,4,target_5d_forward_return_raw
z_market_beta_60d,201,XLY,4,target_5d_forward_return_raw
z_idio_vol_60d,126,XLY,4,target_5d_forward_return_raw
z_Federal_Funds_Rate,154,XLY,4,target_5d_forward_return_raw
z_Treasury_10Y,191,XLY,4,target_5d_forward_return_raw
z_Yield_Spread_10Y2Y,136,XLY,4,target_5d_forward_return_raw
z_Breakeven_Inflation_10Y,234,XLY,4,target_5d_forward_return_raw
z_CPI,174,XLY,4,target_5d_forward_return_raw
z_Unemployment_Rate,228,XLY,4,target_5d_forward_return_raw
z_Financial_Conditions_Index,355,XLY,4,target_5d_forward_return_raw
z_VIX,325,XLY,4,target_5d_forward_return_raw
z_rate_sensitivity_beta,199,XLY,4,target_5d_forward_return_raw
z_return_5d,120,XLB,5,target_5d_forward_return_raw
z_return_5d_rel_spy,24,XLB,5,target_5d_forward_return_raw
z_return_5d_excess_rf,4,XLB,5,target_5d_forward_return_raw
z_return_20d,97,XLB,5,target_5d_forward_return_raw
z_return_20d_rel_spy,23,XLB,5,target_5d_forward_return_raw
z_return_20d_excess_rf,3,XLB,5,target_5d_forward_return_raw
z_return_60d_rel_spy,174,XLB,5,target_5d_forward_return_raw
z_price_to_MA20,75,XLB,5,target_5d_forward_return_raw
z_price_to_MA50,121,XLB,5,target_5d_forward_return_raw
z_MA20_minus_MA50,287,XLB,5,target_5d_forward_return_raw
z_volatility_20d,141,XLB,5,target_5d_forward_return_raw
z_max_drawdown_60d,192,XLB,5,target_5d_forward_return_raw
z_ATR_14,149,XLB,5,target_5d_forward_return_raw
z_volume_change,46,XLB,5,target_5d_forward_return_raw
z_relative_volume,85,XLB,5,target_5d_forward_return_raw
z_RSI_14,122,XLB,5,target_5d_forward_return_raw
z_market_beta_60d,174,XLB,5,target_5d_forward_return_raw
z_idio_vol_60d,194,XLB,5,target_5d_forward_return_raw
z_Federal_Funds_Rate,203,XLB,5,target_5d_forward_return_raw
z_Treasury_10Y,264,XLB,5,target_5d_forward_return_raw
z_Yield_Spread_10Y2Y,143,XLB,5,target_5d_forward_return_raw
z_Breakeven_Inflation_10Y,199,XLB,5,target_5d_forward_return_raw
z_CPI,192,XLB,5,target_5d_forward_return_raw
z_Unemployment_Rate,258,XLB,5,target_5d_forward_return_raw
z_Financial_Conditions_Index,332,XLB,5,target_5d_forward_return_raw
z_VIX,349,XLB,5,target_5d_forward_return_raw
z_rate_sensitivity_beta,229,XLB,5,target_5d_forward_return_raw
z_return_5d,177,XLC,5,target_5d_forward_return_raw
z_return_5d_rel_spy,33,XLC,5,target_5d_forward_return_raw
z_return_5d_excess_rf,7,XLC,5,target_5d_forward_return_raw
z_return_20d,115,XLC,5,target_5d_forward_return_raw
z_return_20d_rel_spy,37,XLC,5,target_5d_forward_return_raw
z_return_20d_excess_rf,2,XLC,5,target_5d_forward_return_raw
z_return_60d_rel_spy,166,XLC,5,target_5d_forward_return_raw
z_price_to_MA20,162,XLC,5,target_5d_forward_return_raw
z_price_to_MA50,105,XLC,5,target_5d_forward_return_raw
z_MA20_minus_MA50,259,XLC,5,target_5d_forward_return_raw
z_volatility_20d,227,XLC,5,target_5d_forward_return_raw
z_max_drawdown_60d,189,XLC,5,target_5d_forward_return_raw
z_ATR_14,198,XLC,5,target_5d_forward_return_raw
z_volume_change,66,XLC,5,target_5d_forward_return_raw
z_relative_volume,103,XLC,5,target_5d_forward_return_raw
z_RSI_14,123,XLC,5,target_5d_forward_return_raw
z_market_beta_60d,199,XLC,5,target_5d_forward_return_raw
z_idio_vol_60d,187,XLC,5,target_5d_forward_return_raw
z_Federal_Funds_Rate,168,XLC,5,target_5d_forward_return_raw
z_Treasury_10Y,179,XLC,5,target_5d_forward_return_raw
z_Yield_Spread_10Y2Y,147,XLC,5,target_5d_forward_return_raw
z_Breakeven_Inflation_10Y,199,XLC,5,target_5d_forward_return_raw
z_CPI,210,XLC,5,target_5d_forward_return_raw
z_Unemployment_Rate,169,XLC,5,target_5d_forward_return_raw
z_Financial_Conditions_Index,282,XLC,5,target_5d_forward_return_raw
z_VIX,344,XLC,5,target_5d_forward_return_raw
z_rate_sensitivity_beta,147,XLC,5,target_5d_forward_return_raw
z_return_5d,142,XLE,5,target_5d_forward_return_raw
z_return_5d_rel_spy,35,XLE,5,target_5d_forward_return_raw
z_return_5d_excess_rf,10,XLE,5,target_5d_forward_return_raw
z_return_20d,132,XLE,5,target_5d_forward_return_raw
z_return_20d_rel_spy,25,XLE,5,target_5d_forward_return_raw
z_return_20d_excess_rf,0,XLE,5,target_5d_forward_return_raw
z_return_60d_rel_spy,172,XLE,5,target_5d_forward_return_raw
z_price_to_MA20,121,XLE,5,target_5d_forward_return_raw
z_price_to_MA50,138,XLE,5,target_5d_forward_return_raw
z_MA20_minus_MA50,241,XLE,5,target_5d_forward_return_raw
z_volatility_20d,158,XLE,5,target_5d_forward_return_raw
z_max_drawdown_60d,201,XLE,5,target_5d_forward_return_raw
z_ATR_14,271,XLE,5,target_5d_forward_return_raw
z_volume_change,52,XLE,5,target_5d_forward_return_raw
z_relative_volume,84,XLE,5,target_5d_forward_return_raw
z_RSI_14,132,XLE,5,target_5d_forward_return_raw
z_market_beta_60d,131,XLE,5,target_5d_forward_return_raw
z_idio_vol_60d,118,XLE,5,target_5d_forward_return_raw
z_Federal_Funds_Rate,209,XLE,5,target_5d_forward_return_raw
z_Treasury_10Y,209,XLE,5,target_5d_forward_return_raw
z_Yield_Spread_10Y2Y,182,XLE,5,target_5d_forward_return_raw
z_Breakeven_Inflation_10Y,207,XLE,5,target_5d_forward_return_raw
z_CPI,204,XLE,5,target_5d_forward_return_raw
z_Unemployment_Rate,188,XLE,5,target_5d_forward_return_raw
z_Financial_Conditions_Index,336,XLE,5,target_5d_forward_return_raw
z_VIX,280,XLE,5,target_5d_forward_return_raw
z_rate_sensitivity_beta,222,XLE,5,target_5d_forward_return_raw
z_return_5d,128,XLF,5,target_5d_forward_return_raw
z_return_5d_rel_spy,20,XLF,5,target_5d_forward_return_raw
z_return_5d_excess_rf,6,XLF,5,target_5d_forward_return_raw
z_return_20d,93,XLF,5,target_5d_forward_return_raw
z_return_20d_rel_spy,17,XLF,5,target_5d_forward_return_raw
z_return_20d_excess_rf,3,XLF,5,target_5d_forward_return_raw
z_return_60d_rel_spy,143,XLF,5,target_5d_forward_return_raw
z_price_to_MA20,111,XLF,5,target_5d_forward_return_raw
z_price_to_MA50,122,XLF,5,target_5d_forward_return_raw
z_MA20_minus_MA50,186,XLF,5,target_5d_forward_return_raw
z_volatility_20d,192,XLF,5,target_5d_forward_return_raw
z_max_drawdown_60d,162,XLF,5,target_5d_forward_return_raw
z_ATR_14,187,XLF,5,target_5d_forward_return_raw
z_volume_change,78,XLF,5,target_5d_forward_return_raw
z_relative_volume,121,XLF,5,target_5d_forward_return_raw
z_RSI_14,118,XLF,5,target_5d_forward_return_raw
z_market_beta_60d,210,XLF,5,target_5d_forward_return_raw
z_idio_vol_60d,133,XLF,5,target_5d_forward_return_raw
z_Federal_Funds_Rate,213,XLF,5,target_5d_forward_return_raw
z_Treasury_10Y,201,XLF,5,target_5d_forward_return_raw
z_Yield_Spread_10Y2Y,164,XLF,5,target_5d_forward_return_raw
z_Breakeven_Inflation_10Y,271,XLF,5,target_5d_forward_return_raw
z_CPI,206,XLF,5,target_5d_forward_return_raw
z_Unemployment_Rate,230,XLF,5,target_5d_forward_return_raw
z_Financial_Conditions_Index,386,XLF,5,target_5d_forward_return_raw
z_VIX,343,XLF,5,target_5d_forward_return_raw
z_rate_sensitivity_beta,156,XLF,5,target_5d_forward_return_raw
z_return_5d,108,XLI,5,target_5d_forward_return_raw
z_return_5d_rel_spy,25,XLI,5,target_5d_forward_return_raw
z_return_5d_excess_rf,4,XLI,5,target_5d_forward_return_raw
z_return_20d,102,XLI,5,target_5d_forward_return_raw
z_return_20d_rel_spy,21,XLI,5,target_5d_forward_return_raw
z_return_20d_excess_rf,0,XLI,5,target_5d_forward_return_raw
z_return_60d_rel_spy,178,XLI,5,target_5d_forward_return_raw
z_price_to_MA20,101,XLI,5,target_5d_forward_return_raw
z_price_to_MA50,84,XLI,5,target_5d_forward_return_raw
z_MA20_minus_MA50,238,XLI,5,target_5d_forward_return_raw
z_volatility_20d,132,XLI,5,target_5d_forward_return_raw
z_max_drawdown_60d,133,XLI,5,target_5d_forward_return_raw
z_ATR_14,222,XLI,5,target_5d_forward_return_raw
z_volume_change,65,XLI,5,target_5d_forward_return_raw
z_relative_volume,102,XLI,5,target_5d_forward_return_raw
z_RSI_14,87,XLI,5,target_5d_forward_return_raw
z_market_beta_60d,147,XLI,5,target_5d_forward_return_raw
z_idio_vol_60d,164,XLI,5,target_5d_forward_return_raw
z_Federal_Funds_Rate,218,XLI,5,target_5d_forward_return_raw
z_Treasury_10Y,238,XLI,5,target_5d_forward_return_raw
z_Yield_Spread_10Y2Y,108,XLI,5,target_5d_forward_return_raw
z_Breakeven_Inflation_10Y,194,XLI,5,target_5d_forward_return_raw
z_CPI,225,XLI,5,target_5d_forward_return_raw
z_Unemployment_Rate,260,XLI,5,target_5d_forward_return_raw
z_Financial_Conditions_Index,379,XLI,5,target_5d_forward_return_raw
z_VIX,417,XLI,5,target_5d_forward_return_raw
z_rate_sensitivity_beta,248,XLI,5,target_5d_forward_return_raw
z_return_5d,122,XLK,5,target_5d_forward_return_raw
z_return_5d_rel_spy,37,XLK,5,target_5d_forward_return_raw
z_return_5d_excess_rf,6,XLK,5,target_5d_forward_return_raw
z_return_20d,123,XLK,5,target_5d_forward_return_raw
z_return_20d_rel_spy,34,XLK,5,target_5d_forward_return_raw
z_return_20d_excess_rf,3,XLK,5,target_5d_forward_return_raw
z_return_60d_rel_spy,136,XLK,5,target_5d_forward_return_raw
z_price_to_MA20,156,XLK,5,target_5d_forward_return_raw
z_price_to_MA50,85,XLK,5,target_5d_forward_return_raw
z_MA20_minus_MA50,267,XLK,5,target_5d_forward_return_raw
z_volatility_20d,234,XLK,5,target_5d_forward_return_raw
z_max_drawdown_60d,144,XLK,5,target_5d_forward_return_raw
z_ATR_14,135,XLK,5,target_5d_forward_return_raw
z_volume_change,105,XLK,5,target_5d_forward_return_raw
z_relative_volume,135,XLK,5,target_5d_forward_return_raw
z_RSI_14,165,XLK,5,target_5d_forward_return_raw
z_market_beta_60d,247,XLK,5,target_5d_forward_return_raw
z_idio_vol_60d,171,XLK,5,target_5d_forward_return_raw
z_Federal_Funds_Rate,166,XLK,5,target_5d_forward_return_raw
z_Treasury_10Y,175,XLK,5,target_5d_forward_return_raw
z_Yield_Spread_10Y2Y,139,XLK,5,target_5d_forward_return_raw
z_Breakeven_Inflation_10Y,203,XLK,5,target_5d_forward_return_raw
z_CPI,196,XLK,5,target_5d_forward_return_raw
z_Unemployment_Rate,194,XLK,5,target_5d_forward_return_raw
z_Financial_Conditions_Index,301,XLK,5,target_5d_forward_return_raw
z_VIX,309,XLK,5,target_5d_forward_return_raw
z_rate_sensitivity_beta,212,XLK,5,target_5d_forward_return_raw
z_return_5d,147,XLP,5,target_5d_forward_return_raw
z_return_5d_rel_spy,32,XLP,5,target_5d_forward_return_raw
z_return_5d_excess_rf,7,XLP,5,target_5d_forward_return_raw
z_return_20d,163,XLP,5,target_5d_forward_return_raw
z_return_20d_rel_spy,37,XLP,5,target_5d_forward_return_raw
z_return_20d_excess_rf,0,XLP,5,target_5d_forward_return_raw
z_return_60d_rel_spy,155,XLP,5,target_5d_forward_return_raw
z_price_to_MA20,122,XLP,5,target_5d_forward_return_raw
z_price_to_MA50,144,XLP,5,target_5d_forward_return_raw
z_MA20_minus_MA50,274,XLP,5,target_5d_forward_return_raw
z_volatility_20d,142,XLP,5,target_5d_forward_return_raw
z_max_drawdown_60d,138,XLP,5,target_5d_forward_return_raw
z_ATR_14,218,XLP,5,target_5d_forward_return_raw
z_volume_change,83,XLP,5,target_5d_forward_return_raw
z_relative_volume,104,XLP,5,target_5d_forward_return_raw
z_RSI_14,140,XLP,5,target_5d_forward_return_raw
z_market_beta_60d,161,XLP,5,target_5d_forward_return_raw
z_idio_vol_60d,183,XLP,5,target_5d_forward_return_raw
z_Federal_Funds_Rate,102,XLP,5,target_5d_forward_return_raw
z_Treasury_10Y,204,XLP,5,target_5d_forward_return_raw
z_Yield_Spread_10Y2Y,134,XLP,5,target_5d_forward_return_raw
z_Breakeven_Inflation_10Y,202,XLP,5,target_5d_forward_return_raw
z_CPI,206,XLP,5,target_5d_forward_return_raw
z_Unemployment_Rate,197,XLP,5,target_5d_forward_return_raw
z_Financial_Conditions_Index,334,XLP,5,target_5d_forward_return_raw
z_VIX,350,XLP,5,target_5d_forward_return_raw
z_rate_sensitivity_beta,221,XLP,5,target_5d_forward_return_raw
z_return_5d,106,XLRE,5,target_5d_forward_return_raw
z_return_5d_rel_spy,24,XLRE,5,target_5d_forward_return_raw
z_return_5d_excess_rf,3,XLRE,5,target_5d_forward_return_raw
z_return_20d,113,XLRE,5,target_5d_forward_return_raw
z_return_20d_rel_spy,27,XLRE,5,target_5d_forward_return_raw
z_return_20d_excess_rf,0,XLRE,5,target_5d_forward_return_raw
z_return_60d_rel_spy,149,XLRE,5,target_5d_forward_return_raw
z_price_to_MA20,98,XLRE,5,target_5d_forward_return_raw
z_price_to_MA50,175,XLRE,5,target_5d_forward_return_raw
z_MA20_minus_MA50,233,XLRE,5,target_5d_forward_return_raw
z_volatility_20d,161,XLRE,5,target_5d_forward_return_raw
z_max_drawdown_60d,226,XLRE,5,target_5d_forward_return_raw
z_ATR_14,240,XLRE,5,target_5d_forward_return_raw
z_volume_change,52,XLRE,5,target_5d_forward_return_raw
z_relative_volume,94,XLRE,5,target_5d_forward_return_raw
z_RSI_14,129,XLRE,5,target_5d_forward_return_raw
z_market_beta_60d,137,XLRE,5,target_5d_forward_return_raw
z_idio_vol_60d,186,XLRE,5,target_5d_forward_return_raw
z_Federal_Funds_Rate,177,XLRE,5,target_5d_forward_return_raw
z_Treasury_10Y,209,XLRE,5,target_5d_forward_return_raw
z_Yield_Spread_10Y2Y,163,XLRE,5,target_5d_forward_return_raw
z_Breakeven_Inflation_10Y,207,XLRE,5,target_5d_forward_return_raw
z_CPI,204,XLRE,5,target_5d_forward_return_raw
z_Unemployment_Rate,214,XLRE,5,target_5d_forward_return_raw
z_Financial_Conditions_Index,317,XLRE,5,target_5d_forward_return_raw
z_VIX,363,XLRE,5,target_5d_forward_return_raw
z_rate_sensitivity_beta,193,XLRE,5,target_5d_forward_return_raw
z_return_5d,117,XLU,5,target_5d_forward_return_raw
z_return_5d_rel_spy,14,XLU,5,target_5d_forward_return_raw
z_return_5d_excess_rf,6,XLU,5,target_5d_forward_return_raw
z_return_20d,148,XLU,5,target_5d_forward_return_raw
z_return_20d_rel_spy,33,XLU,5,target_5d_forward_return_raw
z_return_20d_excess_rf,4,XLU,5,target_5d_forward_return_raw
z_return_60d_rel_spy,144,XLU,5,target_5d_forward_return_raw
z_price_to_MA20,154,XLU,5,target_5d_forward_return_raw
z_price_to_MA50,144,XLU,5,target_5d_forward_return_raw
z_MA20_minus_MA50,159,XLU,5,target_5d_forward_return_raw
z_volatility_20d,151,XLU,5,target_5d_forward_return_raw
z_max_drawdown_60d,175,XLU,5,target_5d_forward_return_raw
z_ATR_14,317,XLU,5,target_5d_forward_return_raw
z_volume_change,58,XLU,5,target_5d_forward_return_raw
z_relative_volume,72,XLU,5,target_5d_forward_return_raw
z_RSI_14,96,XLU,5,target_5d_forward_return_raw
z_market_beta_60d,168,XLU,5,target_5d_forward_return_raw
z_idio_vol_60d,188,XLU,5,target_5d_forward_return_raw
z_Federal_Funds_Rate,178,XLU,5,target_5d_forward_return_raw
z_Treasury_10Y,284,XLU,5,target_5d_forward_return_raw
z_Yield_Spread_10Y2Y,141,XLU,5,target_5d_forward_return_raw
z_Breakeven_Inflation_10Y,159,XLU,5,target_5d_forward_return_raw
z_CPI,197,XLU,5,target_5d_forward_return_raw
z_Unemployment_Rate,140,XLU,5,target_5d_forward_return_raw
z_Financial_Conditions_Index,312,XLU,5,target_5d_forward_return_raw
z_VIX,322,XLU,5,target_5d_forward_return_raw
z_rate_sensitivity_beta,319,XLU,5,target_5d_forward_return_raw
z_return_5d,100,XLV,5,target_5d_forward_return_raw
z_return_5d_rel_spy,15,XLV,5,target_5d_forward_return_raw
z_return_5d_excess_rf,6,XLV,5,target_5d_forward_return_raw
z_return_20d,134,XLV,5,target_5d_forward_return_raw
z_return_20d_rel_spy,34,XLV,5,target_5d_forward_return_raw
z_return_20d_excess_rf,2,XLV,5,target_5d_forward_return_raw
z_return_60d_rel_spy,168,XLV,5,target_5d_forward_return_raw
z_price_to_MA20,117,XLV,5,target_5d_forward_return_raw
z_price_to_MA50,108,XLV,5,target_5d_forward_return_raw
z_MA20_minus_MA50,206,XLV,5,target_5d_forward_return_raw
z_volatility_20d,187,XLV,5,target_5d_forward_return_raw
z_max_drawdown_60d,173,XLV,5,target_5d_forward_return_raw
z_ATR_14,208,XLV,5,target_5d_forward_return_raw
z_volume_change,85,XLV,5,target_5d_forward_return_raw
z_relative_volume,111,XLV,5,target_5d_forward_return_raw
z_RSI_14,173,XLV,5,target_5d_forward_return_raw
z_market_beta_60d,232,XLV,5,target_5d_forward_return_raw
z_idio_vol_60d,181,XLV,5,target_5d_forward_return_raw
z_Federal_Funds_Rate,171,XLV,5,target_5d_forward_return_raw
z_Treasury_10Y,132,XLV,5,target_5d_forward_return_raw
z_Yield_Spread_10Y2Y,190,XLV,5,target_5d_forward_return_raw
z_Breakeven_Inflation_10Y,179,XLV,5,target_5d_forward_return_raw
z_CPI,217,XLV,5,target_5d_forward_return_raw
z_Unemployment_Rate,179,XLV,5,target_5d_forward_return_raw
z_Financial_Conditions_Index,365,XLV,5,target_5d_forward_return_raw
z_VIX,341,XLV,5,target_5d_forward_return_raw
z_rate_sensitivity_beta,186,XLV,5,target_5d_forward_return_raw
z_return_5d,150,XLY,5,target_5d_forward_return_raw
z_return_5d_rel_spy,25,XLY,5,target_5d_forward_return_raw
z_return_5d_excess_rf,6,XLY,5,target_5d_forward_return_raw
z_return_20d,147,XLY,5,target_5d_forward_return_raw
z_return_20d_rel_spy,44,XLY,5,target_5d_forward_return_raw
z_return_20d_excess_rf,2,XLY,5,target_5d_forward_return_raw
z_return_60d_rel_spy,184,XLY,5,target_5d_forward_return_raw
z_price_to_MA20,135,XLY,5,target_5d_forward_return_raw
z_price_to_MA50,108,XLY,5,target_5d_forward_return_raw
z_MA20_minus_MA50,288,XLY,5,target_5d_forward_return_raw
z_volatility_20d,168,XLY,5,target_5d_forward_return_raw
z_max_drawdown_60d,252,XLY,5,target_5d_forward_return_raw
z_ATR_14,165,XLY,5,target_5d_forward_return_raw
z_volume_change,61,XLY,5,target_5d_forward_return_raw
z_relative_volume,78,XLY,5,target_5d_forward_return_raw
z_RSI_14,117,XLY,5,target_5d_forward_return_raw
z_market_beta_60d,184,XLY,5,target_5d_forward_return_raw
z_idio_vol_60d,164,XLY,5,target_5d_forward_return_raw
z_Federal_Funds_Rate,148,XLY,5,target_5d_forward_return_raw
z_Treasury_10Y,177,XLY,5,target_5d_forward_return_raw
z_Yield_Spread_10Y2Y,114,XLY,5,target_5d_forward_return_raw
z_Breakeven_Inflation_10Y,227,XLY,5,target_5d_forward_return_raw
z_CPI,206,XLY,5,target_5d_forward_return_raw
z_Unemployment_Rate,245,XLY,5,target_5d_forward_return_raw
z_Financial_Conditions_Index,304,XLY,5,target_5d_forward_return_raw
z_VIX,325,XLY,5,target_5d_forward_return_raw
z_rate_sensitivity_beta,176,XLY,5,target_5d_forward_return_raw
z_return_5d,93,XLB,1,target_5d_forward_return_excess_spy
z_return_5d_rel_spy,17,XLB,1,target_5d_forward_return_excess_spy
z_return_5d_excess_rf,1,XLB,1,target_5d_forward_return_excess_spy
z_return_20d,52,XLB,1,target_5d_forward_return_excess_spy
z_return_20d_rel_spy,9,XLB,1,target_5d_forward_return_excess_spy
z_return_20d_excess_rf,0,XLB,1,target_5d_forward_return_excess_spy
z_return_60d_rel_spy,49,XLB,1,target_5d_forward_return_excess_spy
z_price_to_MA20,78,XLB,1,target_5d_forward_return_excess_spy
z_price_to_MA50,64,XLB,1,target_5d_forward_return_excess_spy
z_MA20_minus_MA50,105,XLB,1,target_5d_forward_return_excess_spy
z_volatility_20d,62,XLB,1,target_5d_forward_return_excess_spy
z_max_drawdown_60d,28,XLB,1,target_5d_forward_return_excess_spy
z_ATR_14,139,XLB,1,target_5d_forward_return_excess_spy
z_volume_change,42,XLB,1,target_5d_forward_return_excess_spy
z_relative_volume,77,XLB,1,target_5d_forward_return_excess_spy
z_RSI_14,69,XLB,1,target_5d_forward_return_excess_spy
z_market_beta_60d,30,XLB,1,target_5d_forward_return_excess_spy
z_idio_vol_60d,27,XLB,1,target_5d_forward_return_excess_spy
z_Federal_Funds_Rate,106,XLB,1,target_5d_forward_return_excess_spy
z_Treasury_10Y,67,XLB,1,target_5d_forward_return_excess_spy
z_Yield_Spread_10Y2Y,76,XLB,1,target_5d_forward_return_excess_spy
z_Breakeven_Inflation_10Y,96,XLB,1,target_5d_forward_return_excess_spy
z_CPI,133,XLB,1,target_5d_forward_return_excess_spy
z_Unemployment_Rate,68,XLB,1,target_5d_forward_return_excess_spy
z_Financial_Conditions_Index,92,XLB,1,target_5d_forward_return_excess_spy
z_VIX,67,XLB,1,target_5d_forward_return_excess_spy
z_rate_sensitivity_beta,82,XLB,1,target_5d_forward_return_excess_spy
z_return_5d,76,XLC,1,target_5d_forward_return_excess_spy
z_return_5d_rel_spy,8,XLC,1,target_5d_forward_return_excess_spy
z_return_5d_excess_rf,2,XLC,1,target_5d_forward_return_excess_spy
z_return_20d,67,XLC,1,target_5d_forward_return_excess_spy
z_return_20d_rel_spy,24,XLC,1,target_5d_forward_return_excess_spy
z_return_20d_excess_rf,2,XLC,1,target_5d_forward_return_excess_spy
z_return_60d_rel_spy,48,XLC,1,target_5d_forward_return_excess_spy
z_price_to_MA20,78,XLC,1,target_5d_forward_return_excess_spy
z_price_to_MA50,45,XLC,1,target_5d_forward_return_excess_spy
z_MA20_minus_MA50,59,XLC,1,target_5d_forward_return_excess_spy
z_volatility_20d,85,XLC,1,target_5d_forward_return_excess_spy
z_max_drawdown_60d,30,XLC,1,target_5d_forward_return_excess_spy
z_ATR_14,110,XLC,1,target_5d_forward_return_excess_spy
z_volume_change,69,XLC,1,target_5d_forward_return_excess_spy
z_relative_volume,41,XLC,1,target_5d_forward_return_excess_spy
z_RSI_14,98,XLC,1,target_5d_forward_return_excess_spy
z_market_beta_60d,53,XLC,1,target_5d_forward_return_excess_spy
z_idio_vol_60d,25,XLC,1,target_5d_forward_return_excess_spy
z_Federal_Funds_Rate,96,XLC,1,target_5d_forward_return_excess_spy
z_Treasury_10Y,84,XLC,1,target_5d_forward_return_excess_spy
z_Yield_Spread_10Y2Y,110,XLC,1,target_5d_forward_return_excess_spy
z_Breakeven_Inflation_10Y,103,XLC,1,target_5d_forward_return_excess_spy
z_CPI,103,XLC,1,target_5d_forward_return_excess_spy
z_Unemployment_Rate,69,XLC,1,target_5d_forward_return_excess_spy
z_Financial_Conditions_Index,135,XLC,1,target_5d_forward_return_excess_spy
z_VIX,76,XLC,1,target_5d_forward_return_excess_spy
z_rate_sensitivity_beta,30,XLC,1,target_5d_forward_return_excess_spy
z_return_5d,102,XLE,1,target_5d_forward_return_excess_spy
z_return_5d_rel_spy,12,XLE,1,target_5d_forward_return_excess_spy
z_return_5d_excess_rf,4,XLE,1,target_5d_forward_return_excess_spy
z_return_20d,50,XLE,1,target_5d_forward_return_excess_spy
z_return_20d_rel_spy,8,XLE,1,target_5d_forward_return_excess_spy
z_return_20d_excess_rf,1,XLE,1,target_5d_forward_return_excess_spy
z_return_60d_rel_spy,28,XLE,1,target_5d_forward_return_excess_spy
z_price_to_MA20,87,XLE,1,target_5d_forward_return_excess_spy
z_price_to_MA50,104,XLE,1,target_5d_forward_return_excess_spy
z_MA20_minus_MA50,102,XLE,1,target_5d_forward_return_excess_spy
z_volatility_20d,109,XLE,1,target_5d_forward_return_excess_spy
z_max_drawdown_60d,16,XLE,1,target_5d_forward_return_excess_spy
z_ATR_14,66,XLE,1,target_5d_forward_return_excess_spy
z_volume_change,37,XLE,1,target_5d_forward_return_excess_spy
z_relative_volume,43,XLE,1,target_5d_forward_return_excess_spy
z_RSI_14,61,XLE,1,target_5d_forward_return_excess_spy
z_market_beta_60d,66,XLE,1,target_5d_forward_return_excess_spy
z_idio_vol_60d,37,XLE,1,target_5d_forward_return_excess_spy
z_Federal_Funds_Rate,98,XLE,1,target_5d_forward_return_excess_spy
z_Treasury_10Y,104,XLE,1,target_5d_forward_return_excess_spy
z_Yield_Spread_10Y2Y,74,XLE,1,target_5d_forward_return_excess_spy
z_Breakeven_Inflation_10Y,91,XLE,1,target_5d_forward_return_excess_spy
z_CPI,112,XLE,1,target_5d_forward_return_excess_spy
z_Unemployment_Rate,109,XLE,1,target_5d_forward_return_excess_spy
z_Financial_Conditions_Index,46,XLE,1,target_5d_forward_return_excess_spy
z_VIX,99,XLE,1,target_5d_forward_return_excess_spy
z_rate_sensitivity_beta,77,XLE,1,target_5d_forward_return_excess_spy
z_return_5d,59,XLF,1,target_5d_forward_return_excess_spy
z_return_5d_rel_spy,9,XLF,1,target_5d_forward_return_excess_spy
z_return_5d_excess_rf,2,XLF,1,target_5d_forward_return_excess_spy
z_return_20d,46,XLF,1,target_5d_forward_return_excess_spy
z_return_20d_rel_spy,9,XLF,1,target_5d_forward_return_excess_spy
z_return_20d_excess_rf,0,XLF,1,target_5d_forward_return_excess_spy
z_return_60d_rel_spy,58,XLF,1,target_5d_forward_return_excess_spy
z_price_to_MA20,63,XLF,1,target_5d_forward_return_excess_spy
z_price_to_MA50,107,XLF,1,target_5d_forward_return_excess_spy
z_MA20_minus_MA50,83,XLF,1,target_5d_forward_return_excess_spy
z_volatility_20d,98,XLF,1,target_5d_forward_return_excess_spy
z_max_drawdown_60d,9,XLF,1,target_5d_forward_return_excess_spy
z_ATR_14,103,XLF,1,target_5d_forward_return_excess_spy
z_volume_change,48,XLF,1,target_5d_forward_return_excess_spy
z_relative_volume,47,XLF,1,target_5d_forward_return_excess_spy
z_RSI_14,38,XLF,1,target_5d_forward_return_excess_spy
z_market_beta_60d,63,XLF,1,target_5d_forward_return_excess_spy
z_idio_vol_60d,28,XLF,1,target_5d_forward_return_excess_spy
z_Federal_Funds_Rate,139,XLF,1,target_5d_forward_return_excess_spy
z_Treasury_10Y,94,XLF,1,target_5d_forward_return_excess_spy
z_Yield_Spread_10Y2Y,70,XLF,1,target_5d_forward_return_excess_spy
z_Breakeven_Inflation_10Y,79,XLF,1,target_5d_forward_return_excess_spy
z_CPI,95,XLF,1,target_5d_forward_return_excess_spy
z_Unemployment_Rate,107,XLF,1,target_5d_forward_return_excess_spy
z_Financial_Conditions_Index,116,XLF,1,target_5d_forward_return_excess_spy
z_VIX,63,XLF,1,target_5d_forward_return_excess_spy
z_rate_sensitivity_beta,92,XLF,1,target_5d_forward_return_excess_spy
z_return_5d,58,XLI,1,target_5d_forward_return_excess_spy
z_return_5d_rel_spy,12,XLI,1,target_5d_forward_return_excess_spy
z_return_5d_excess_rf,6,XLI,1,target_5d_forward_return_excess_spy
z_return_20d,55,XLI,1,target_5d_forward_return_excess_spy
z_return_20d_rel_spy,15,XLI,1,target_5d_forward_return_excess_spy
z_return_20d_excess_rf,2,XLI,1,target_5d_forward_return_excess_spy
z_return_60d_rel_spy,50,XLI,1,target_5d_forward_return_excess_spy
z_price_to_MA20,55,XLI,1,target_5d_forward_return_excess_spy
z_price_to_MA50,103,XLI,1,target_5d_forward_return_excess_spy
z_MA20_minus_MA50,81,XLI,1,target_5d_forward_return_excess_spy
z_volatility_20d,69,XLI,1,target_5d_forward_return_excess_spy
z_max_drawdown_60d,31,XLI,1,target_5d_forward_return_excess_spy
z_ATR_14,74,XLI,1,target_5d_forward_return_excess_spy
z_volume_change,60,XLI,1,target_5d_forward_return_excess_spy
z_relative_volume,35,XLI,1,target_5d_forward_return_excess_spy
z_RSI_14,128,XLI,1,target_5d_forward_return_excess_spy
z_market_beta_60d,83,XLI,1,target_5d_forward_return_excess_spy
z_idio_vol_60d,26,XLI,1,target_5d_forward_return_excess_spy
z_Federal_Funds_Rate,84,XLI,1,target_5d_forward_return_excess_spy
z_Treasury_10Y,58,XLI,1,target_5d_forward_return_excess_spy
z_Yield_Spread_10Y2Y,97,XLI,1,target_5d_forward_return_excess_spy
z_Breakeven_Inflation_10Y,62,XLI,1,target_5d_forward_return_excess_spy
z_CPI,116,XLI,1,target_5d_forward_return_excess_spy
z_Unemployment_Rate,92,XLI,1,target_5d_forward_return_excess_spy
z_Financial_Conditions_Index,111,XLI,1,target_5d_forward_return_excess_spy
z_VIX,113,XLI,1,target_5d_forward_return_excess_spy
z_rate_sensitivity_beta,60,XLI,1,target_5d_forward_return_excess_spy
z_return_5d,101,XLK,1,target_5d_forward_return_excess_spy
z_return_5d_rel_spy,19,XLK,1,target_5d_forward_return_excess_spy
z_return_5d_excess_rf,5,XLK,1,target_5d_forward_return_excess_spy
z_return_20d,46,XLK,1,target_5d_forward_return_excess_spy
z_return_20d_rel_spy,7,XLK,1,target_5d_forward_return_excess_spy
z_return_20d_excess_rf,0,XLK,1,target_5d_forward_return_excess_spy
z_return_60d_rel_spy,63,XLK,1,target_5d_forward_return_excess_spy
z_price_to_MA20,79,XLK,1,target_5d_forward_return_excess_spy
z_price_to_MA50,23,XLK,1,target_5d_forward_return_excess_spy
z_MA20_minus_MA50,92,XLK,1,target_5d_forward_return_excess_spy
z_volatility_20d,91,XLK,1,target_5d_forward_return_excess_spy
z_max_drawdown_60d,24,XLK,1,target_5d_forward_return_excess_spy
z_ATR_14,76,XLK,1,target_5d_forward_return_excess_spy
z_volume_change,49,XLK,1,target_5d_forward_return_excess_spy
z_relative_volume,54,XLK,1,target_5d_forward_return_excess_spy
z_RSI_14,108,XLK,1,target_5d_forward_return_excess_spy
z_market_beta_60d,46,XLK,1,target_5d_forward_return_excess_spy
z_idio_vol_60d,37,XLK,1,target_5d_forward_return_excess_spy
z_Federal_Funds_Rate,45,XLK,1,target_5d_forward_return_excess_spy
z_Treasury_10Y,90,XLK,1,target_5d_forward_return_excess_spy
z_Yield_Spread_10Y2Y,118,XLK,1,target_5d_forward_return_excess_spy
z_Breakeven_Inflation_10Y,63,XLK,1,target_5d_forward_return_excess_spy
z_CPI,114,XLK,1,target_5d_forward_return_excess_spy
z_Unemployment_Rate,89,XLK,1,target_5d_forward_return_excess_spy
z_Financial_Conditions_Index,158,XLK,1,target_5d_forward_return_excess_spy
z_VIX,65,XLK,1,target_5d_forward_return_excess_spy
z_rate_sensitivity_beta,57,XLK,1,target_5d_forward_return_excess_spy
z_return_5d,65,XLP,1,target_5d_forward_return_excess_spy
z_return_5d_rel_spy,11,XLP,1,target_5d_forward_return_excess_spy
z_return_5d_excess_rf,3,XLP,1,target_5d_forward_return_excess_spy
z_return_20d,76,XLP,1,target_5d_forward_return_excess_spy
z_return_20d_rel_spy,16,XLP,1,target_5d_forward_return_excess_spy
z_return_20d_excess_rf,1,XLP,1,target_5d_forward_return_excess_spy
z_return_60d_rel_spy,46,XLP,1,target_5d_forward_return_excess_spy
z_price_to_MA20,101,XLP,1,target_5d_forward_return_excess_spy
z_price_to_MA50,64,XLP,1,target_5d_forward_return_excess_spy
z_MA20_minus_MA50,30,XLP,1,target_5d_forward_return_excess_spy
z_volatility_20d,107,XLP,1,target_5d_forward_return_excess_spy
z_max_drawdown_60d,27,XLP,1,target_5d_forward_return_excess_spy
z_ATR_14,72,XLP,1,target_5d_forward_return_excess_spy
z_volume_change,54,XLP,1,target_5d_forward_return_excess_spy
z_relative_volume,31,XLP,1,target_5d_forward_return_excess_spy
z_RSI_14,52,XLP,1,target_5d_forward_return_excess_spy
z_market_beta_60d,83,XLP,1,target_5d_forward_return_excess_spy
z_idio_vol_60d,78,XLP,1,target_5d_forward_return_excess_spy
z_Federal_Funds_Rate,60,XLP,1,target_5d_forward_return_excess_spy
z_Treasury_10Y,78,XLP,1,target_5d_forward_return_excess_spy
z_Yield_Spread_10Y2Y,90,XLP,1,target_5d_forward_return_excess_spy
z_Breakeven_Inflation_10Y,148,XLP,1,target_5d_forward_return_excess_spy
z_CPI,92,XLP,1,target_5d_forward_return_excess_spy
z_Unemployment_Rate,117,XLP,1,target_5d_forward_return_excess_spy
z_Financial_Conditions_Index,76,XLP,1,target_5d_forward_return_excess_spy
z_VIX,72,XLP,1,target_5d_forward_return_excess_spy
z_rate_sensitivity_beta,88,XLP,1,target_5d_forward_return_excess_spy
z_return_5d,86,XLRE,1,target_5d_forward_return_excess_spy
z_return_5d_rel_spy,12,XLRE,1,target_5d_forward_return_excess_spy
z_return_5d_excess_rf,3,XLRE,1,target_5d_forward_return_excess_spy
z_return_20d,100,XLRE,1,target_5d_forward_return_excess_spy
z_return_20d_rel_spy,19,XLRE,1,target_5d_forward_return_excess_spy
z_return_20d_excess_rf,2,XLRE,1,target_5d_forward_return_excess_spy
z_return_60d_rel_spy,71,XLRE,1,target_5d_forward_return_excess_spy
z_price_to_MA20,62,XLRE,1,target_5d_forward_return_excess_spy
z_price_to_MA50,77,XLRE,1,target_5d_forward_return_excess_spy
z_MA20_minus_MA50,77,XLRE,1,target_5d_forward_return_excess_spy
z_volatility_20d,72,XLRE,1,target_5d_forward_return_excess_spy
z_max_drawdown_60d,45,XLRE,1,target_5d_forward_return_excess_spy
z_ATR_14,30,XLRE,1,target_5d_forward_return_excess_spy
z_volume_change,36,XLRE,1,target_5d_forward_return_excess_spy
z_relative_volume,44,XLRE,1,target_5d_forward_return_excess_spy
z_RSI_14,114,XLRE,1,target_5d_forward_return_excess_spy
z_market_beta_60d,39,XLRE,1,target_5d_forward_return_excess_spy
z_idio_vol_60d,91,XLRE,1,target_5d_forward_return_excess_spy
z_Federal_Funds_Rate,117,XLRE,1,target_5d_forward_return_excess_spy
z_Treasury_10Y,60,XLRE,1,target_5d_forward_return_excess_spy
z_Yield_Spread_10Y2Y,82,XLRE,1,target_5d_forward_return_excess_spy
z_Breakeven_Inflation_10Y,62,XLRE,1,target_5d_forward_return_excess_spy
z_CPI,65,XLRE,1,target_5d_forward_return_excess_spy
z_Unemployment_Rate,72,XLRE,1,target_5d_forward_return_excess_spy
z_Financial_Conditions_Index,156,XLRE,1,target_5d_forward_return_excess_spy
z_VIX,91,XLRE,1,target_5d_forward_return_excess_spy
z_rate_sensitivity_beta,81,XLRE,1,target_5d_forward_return_excess_spy
z_return_5d,62,XLU,1,target_5d_forward_return_excess_spy
z_return_5d_rel_spy,15,XLU,1,target_5d_forward_return_excess_spy
z_return_5d_excess_rf,3,XLU,1,target_5d_forward_return_excess_spy
z_return_20d,43,XLU,1,target_5d_forward_return_excess_spy
z_return_20d_rel_spy,10,XLU,1,target_5d_forward_return_excess_spy
z_return_20d_excess_rf,1,XLU,1,target_5d_forward_return_excess_spy
z_return_60d_rel_spy,82,XLU,1,target_5d_forward_return_excess_spy
z_price_to_MA20,46,XLU,1,target_5d_forward_return_excess_spy
z_price_to_MA50,60,XLU,1,target_5d_forward_return_excess_spy
z_MA20_minus_MA50,110,XLU,1,target_5d_forward_return_excess_spy
z_volatility_20d,84,XLU,1,target_5d_forward_return_excess_spy
z_max_drawdown_60d,28,XLU,1,target_5d_forward_return_excess_spy
z_ATR_14,62,XLU,1,target_5d_forward_return_excess_spy
z_volume_change,73,XLU,1,target_5d_forward_return_excess_spy
z_relative_volume,28,XLU,1,target_5d_forward_return_excess_spy
z_RSI_14,117,XLU,1,target_5d_forward_return_excess_spy
z_market_beta_60d,107,XLU,1,target_5d_forward_return_excess_spy
z_idio_vol_60d,54,XLU,1,target_5d_forward_return_excess_spy
z_Federal_Funds_Rate,111,XLU,1,target_5d_forward_return_excess_spy
z_Treasury_10Y,103,XLU,1,target_5d_forward_return_excess_spy
z_Yield_Spread_10Y2Y,81,XLU,1,target_5d_forward_return_excess_spy
z_Breakeven_Inflation_10Y,63,XLU,1,target_5d_forward_return_excess_spy
z_CPI,91,XLU,1,target_5d_forward_return_excess_spy
z_Unemployment_Rate,114,XLU,1,target_5d_forward_return_excess_spy
z_Financial_Conditions_Index,117,XLU,1,target_5d_forward_return_excess_spy
z_VIX,40,XLU,1,target_5d_forward_return_excess_spy
z_rate_sensitivity_beta,31,XLU,1,target_5d_forward_return_excess_spy
z_return_5d,99,XLV,1,target_5d_forward_return_excess_spy
z_return_5d_rel_spy,14,XLV,1,target_5d_forward_return_excess_spy
z_return_5d_excess_rf,5,XLV,1,target_5d_forward_return_excess_spy
z_return_20d,57,XLV,1,target_5d_forward_return_excess_spy
z_return_20d_rel_spy,13,XLV,1,target_5d_forward_return_excess_spy
z_return_20d_excess_rf,1,XLV,1,target_5d_forward_return_excess_spy
z_return_60d_rel_spy,68,XLV,1,target_5d_forward_return_excess_spy
z_price_to_MA20,106,XLV,1,target_5d_forward_return_excess_spy
z_price_to_MA50,81,XLV,1,target_5d_forward_return_excess_spy
z_MA20_minus_MA50,82,XLV,1,target_5d_forward_return_excess_spy
z_volatility_20d,140,XLV,1,target_5d_forward_return_excess_spy
z_max_drawdown_60d,29,XLV,1,target_5d_forward_return_excess_spy
z_ATR_14,79,XLV,1,target_5d_forward_return_excess_spy
z_volume_change,58,XLV,1,target_5d_forward_return_excess_spy
z_relative_volume,36,XLV,1,target_5d_forward_return_excess_spy
z_RSI_14,93,XLV,1,target_5d_forward_return_excess_spy
z_market_beta_60d,51,XLV,1,target_5d_forward_return_excess_spy
z_idio_vol_60d,54,XLV,1,target_5d_forward_return_excess_spy
z_Federal_Funds_Rate,70,XLV,1,target_5d_forward_return_excess_spy
z_Treasury_10Y,100,XLV,1,target_5d_forward_return_excess_spy
z_Yield_Spread_10Y2Y,86,XLV,1,target_5d_forward_return_excess_spy
z_Breakeven_Inflation_10Y,55,XLV,1,target_5d_forward_return_excess_spy
z_CPI,143,XLV,1,target_5d_forward_return_excess_spy
z_Unemployment_Rate,77,XLV,1,target_5d_forward_return_excess_spy
z_Financial_Conditions_Index,62,XLV,1,target_5d_forward_return_excess_spy
z_VIX,59,XLV,1,target_5d_forward_return_excess_spy
z_rate_sensitivity_beta,37,XLV,1,target_5d_forward_return_excess_spy
z_return_5d,83,XLY,1,target_5d_forward_return_excess_spy
z_return_5d_rel_spy,9,XLY,1,target_5d_forward_return_excess_spy
z_return_5d_excess_rf,3,XLY,1,target_5d_forward_return_excess_spy
z_return_20d,52,XLY,1,target_5d_forward_return_excess_spy
z_return_20d_rel_spy,16,XLY,1,target_5d_forward_return_excess_spy
z_return_20d_excess_rf,2,XLY,1,target_5d_forward_return_excess_spy
z_return_60d_rel_spy,87,XLY,1,target_5d_forward_return_excess_spy
z_price_to_MA20,36,XLY,1,target_5d_forward_return_excess_spy
z_price_to_MA50,68,XLY,1,target_5d_forward_return_excess_spy
z_MA20_minus_MA50,111,XLY,1,target_5d_forward_return_excess_spy
z_volatility_20d,56,XLY,1,target_5d_forward_return_excess_spy
z_max_drawdown_60d,25,XLY,1,target_5d_forward_return_excess_spy
z_ATR_14,94,XLY,1,target_5d_forward_return_excess_spy
z_volume_change,29,XLY,1,target_5d_forward_return_excess_spy
z_relative_volume,59,XLY,1,target_5d_forward_return_excess_spy
z_RSI_14,54,XLY,1,target_5d_forward_return_excess_spy
z_market_beta_60d,81,XLY,1,target_5d_forward_return_excess_spy
z_idio_vol_60d,85,XLY,1,target_5d_forward_return_excess_spy
z_Federal_Funds_Rate,104,XLY,1,target_5d_forward_return_excess_spy
z_Treasury_10Y,134,XLY,1,target_5d_forward_return_excess_spy
z_Yield_Spread_10Y2Y,75,XLY,1,target_5d_forward_return_excess_spy
z_Breakeven_Inflation_10Y,70,XLY,1,target_5d_forward_return_excess_spy
z_CPI,124,XLY,1,target_5d_forward_return_excess_spy
z_Unemployment_Rate,66,XLY,1,target_5d_forward_return_excess_spy
z_Financial_Conditions_Index,75,XLY,1,target_5d_forward_return_excess_spy
z_VIX,79,XLY,1,target_5d_forward_return_excess_spy
z_rate_sensitivity_beta,63,XLY,1,target_5d_forward_return_excess_spy
z_return_5d,150,XLB,2,target_5d_forward_return_excess_spy
z_return_5d_rel_spy,26,XLB,2,target_5d_forward_return_excess_spy
z_return_5d_excess_rf,12,XLB,2,target_5d_forward_return_excess_spy
z_return_20d,134,XLB,2,target_5d_forward_return_excess_spy
z_return_20d_rel_spy,25,XLB,2,target_5d_forward_return_excess_spy
z_return_20d_excess_rf,1,XLB,2,target_5d_forward_return_excess_spy
z_return_60d_rel_spy,128,XLB,2,target_5d_forward_return_excess_spy
z_price_to_MA20,135,XLB,2,target_5d_forward_return_excess_spy
z_price_to_MA50,140,XLB,2,target_5d_forward_return_excess_spy
z_MA20_minus_MA50,282,XLB,2,target_5d_forward_return_excess_spy
z_volatility_20d,133,XLB,2,target_5d_forward_return_excess_spy
z_max_drawdown_60d,75,XLB,2,target_5d_forward_return_excess_spy
z_ATR_14,156,XLB,2,target_5d_forward_return_excess_spy
z_volume_change,103,XLB,2,target_5d_forward_return_excess_spy
z_relative_volume,97,XLB,2,target_5d_forward_return_excess_spy
z_RSI_14,146,XLB,2,target_5d_forward_return_excess_spy
z_market_beta_60d,147,XLB,2,target_5d_forward_return_excess_spy
z_idio_vol_60d,221,XLB,2,target_5d_forward_return_excess_spy
z_Federal_Funds_Rate,192,XLB,2,target_5d_forward_return_excess_spy
z_Treasury_10Y,141,XLB,2,target_5d_forward_return_excess_spy
z_Yield_Spread_10Y2Y,236,XLB,2,target_5d_forward_return_excess_spy
z_Breakeven_Inflation_10Y,220,XLB,2,target_5d_forward_return_excess_spy
z_CPI,183,XLB,2,target_5d_forward_return_excess_spy
z_Unemployment_Rate,180,XLB,2,target_5d_forward_return_excess_spy
z_Financial_Conditions_Index,184,XLB,2,target_5d_forward_return_excess_spy
z_VIX,218,XLB,2,target_5d_forward_return_excess_spy
z_rate_sensitivity_beta,168,XLB,2,target_5d_forward_return_excess_spy
z_return_5d,191,XLC,2,target_5d_forward_return_excess_spy
z_return_5d_rel_spy,43,XLC,2,target_5d_forward_return_excess_spy
z_return_5d_excess_rf,4,XLC,2,target_5d_forward_return_excess_spy
z_return_20d,171,XLC,2,target_5d_forward_return_excess_spy
z_return_20d_rel_spy,33,XLC,2,target_5d_forward_return_excess_spy
z_return_20d_excess_rf,1,XLC,2,target_5d_forward_return_excess_spy
z_return_60d_rel_spy,110,XLC,2,target_5d_forward_return_excess_spy
z_price_to_MA20,149,XLC,2,target_5d_forward_return_excess_spy
z_price_to_MA50,120,XLC,2,target_5d_forward_return_excess_spy
z_MA20_minus_MA50,155,XLC,2,target_5d_forward_return_excess_spy
z_volatility_20d,230,XLC,2,target_5d_forward_return_excess_spy
z_max_drawdown_60d,125,XLC,2,target_5d_forward_return_excess_spy
z_ATR_14,206,XLC,2,target_5d_forward_return_excess_spy
z_volume_change,137,XLC,2,target_5d_forward_return_excess_spy
z_relative_volume,133,XLC,2,target_5d_forward_return_excess_spy
z_RSI_14,144,XLC,2,target_5d_forward_return_excess_spy
z_market_beta_60d,148,XLC,2,target_5d_forward_return_excess_spy
z_idio_vol_60d,90,XLC,2,target_5d_forward_return_excess_spy
z_Federal_Funds_Rate,130,XLC,2,target_5d_forward_return_excess_spy
z_Treasury_10Y,224,XLC,2,target_5d_forward_return_excess_spy
z_Yield_Spread_10Y2Y,173,XLC,2,target_5d_forward_return_excess_spy
z_Breakeven_Inflation_10Y,185,XLC,2,target_5d_forward_return_excess_spy
z_CPI,251,XLC,2,target_5d_forward_return_excess_spy
z_Unemployment_Rate,100,XLC,2,target_5d_forward_return_excess_spy
z_Financial_Conditions_Index,299,XLC,2,target_5d_forward_return_excess_spy
z_VIX,201,XLC,2,target_5d_forward_return_excess_spy
z_rate_sensitivity_beta,79,XLC,2,target_5d_forward_return_excess_spy
z_return_5d,147,XLE,2,target_5d_forward_return_excess_spy
z_return_5d_rel_spy,36,XLE,2,target_5d_forward_return_excess_spy
z_return_5d_excess_rf,9,XLE,2,target_5d_forward_return_excess_spy
z_return_20d,108,XLE,2,target_5d_forward_return_excess_spy
z_return_20d_rel_spy,22,XLE,2,target_5d_forward_return_excess_spy
z_return_20d_excess_rf,3,XLE,2,target_5d_forward_return_excess_spy
z_return_60d_rel_spy,96,XLE,2,target_5d_forward_return_excess_spy
z_price_to_MA20,127,XLE,2,target_5d_forward_return_excess_spy
z_price_to_MA50,169,XLE,2,target_5d_forward_return_excess_spy
z_MA20_minus_MA50,195,XLE,2,target_5d_forward_return_excess_spy
z_volatility_20d,171,XLE,2,target_5d_forward_return_excess_spy
z_max_drawdown_60d,155,XLE,2,target_5d_forward_return_excess_spy
z_ATR_14,310,XLE,2,target_5d_forward_return_excess_spy
z_volume_change,64,XLE,2,target_5d_forward_return_excess_spy
z_relative_volume,78,XLE,2,target_5d_forward_return_excess_spy
z_RSI_14,153,XLE,2,target_5d_forward_return_excess_spy
z_market_beta_60d,176,XLE,2,target_5d_forward_return_excess_spy
z_idio_vol_60d,187,XLE,2,target_5d_forward_return_excess_spy
z_Federal_Funds_Rate,189,XLE,2,target_5d_forward_return_excess_spy
z_Treasury_10Y,146,XLE,2,target_5d_forward_return_excess_spy
z_Yield_Spread_10Y2Y,237,XLE,2,target_5d_forward_return_excess_spy
z_Breakeven_Inflation_10Y,164,XLE,2,target_5d_forward_return_excess_spy
z_CPI,163,XLE,2,target_5d_forward_return_excess_spy
z_Unemployment_Rate,196,XLE,2,target_5d_forward_return_excess_spy
z_Financial_Conditions_Index,186,XLE,2,target_5d_forward_return_excess_spy
z_VIX,192,XLE,2,target_5d_forward_return_excess_spy
z_rate_sensitivity_beta,190,XLE,2,target_5d_forward_return_excess_spy
z_return_5d,125,XLF,2,target_5d_forward_return_excess_spy
z_return_5d_rel_spy,21,XLF,2,target_5d_forward_return_excess_spy
z_return_5d_excess_rf,6,XLF,2,target_5d_forward_return_excess_spy
z_return_20d,79,XLF,2,target_5d_forward_return_excess_spy
z_return_20d_rel_spy,28,XLF,2,target_5d_forward_return_excess_spy
z_return_20d_excess_rf,0,XLF,2,target_5d_forward_return_excess_spy
z_return_60d_rel_spy,93,XLF,2,target_5d_forward_return_excess_spy
z_price_to_MA20,140,XLF,2,target_5d_forward_return_excess_spy
z_price_to_MA50,142,XLF,2,target_5d_forward_return_excess_spy
z_MA20_minus_MA50,210,XLF,2,target_5d_forward_return_excess_spy
z_volatility_20d,149,XLF,2,target_5d_forward_return_excess_spy
z_max_drawdown_60d,89,XLF,2,target_5d_forward_return_excess_spy
z_ATR_14,253,XLF,2,target_5d_forward_return_excess_spy
z_volume_change,107,XLF,2,target_5d_forward_return_excess_spy
z_relative_volume,130,XLF,2,target_5d_forward_return_excess_spy
z_RSI_14,109,XLF,2,target_5d_forward_return_excess_spy
z_market_beta_60d,184,XLF,2,target_5d_forward_return_excess_spy
z_idio_vol_60d,148,XLF,2,target_5d_forward_return_excess_spy
z_Federal_Funds_Rate,142,XLF,2,target_5d_forward_return_excess_spy
z_Treasury_10Y,151,XLF,2,target_5d_forward_return_excess_spy
z_Yield_Spread_10Y2Y,284,XLF,2,target_5d_forward_return_excess_spy
z_Breakeven_Inflation_10Y,212,XLF,2,target_5d_forward_return_excess_spy
z_CPI,171,XLF,2,target_5d_forward_return_excess_spy
z_Unemployment_Rate,224,XLF,2,target_5d_forward_return_excess_spy
z_Financial_Conditions_Index,267,XLF,2,target_5d_forward_return_excess_spy
z_VIX,156,XLF,2,target_5d_forward_return_excess_spy
z_rate_sensitivity_beta,213,XLF,2,target_5d_forward_return_excess_spy
z_return_5d,111,XLI,2,target_5d_forward_return_excess_spy
z_return_5d_rel_spy,24,XLI,2,target_5d_forward_return_excess_spy
z_return_5d_excess_rf,4,XLI,2,target_5d_forward_return_excess_spy
z_return_20d,83,XLI,2,target_5d_forward_return_excess_spy
z_return_20d_rel_spy,17,XLI,2,target_5d_forward_return_excess_spy
z_return_20d_excess_rf,0,XLI,2,target_5d_forward_return_excess_spy
z_return_60d_rel_spy,147,XLI,2,target_5d_forward_return_excess_spy
z_price_to_MA20,127,XLI,2,target_5d_forward_return_excess_spy
z_price_to_MA50,144,XLI,2,target_5d_forward_return_excess_spy
z_MA20_minus_MA50,219,XLI,2,target_5d_forward_return_excess_spy
z_volatility_20d,173,XLI,2,target_5d_forward_return_excess_spy
z_max_drawdown_60d,74,XLI,2,target_5d_forward_return_excess_spy
z_ATR_14,285,XLI,2,target_5d_forward_return_excess_spy
z_volume_change,77,XLI,2,target_5d_forward_return_excess_spy
z_relative_volume,98,XLI,2,target_5d_forward_return_excess_spy
z_RSI_14,205,XLI,2,target_5d_forward_return_excess_spy
z_market_beta_60d,156,XLI,2,target_5d_forward_return_excess_spy
z_idio_vol_60d,117,XLI,2,target_5d_forward_return_excess_spy
z_Federal_Funds_Rate,214,XLI,2,target_5d_forward_return_excess_spy
z_Treasury_10Y,139,XLI,2,target_5d_forward_return_excess_spy
z_Yield_Spread_10Y2Y,200,XLI,2,target_5d_forward_return_excess_spy
z_Breakeven_Inflation_10Y,152,XLI,2,target_5d_forward_return_excess_spy
z_CPI,213,XLI,2,target_5d_forward_return_excess_spy
z_Unemployment_Rate,238,XLI,2,target_5d_forward_return_excess_spy
z_Financial_Conditions_Index,236,XLI,2,target_5d_forward_return_excess_spy
z_VIX,175,XLI,2,target_5d_forward_return_excess_spy
z_rate_sensitivity_beta,214,XLI,2,target_5d_forward_return_excess_spy
z_return_5d,128,XLK,2,target_5d_forward_return_excess_spy
z_return_5d_rel_spy,22,XLK,2,target_5d_forward_return_excess_spy
z_return_5d_excess_rf,8,XLK,2,target_5d_forward_return_excess_spy
z_return_20d,169,XLK,2,target_5d_forward_return_excess_spy
z_return_20d_rel_spy,48,XLK,2,target_5d_forward_return_excess_spy
z_return_20d_excess_rf,4,XLK,2,target_5d_forward_return_excess_spy
z_return_60d_rel_spy,150,XLK,2,target_5d_forward_return_excess_spy
z_price_to_MA20,204,XLK,2,target_5d_forward_return_excess_spy
z_price_to_MA50,102,XLK,2,target_5d_forward_return_excess_spy
z_MA20_minus_MA50,198,XLK,2,target_5d_forward_return_excess_spy
z_volatility_20d,167,XLK,2,target_5d_forward_return_excess_spy
z_max_drawdown_60d,87,XLK,2,target_5d_forward_return_excess_spy
z_ATR_14,191,XLK,2,target_5d_forward_return_excess_spy
z_volume_change,84,XLK,2,target_5d_forward_return_excess_spy
z_relative_volume,154,XLK,2,target_5d_forward_return_excess_spy
z_RSI_14,180,XLK,2,target_5d_forward_return_excess_spy
z_market_beta_60d,113,XLK,2,target_5d_forward_return_excess_spy
z_idio_vol_60d,129,XLK,2,target_5d_forward_return_excess_spy
z_Federal_Funds_Rate,157,XLK,2,target_5d_forward_return_excess_spy
z_Treasury_10Y,196,XLK,2,target_5d_forward_return_excess_spy
z_Yield_Spread_10Y2Y,163,XLK,2,target_5d_forward_return_excess_spy
z_Breakeven_Inflation_10Y,172,XLK,2,target_5d_forward_return_excess_spy
z_CPI,182,XLK,2,target_5d_forward_return_excess_spy
z_Unemployment_Rate,175,XLK,2,target_5d_forward_return_excess_spy
z_Financial_Conditions_Index,249,XLK,2,target_5d_forward_return_excess_spy
z_VIX,182,XLK,2,target_5d_forward_return_excess_spy
z_rate_sensitivity_beta,178,XLK,2,target_5d_forward_return_excess_spy
z_return_5d,193,XLP,2,target_5d_forward_return_excess_spy
z_return_5d_rel_spy,33,XLP,2,target_5d_forward_return_excess_spy
z_return_5d_excess_rf,8,XLP,2,target_5d_forward_return_excess_spy
z_return_20d,147,XLP,2,target_5d_forward_return_excess_spy
z_return_20d_rel_spy,27,XLP,2,target_5d_forward_return_excess_spy
z_return_20d_excess_rf,3,XLP,2,target_5d_forward_return_excess_spy
z_return_60d_rel_spy,141,XLP,2,target_5d_forward_return_excess_spy
z_price_to_MA20,190,XLP,2,target_5d_forward_return_excess_spy
z_price_to_MA50,121,XLP,2,target_5d_forward_return_excess_spy
z_MA20_minus_MA50,134,XLP,2,target_5d_forward_return_excess_spy
z_volatility_20d,153,XLP,2,target_5d_forward_return_excess_spy
z_max_drawdown_60d,101,XLP,2,target_5d_forward_return_excess_spy
z_ATR_14,153,XLP,2,target_5d_forward_return_excess_spy
z_volume_change,99,XLP,2,target_5d_forward_return_excess_spy
z_relative_volume,102,XLP,2,target_5d_forward_return_excess_spy
z_RSI_14,156,XLP,2,target_5d_forward_return_excess_spy
z_market_beta_60d,153,XLP,2,target_5d_forward_return_excess_spy
z_idio_vol_60d,163,XLP,2,target_5d_forward_return_excess_spy
z_Federal_Funds_Rate,117,XLP,2,target_5d_forward_return_excess_spy
z_Treasury_10Y,134,XLP,2,target_5d_forward_return_excess_spy
z_Yield_Spread_10Y2Y,157,XLP,2,target_5d_forward_return_excess_spy
z_Breakeven_Inflation_10Y,226,XLP,2,target_5d_forward_return_excess_spy
z_CPI,166,XLP,2,target_5d_forward_return_excess_spy
z_Unemployment_Rate,137,XLP,2,target_5d_forward_return_excess_spy
z_Financial_Conditions_Index,230,XLP,2,target_5d_forward_return_excess_spy
z_VIX,293,XLP,2,target_5d_forward_return_excess_spy
z_rate_sensitivity_beta,308,XLP,2,target_5d_forward_return_excess_spy
z_return_5d,156,XLRE,2,target_5d_forward_return_excess_spy
z_return_5d_rel_spy,31,XLRE,2,target_5d_forward_return_excess_spy
z_return_5d_excess_rf,8,XLRE,2,target_5d_forward_return_excess_spy
z_return_20d,112,XLRE,2,target_5d_forward_return_excess_spy
z_return_20d_rel_spy,28,XLRE,2,target_5d_forward_return_excess_spy
z_return_20d_excess_rf,1,XLRE,2,target_5d_forward_return_excess_spy
z_return_60d_rel_spy,148,XLRE,2,target_5d_forward_return_excess_spy
z_price_to_MA20,109,XLRE,2,target_5d_forward_return_excess_spy
z_price_to_MA50,176,XLRE,2,target_5d_forward_return_excess_spy
z_MA20_minus_MA50,231,XLRE,2,target_5d_forward_return_excess_spy
z_volatility_20d,169,XLRE,2,target_5d_forward_return_excess_spy
z_max_drawdown_60d,73,XLRE,2,target_5d_forward_return_excess_spy
z_ATR_14,179,XLRE,2,target_5d_forward_return_excess_spy
z_volume_change,101,XLRE,2,target_5d_forward_return_excess_spy
z_relative_volume,148,XLRE,2,target_5d_forward_return_excess_spy
z_RSI_14,175,XLRE,2,target_5d_forward_return_excess_spy
z_market_beta_60d,164,XLRE,2,target_5d_forward_return_excess_spy
z_idio_vol_60d,128,XLRE,2,target_5d_forward_return_excess_spy
z_Federal_Funds_Rate,148,XLRE,2,target_5d_forward_return_excess_spy
z_Treasury_10Y,142,XLRE,2,target_5d_forward_return_excess_spy
z_Yield_Spread_10Y2Y,165,XLRE,2,target_5d_forward_return_excess_spy
z_Breakeven_Inflation_10Y,180,XLRE,2,target_5d_forward_return_excess_spy
z_CPI,187,XLRE,2,target_5d_forward_return_excess_spy
z_Unemployment_Rate,148,XLRE,2,target_5d_forward_return_excess_spy
z_Financial_Conditions_Index,318,XLRE,2,target_5d_forward_return_excess_spy
z_VIX,225,XLRE,2,target_5d_forward_return_excess_spy
z_rate_sensitivity_beta,181,XLRE,2,target_5d_forward_return_excess_spy
z_return_5d,184,XLU,2,target_5d_forward_return_excess_spy
z_return_5d_rel_spy,33,XLU,2,target_5d_forward_return_excess_spy
z_return_5d_excess_rf,9,XLU,2,target_5d_forward_return_excess_spy
z_return_20d,164,XLU,2,target_5d_forward_return_excess_spy
z_return_20d_rel_spy,42,XLU,2,target_5d_forward_return_excess_spy
z_return_20d_excess_rf,2,XLU,2,target_5d_forward_return_excess_spy
z_return_60d_rel_spy,148,XLU,2,target_5d_forward_return_excess_spy
z_price_to_MA20,146,XLU,2,target_5d_forward_return_excess_spy
z_price_to_MA50,136,XLU,2,target_5d_forward_return_excess_spy
z_MA20_minus_MA50,270,XLU,2,target_5d_forward_return_excess_spy
z_volatility_20d,178,XLU,2,target_5d_forward_return_excess_spy
z_max_drawdown_60d,90,XLU,2,target_5d_forward_return_excess_spy
z_ATR_14,214,XLU,2,target_5d_forward_return_excess_spy
z_volume_change,124,XLU,2,target_5d_forward_return_excess_spy
z_relative_volume,133,XLU,2,target_5d_forward_return_excess_spy
z_RSI_14,117,XLU,2,target_5d_forward_return_excess_spy
z_market_beta_60d,160,XLU,2,target_5d_forward_return_excess_spy
z_idio_vol_60d,159,XLU,2,target_5d_forward_return_excess_spy
z_Federal_Funds_Rate,103,XLU,2,target_5d_forward_return_excess_spy
z_Treasury_10Y,152,XLU,2,target_5d_forward_return_excess_spy
z_Yield_Spread_10Y2Y,133,XLU,2,target_5d_forward_return_excess_spy
z_Breakeven_Inflation_10Y,171,XLU,2,target_5d_forward_return_excess_spy
z_CPI,161,XLU,2,target_5d_forward_return_excess_spy
z_Unemployment_Rate,129,XLU,2,target_5d_forward_return_excess_spy
z_Financial_Conditions_Index,268,XLU,2,target_5d_forward_return_excess_spy
z_VIX,215,XLU,2,target_5d_forward_return_excess_spy
z_rate_sensitivity_beta,178,XLU,2,target_5d_forward_return_excess_spy
z_return_5d,163,XLV,2,target_5d_forward_return_excess_spy
z_return_5d_rel_spy,35,XLV,2,target_5d_forward_return_excess_spy
z_return_5d_excess_rf,5,XLV,2,target_5d_forward_return_excess_spy
z_return_20d,160,XLV,2,target_5d_forward_return_excess_spy
z_return_20d_rel_spy,36,XLV,2,target_5d_forward_return_excess_spy
z_return_20d_excess_rf,2,XLV,2,target_5d_forward_return_excess_spy
z_return_60d_rel_spy,177,XLV,2,target_5d_forward_return_excess_spy
z_price_to_MA20,181,XLV,2,target_5d_forward_return_excess_spy
z_price_to_MA50,135,XLV,2,target_5d_forward_return_excess_spy
z_MA20_minus_MA50,257,XLV,2,target_5d_forward_return_excess_spy
z_volatility_20d,144,XLV,2,target_5d_forward_return_excess_spy
z_max_drawdown_60d,99,XLV,2,target_5d_forward_return_excess_spy
z_ATR_14,147,XLV,2,target_5d_forward_return_excess_spy
z_volume_change,66,XLV,2,target_5d_forward_return_excess_spy
z_relative_volume,85,XLV,2,target_5d_forward_return_excess_spy
z_RSI_14,204,XLV,2,target_5d_forward_return_excess_spy
z_market_beta_60d,148,XLV,2,target_5d_forward_return_excess_spy
z_idio_vol_60d,152,XLV,2,target_5d_forward_return_excess_spy
z_Federal_Funds_Rate,130,XLV,2,target_5d_forward_return_excess_spy
z_Treasury_10Y,155,XLV,2,target_5d_forward_return_excess_spy
z_Yield_Spread_10Y2Y,191,XLV,2,target_5d_forward_return_excess_spy
z_Breakeven_Inflation_10Y,153,XLV,2,target_5d_forward_return_excess_spy
z_CPI,205,XLV,2,target_5d_forward_return_excess_spy
z_Unemployment_Rate,104,XLV,2,target_5d_forward_return_excess_spy
z_Financial_Conditions_Index,286,XLV,2,target_5d_forward_return_excess_spy
z_VIX,205,XLV,2,target_5d_forward_return_excess_spy
z_rate_sensitivity_beta,237,XLV,2,target_5d_forward_return_excess_spy
z_return_5d,174,XLY,2,target_5d_forward_return_excess_spy
z_return_5d_rel_spy,26,XLY,2,target_5d_forward_return_excess_spy
z_return_5d_excess_rf,8,XLY,2,target_5d_forward_return_excess_spy
z_return_20d,118,XLY,2,target_5d_forward_return_excess_spy
z_return_20d_rel_spy,29,XLY,2,target_5d_forward_return_excess_spy
z_return_20d_excess_rf,2,XLY,2,target_5d_forward_return_excess_spy
z_return_60d_rel_spy,162,XLY,2,target_5d_forward_return_excess_spy
z_price_to_MA20,130,XLY,2,target_5d_forward_return_excess_spy
z_price_to_MA50,88,XLY,2,target_5d_forward_return_excess_spy
z_MA20_minus_MA50,188,XLY,2,target_5d_forward_return_excess_spy
z_volatility_20d,144,XLY,2,target_5d_forward_return_excess_spy
z_max_drawdown_60d,95,XLY,2,target_5d_forward_return_excess_spy
z_ATR_14,137,XLY,2,target_5d_forward_return_excess_spy
z_volume_change,84,XLY,2,target_5d_forward_return_excess_spy
z_relative_volume,130,XLY,2,target_5d_forward_return_excess_spy
z_RSI_14,157,XLY,2,target_5d_forward_return_excess_spy
z_market_beta_60d,183,XLY,2,target_5d_forward_return_excess_spy
z_idio_vol_60d,171,XLY,2,target_5d_forward_return_excess_spy
z_Federal_Funds_Rate,145,XLY,2,target_5d_forward_return_excess_spy
z_Treasury_10Y,282,XLY,2,target_5d_forward_return_excess_spy
z_Yield_Spread_10Y2Y,154,XLY,2,target_5d_forward_return_excess_spy
z_Breakeven_Inflation_10Y,234,XLY,2,target_5d_forward_return_excess_spy
z_CPI,235,XLY,2,target_5d_forward_return_excess_spy
z_Unemployment_Rate,120,XLY,2,target_5d_forward_return_excess_spy
z_Financial_Conditions_Index,243,XLY,2,target_5d_forward_return_excess_spy
z_VIX,287,XLY,2,target_5d_forward_return_excess_spy
z_rate_sensitivity_beta,140,XLY,2,target_5d_forward_return_excess_spy
z_return_5d,158,XLB,3,target_5d_forward_return_excess_spy
z_return_5d_rel_spy,29,XLB,3,target_5d_forward_return_excess_spy
z_return_5d_excess_rf,10,XLB,3,target_5d_forward_return_excess_spy
z_return_20d,143,XLB,3,target_5d_forward_return_excess_spy
z_return_20d_rel_spy,40,XLB,3,target_5d_forward_return_excess_spy
z_return_20d_excess_rf,1,XLB,3,target_5d_forward_return_excess_spy
z_return_60d_rel_spy,154,XLB,3,target_5d_forward_return_excess_spy
z_price_to_MA20,171,XLB,3,target_5d_forward_return_excess_spy
z_price_to_MA50,129,XLB,3,target_5d_forward_return_excess_spy
z_MA20_minus_MA50,316,XLB,3,target_5d_forward_return_excess_spy
z_volatility_20d,170,XLB,3,target_5d_forward_return_excess_spy
z_max_drawdown_60d,176,XLB,3,target_5d_forward_return_excess_spy
z_ATR_14,215,XLB,3,target_5d_forward_return_excess_spy
z_volume_change,90,XLB,3,target_5d_forward_return_excess_spy
z_relative_volume,84,XLB,3,target_5d_forward_return_excess_spy
z_RSI_14,130,XLB,3,target_5d_forward_return_excess_spy
z_market_beta_60d,158,XLB,3,target_5d_forward_return_excess_spy
z_idio_vol_60d,238,XLB,3,target_5d_forward_return_excess_spy
z_Federal_Funds_Rate,217,XLB,3,target_5d_forward_return_excess_spy
z_Treasury_10Y,206,XLB,3,target_5d_forward_return_excess_spy
z_Yield_Spread_10Y2Y,185,XLB,3,target_5d_forward_return_excess_spy
z_Breakeven_Inflation_10Y,211,XLB,3,target_5d_forward_return_excess_spy
z_CPI,198,XLB,3,target_5d_forward_return_excess_spy
z_Unemployment_Rate,190,XLB,3,target_5d_forward_return_excess_spy
z_Financial_Conditions_Index,193,XLB,3,target_5d_forward_return_excess_spy
z_VIX,171,XLB,3,target_5d_forward_return_excess_spy
z_rate_sensitivity_beta,217,XLB,3,target_5d_forward_return_excess_spy
z_return_5d,184,XLC,3,target_5d_forward_return_excess_spy
z_return_5d_rel_spy,39,XLC,3,target_5d_forward_return_excess_spy
z_return_5d_excess_rf,10,XLC,3,target_5d_forward_return_excess_spy
z_return_20d,152,XLC,3,target_5d_forward_return_excess_spy
z_return_20d_rel_spy,35,XLC,3,target_5d_forward_return_excess_spy
z_return_20d_excess_rf,3,XLC,3,target_5d_forward_return_excess_spy
z_return_60d_rel_spy,166,XLC,3,target_5d_forward_return_excess_spy
z_price_to_MA20,121,XLC,3,target_5d_forward_return_excess_spy
z_price_to_MA50,170,XLC,3,target_5d_forward_return_excess_spy
z_MA20_minus_MA50,181,XLC,3,target_5d_forward_return_excess_spy
z_volatility_20d,196,XLC,3,target_5d_forward_return_excess_spy
z_max_drawdown_60d,134,XLC,3,target_5d_forward_return_excess_spy
z_ATR_14,201,XLC,3,target_5d_forward_return_excess_spy
z_volume_change,137,XLC,3,target_5d_forward_return_excess_spy
z_relative_volume,150,XLC,3,target_5d_forward_return_excess_spy
z_RSI_14,140,XLC,3,target_5d_forward_return_excess_spy
z_market_beta_60d,199,XLC,3,target_5d_forward_return_excess_spy
z_idio_vol_60d,201,XLC,3,target_5d_forward_return_excess_spy
z_Federal_Funds_Rate,137,XLC,3,target_5d_forward_return_excess_spy
z_Treasury_10Y,253,XLC,3,target_5d_forward_return_excess_spy
z_Yield_Spread_10Y2Y,180,XLC,3,target_5d_forward_return_excess_spy
z_Breakeven_Inflation_10Y,192,XLC,3,target_5d_forward_return_excess_spy
z_CPI,234,XLC,3,target_5d_forward_return_excess_spy
z_Unemployment_Rate,141,XLC,3,target_5d_forward_return_excess_spy
z_Financial_Conditions_Index,308,XLC,3,target_5d_forward_return_excess_spy
z_VIX,229,XLC,3,target_5d_forward_return_excess_spy
z_rate_sensitivity_beta,107,XLC,3,target_5d_forward_return_excess_spy
z_return_5d,168,XLE,3,target_5d_forward_return_excess_spy
z_return_5d_rel_spy,28,XLE,3,target_5d_forward_return_excess_spy
z_return_5d_excess_rf,9,XLE,3,target_5d_forward_return_excess_spy
z_return_20d,120,XLE,3,target_5d_forward_return_excess_spy
z_return_20d_rel_spy,36,XLE,3,target_5d_forward_return_excess_spy
z_return_20d_excess_rf,3,XLE,3,target_5d_forward_return_excess_spy
z_return_60d_rel_spy,190,XLE,3,target_5d_forward_return_excess_spy
z_price_to_MA20,162,XLE,3,target_5d_forward_return_excess_spy
z_price_to_MA50,181,XLE,3,target_5d_forward_return_excess_spy
z_MA20_minus_MA50,194,XLE,3,target_5d_forward_return_excess_spy
z_volatility_20d,152,XLE,3,target_5d_forward_return_excess_spy
z_max_drawdown_60d,213,XLE,3,target_5d_forward_return_excess_spy
z_ATR_14,260,XLE,3,target_5d_forward_return_excess_spy
z_volume_change,51,XLE,3,target_5d_forward_return_excess_spy
z_relative_volume,105,XLE,3,target_5d_forward_return_excess_spy
z_RSI_14,165,XLE,3,target_5d_forward_return_excess_spy
z_market_beta_60d,271,XLE,3,target_5d_forward_return_excess_spy
z_idio_vol_60d,156,XLE,3,target_5d_forward_return_excess_spy
z_Federal_Funds_Rate,186,XLE,3,target_5d_forward_return_excess_spy
z_Treasury_10Y,149,XLE,3,target_5d_forward_return_excess_spy
z_Yield_Spread_10Y2Y,160,XLE,3,target_5d_forward_return_excess_spy
z_Breakeven_Inflation_10Y,220,XLE,3,target_5d_forward_return_excess_spy
z_CPI,183,XLE,3,target_5d_forward_return_excess_spy
z_Unemployment_Rate,148,XLE,3,target_5d_forward_return_excess_spy
z_Financial_Conditions_Index,266,XLE,3,target_5d_forward_return_excess_spy
z_VIX,210,XLE,3,target_5d_forward_return_excess_spy
z_rate_sensitivity_beta,214,XLE,3,target_5d_forward_return_excess_spy
z_return_5d,134,XLF,3,target_5d_forward_return_excess_spy
z_return_5d_rel_spy,18,XLF,3,target_5d_forward_return_excess_spy
z_return_5d_excess_rf,4,XLF,3,target_5d_forward_return_excess_spy
z_return_20d,105,XLF,3,target_5d_forward_return_excess_spy
z_return_20d_rel_spy,19,XLF,3,target_5d_forward_return_excess_spy
z_return_20d_excess_rf,1,XLF,3,target_5d_forward_return_excess_spy
z_return_60d_rel_spy,169,XLF,3,target_5d_forward_return_excess_spy
z_price_to_MA20,164,XLF,3,target_5d_forward_return_excess_spy
z_price_to_MA50,172,XLF,3,target_5d_forward_return_excess_spy
z_MA20_minus_MA50,256,XLF,3,target_5d_forward_return_excess_spy
z_volatility_20d,173,XLF,3,target_5d_forward_return_excess_spy
z_max_drawdown_60d,142,XLF,3,target_5d_forward_return_excess_spy
z_ATR_14,239,XLF,3,target_5d_forward_return_excess_spy
z_volume_change,75,XLF,3,target_5d_forward_return_excess_spy
z_relative_volume,184,XLF,3,target_5d_forward_return_excess_spy
z_RSI_14,102,XLF,3,target_5d_forward_return_excess_spy
z_market_beta_60d,221,XLF,3,target_5d_forward_return_excess_spy
z_idio_vol_60d,176,XLF,3,target_5d_forward_return_excess_spy
z_Federal_Funds_Rate,166,XLF,3,target_5d_forward_return_excess_spy
z_Treasury_10Y,124,XLF,3,target_5d_forward_return_excess_spy
z_Yield_Spread_10Y2Y,219,XLF,3,target_5d_forward_return_excess_spy
z_Breakeven_Inflation_10Y,247,XLF,3,target_5d_forward_return_excess_spy
z_CPI,179,XLF,3,target_5d_forward_return_excess_spy
z_Unemployment_Rate,219,XLF,3,target_5d_forward_return_excess_spy
z_Financial_Conditions_Index,300,XLF,3,target_5d_forward_return_excess_spy
z_VIX,183,XLF,3,target_5d_forward_return_excess_spy
z_rate_sensitivity_beta,209,XLF,3,target_5d_forward_return_excess_spy
z_return_5d,109,XLI,3,target_5d_forward_return_excess_spy
z_return_5d_rel_spy,20,XLI,3,target_5d_forward_return_excess_spy
z_return_5d_excess_rf,8,XLI,3,target_5d_forward_return_excess_spy
z_return_20d,100,XLI,3,target_5d_forward_return_excess_spy
z_return_20d_rel_spy,28,XLI,3,target_5d_forward_return_excess_spy
z_return_20d_excess_rf,2,XLI,3,target_5d_forward_return_excess_spy
z_return_60d_rel_spy,139,XLI,3,target_5d_forward_return_excess_spy
z_price_to_MA20,159,XLI,3,target_5d_forward_return_excess_spy
z_price_to_MA50,184,XLI,3,target_5d_forward_return_excess_spy
z_MA20_minus_MA50,240,XLI,3,target_5d_forward_return_excess_spy
z_volatility_20d,143,XLI,3,target_5d_forward_return_excess_spy
z_max_drawdown_60d,141,XLI,3,target_5d_forward_return_excess_spy
z_ATR_14,296,XLI,3,target_5d_forward_return_excess_spy
z_volume_change,62,XLI,3,target_5d_forward_return_excess_spy
z_relative_volume,82,XLI,3,target_5d_forward_return_excess_spy
z_RSI_14,220,XLI,3,target_5d_forward_return_excess_spy
z_market_beta_60d,174,XLI,3,target_5d_forward_return_excess_spy
z_idio_vol_60d,145,XLI,3,target_5d_forward_return_excess_spy
z_Federal_Funds_Rate,241,XLI,3,target_5d_forward_return_excess_spy
z_Treasury_10Y,164,XLI,3,target_5d_forward_return_excess_spy
z_Yield_Spread_10Y2Y,221,XLI,3,target_5d_forward_return_excess_spy
z_Breakeven_Inflation_10Y,161,XLI,3,target_5d_forward_return_excess_spy
z_CPI,230,XLI,3,target_5d_forward_return_excess_spy
z_Unemployment_Rate,240,XLI,3,target_5d_forward_return_excess_spy
z_Financial_Conditions_Index,298,XLI,3,target_5d_forward_return_excess_spy
z_VIX,195,XLI,3,target_5d_forward_return_excess_spy
z_rate_sensitivity_beta,198,XLI,3,target_5d_forward_return_excess_spy
z_return_5d,139,XLK,3,target_5d_forward_return_excess_spy
z_return_5d_rel_spy,26,XLK,3,target_5d_forward_return_excess_spy
z_return_5d_excess_rf,5,XLK,3,target_5d_forward_return_excess_spy
z_return_20d,181,XLK,3,target_5d_forward_return_excess_spy
z_return_20d_rel_spy,47,XLK,3,target_5d_forward_return_excess_spy
z_return_20d_excess_rf,3,XLK,3,target_5d_forward_return_excess_spy
z_return_60d_rel_spy,157,XLK,3,target_5d_forward_return_excess_spy
z_price_to_MA20,208,XLK,3,target_5d_forward_return_excess_spy
z_price_to_MA50,116,XLK,3,target_5d_forward_return_excess_spy
z_MA20_minus_MA50,253,XLK,3,target_5d_forward_return_excess_spy
z_volatility_20d,208,XLK,3,target_5d_forward_return_excess_spy
z_max_drawdown_60d,138,XLK,3,target_5d_forward_return_excess_spy
z_ATR_14,152,XLK,3,target_5d_forward_return_excess_spy
z_volume_change,108,XLK,3,target_5d_forward_return_excess_spy
z_relative_volume,141,XLK,3,target_5d_forward_return_excess_spy
z_RSI_14,223,XLK,3,target_5d_forward_return_excess_spy
z_market_beta_60d,174,XLK,3,target_5d_forward_return_excess_spy
z_idio_vol_60d,209,XLK,3,target_5d_forward_return_excess_spy
z_Federal_Funds_Rate,190,XLK,3,target_5d_forward_return_excess_spy
z_Treasury_10Y,167,XLK,3,target_5d_forward_return_excess_spy
z_Yield_Spread_10Y2Y,181,XLK,3,target_5d_forward_return_excess_spy
z_Breakeven_Inflation_10Y,198,XLK,3,target_5d_forward_return_excess_spy
z_CPI,194,XLK,3,target_5d_forward_return_excess_spy
z_Unemployment_Rate,180,XLK,3,target_5d_forward_return_excess_spy
z_Financial_Conditions_Index,225,XLK,3,target_5d_forward_return_excess_spy
z_VIX,187,XLK,3,target_5d_forward_return_excess_spy
z_rate_sensitivity_beta,190,XLK,3,target_5d_forward_return_excess_spy
z_return_5d,188,XLP,3,target_5d_forward_return_excess_spy
z_return_5d_rel_spy,40,XLP,3,target_5d_forward_return_excess_spy
z_return_5d_excess_rf,10,XLP,3,target_5d_forward_return_excess_spy
z_return_20d,136,XLP,3,target_5d_forward_return_excess_spy
z_return_20d_rel_spy,39,XLP,3,target_5d_forward_return_excess_spy
z_return_20d_excess_rf,3,XLP,3,target_5d_forward_return_excess_spy
z_return_60d_rel_spy,136,XLP,3,target_5d_forward_return_excess_spy
z_price_to_MA20,228,XLP,3,target_5d_forward_return_excess_spy
z_price_to_MA50,141,XLP,3,target_5d_forward_return_excess_spy
z_MA20_minus_MA50,157,XLP,3,target_5d_forward_return_excess_spy
z_volatility_20d,128,XLP,3,target_5d_forward_return_excess_spy
z_max_drawdown_60d,170,XLP,3,target_5d_forward_return_excess_spy
z_ATR_14,174,XLP,3,target_5d_forward_return_excess_spy
z_volume_change,88,XLP,3,target_5d_forward_return_excess_spy
z_relative_volume,118,XLP,3,target_5d_forward_return_excess_spy
z_RSI_14,151,XLP,3,target_5d_forward_return_excess_spy
z_market_beta_60d,204,XLP,3,target_5d_forward_return_excess_spy
z_idio_vol_60d,215,XLP,3,target_5d_forward_return_excess_spy
z_Federal_Funds_Rate,108,XLP,3,target_5d_forward_return_excess_spy
z_Treasury_10Y,202,XLP,3,target_5d_forward_return_excess_spy
z_Yield_Spread_10Y2Y,182,XLP,3,target_5d_forward_return_excess_spy
z_Breakeven_Inflation_10Y,203,XLP,3,target_5d_forward_return_excess_spy
z_CPI,176,XLP,3,target_5d_forward_return_excess_spy
z_Unemployment_Rate,160,XLP,3,target_5d_forward_return_excess_spy
z_Financial_Conditions_Index,299,XLP,3,target_5d_forward_return_excess_spy
z_VIX,268,XLP,3,target_5d_forward_return_excess_spy
z_rate_sensitivity_beta,276,XLP,3,target_5d_forward_return_excess_spy
z_return_5d,180,XLRE,3,target_5d_forward_return_excess_spy
z_return_5d_rel_spy,23,XLRE,3,target_5d_forward_return_excess_spy
z_return_5d_excess_rf,9,XLRE,3,target_5d_forward_return_excess_spy
z_return_20d,143,XLRE,3,target_5d_forward_return_excess_spy
z_return_20d_rel_spy,32,XLRE,3,target_5d_forward_return_excess_spy
z_return_20d_excess_rf,2,XLRE,3,target_5d_forward_return_excess_spy
z_return_60d_rel_spy,164,XLRE,3,target_5d_forward_return_excess_spy
z_price_to_MA20,111,XLRE,3,target_5d_forward_return_excess_spy
z_price_to_MA50,154,XLRE,3,target_5d_forward_return_excess_spy
z_MA20_minus_MA50,254,XLRE,3,target_5d_forward_return_excess_spy
z_volatility_20d,222,XLRE,3,target_5d_forward_return_excess_spy
z_max_drawdown_60d,156,XLRE,3,target_5d_forward_return_excess_spy
z_ATR_14,184,XLRE,3,target_5d_forward_return_excess_spy
z_volume_change,77,XLRE,3,target_5d_forward_return_excess_spy
z_relative_volume,158,XLRE,3,target_5d_forward_return_excess_spy
z_RSI_14,177,XLRE,3,target_5d_forward_return_excess_spy
z_market_beta_60d,199,XLRE,3,target_5d_forward_return_excess_spy
z_idio_vol_60d,148,XLRE,3,target_5d_forward_return_excess_spy
z_Federal_Funds_Rate,170,XLRE,3,target_5d_forward_return_excess_spy
z_Treasury_10Y,145,XLRE,3,target_5d_forward_return_excess_spy
z_Yield_Spread_10Y2Y,148,XLRE,3,target_5d_forward_return_excess_spy
z_Breakeven_Inflation_10Y,188,XLRE,3,target_5d_forward_return_excess_spy
z_CPI,124,XLRE,3,target_5d_forward_return_excess_spy
z_Unemployment_Rate,196,XLRE,3,target_5d_forward_return_excess_spy
z_Financial_Conditions_Index,349,XLRE,3,target_5d_forward_return_excess_spy
z_VIX,296,XLRE,3,target_5d_forward_return_excess_spy
z_rate_sensitivity_beta,191,XLRE,3,target_5d_forward_return_excess_spy
z_return_5d,170,XLU,3,target_5d_forward_return_excess_spy
z_return_5d_rel_spy,31,XLU,3,target_5d_forward_return_excess_spy
z_return_5d_excess_rf,9,XLU,3,target_5d_forward_return_excess_spy
z_return_20d,170,XLU,3,target_5d_forward_return_excess_spy
z_return_20d_rel_spy,35,XLU,3,target_5d_forward_return_excess_spy
z_return_20d_excess_rf,1,XLU,3,target_5d_forward_return_excess_spy
z_return_60d_rel_spy,180,XLU,3,target_5d_forward_return_excess_spy
z_price_to_MA20,165,XLU,3,target_5d_forward_return_excess_spy
z_price_to_MA50,185,XLU,3,target_5d_forward_return_excess_spy
z_MA20_minus_MA50,298,XLU,3,target_5d_forward_return_excess_spy
z_volatility_20d,240,XLU,3,target_5d_forward_return_excess_spy
z_max_drawdown_60d,142,XLU,3,target_5d_forward_return_excess_spy
z_ATR_14,209,XLU,3,target_5d_forward_return_excess_spy
z_volume_change,91,XLU,3,target_5d_forward_return_excess_spy
z_relative_volume,127,XLU,3,target_5d_forward_return_excess_spy
z_RSI_14,141,XLU,3,target_5d_forward_return_excess_spy
z_market_beta_60d,163,XLU,3,target_5d_forward_return_excess_spy
z_idio_vol_60d,185,XLU,3,target_5d_forward_return_excess_spy
z_Federal_Funds_Rate,132,XLU,3,target_5d_forward_return_excess_spy
z_Treasury_10Y,156,XLU,3,target_5d_forward_return_excess_spy
z_Yield_Spread_10Y2Y,161,XLU,3,target_5d_forward_return_excess_spy
z_Breakeven_Inflation_10Y,153,XLU,3,target_5d_forward_return_excess_spy
z_CPI,175,XLU,3,target_5d_forward_return_excess_spy
z_Unemployment_Rate,144,XLU,3,target_5d_forward_return_excess_spy
z_Financial_Conditions_Index,297,XLU,3,target_5d_forward_return_excess_spy
z_VIX,287,XLU,3,target_5d_forward_return_excess_spy
z_rate_sensitivity_beta,153,XLU,3,target_5d_forward_return_excess_spy
z_return_5d,142,XLV,3,target_5d_forward_return_excess_spy
z_return_5d_rel_spy,38,XLV,3,target_5d_forward_return_excess_spy
z_return_5d_excess_rf,3,XLV,3,target_5d_forward_return_excess_spy
z_return_20d,168,XLV,3,target_5d_forward_return_excess_spy
z_return_20d_rel_spy,34,XLV,3,target_5d_forward_return_excess_spy
z_return_20d_excess_rf,7,XLV,3,target_5d_forward_return_excess_spy
z_return_60d_rel_spy,178,XLV,3,target_5d_forward_return_excess_spy
z_price_to_MA20,168,XLV,3,target_5d_forward_return_excess_spy
z_price_to_MA50,182,XLV,3,target_5d_forward_return_excess_spy
z_MA20_minus_MA50,244,XLV,3,target_5d_forward_return_excess_spy
z_volatility_20d,234,XLV,3,target_5d_forward_return_excess_spy
z_max_drawdown_60d,149,XLV,3,target_5d_forward_return_excess_spy
z_ATR_14,197,XLV,3,target_5d_forward_return_excess_spy
z_volume_change,83,XLV,3,target_5d_forward_return_excess_spy
z_relative_volume,116,XLV,3,target_5d_forward_return_excess_spy
z_RSI_14,172,XLV,3,target_5d_forward_return_excess_spy
z_market_beta_60d,161,XLV,3,target_5d_forward_return_excess_spy
z_idio_vol_60d,140,XLV,3,target_5d_forward_return_excess_spy
z_Federal_Funds_Rate,145,XLV,3,target_5d_forward_return_excess_spy
z_Treasury_10Y,143,XLV,3,target_5d_forward_return_excess_spy
z_Yield_Spread_10Y2Y,186,XLV,3,target_5d_forward_return_excess_spy
z_Breakeven_Inflation_10Y,152,XLV,3,target_5d_forward_return_excess_spy
z_CPI,227,XLV,3,target_5d_forward_return_excess_spy
z_Unemployment_Rate,101,XLV,3,target_5d_forward_return_excess_spy
z_Financial_Conditions_Index,339,XLV,3,target_5d_forward_return_excess_spy
z_VIX,216,XLV,3,target_5d_forward_return_excess_spy
z_rate_sensitivity_beta,275,XLV,3,target_5d_forward_return_excess_spy
z_return_5d,163,XLY,3,target_5d_forward_return_excess_spy
z_return_5d_rel_spy,27,XLY,3,target_5d_forward_return_excess_spy
z_return_5d_excess_rf,9,XLY,3,target_5d_forward_return_excess_spy
z_return_20d,139,XLY,3,target_5d_forward_return_excess_spy
z_return_20d_rel_spy,32,XLY,3,target_5d_forward_return_excess_spy
z_return_20d_excess_rf,3,XLY,3,target_5d_forward_return_excess_spy
z_return_60d_rel_spy,214,XLY,3,target_5d_forward_return_excess_spy
z_price_to_MA20,209,XLY,3,target_5d_forward_return_excess_spy
z_price_to_MA50,118,XLY,3,target_5d_forward_return_excess_spy
z_MA20_minus_MA50,298,XLY,3,target_5d_forward_return_excess_spy
z_volatility_20d,202,XLY,3,target_5d_forward_return_excess_spy
z_max_drawdown_60d,204,XLY,3,target_5d_forward_return_excess_spy
z_ATR_14,162,XLY,3,target_5d_forward_return_excess_spy
z_volume_change,76,XLY,3,target_5d_forward_return_excess_spy
z_relative_volume,95,XLY,3,target_5d_forward_return_excess_spy
z_RSI_14,136,XLY,3,target_5d_forward_return_excess_spy
z_market_beta_60d,223,XLY,3,target_5d_forward_return_excess_spy
z_idio_vol_60d,160,XLY,3,target_5d_forward_return_excess_spy
z_Federal_Funds_Rate,93,XLY,3,target_5d_forward_return_excess_spy
z_Treasury_10Y,272,XLY,3,target_5d_forward_return_excess_spy
z_Yield_Spread_10Y2Y,161,XLY,3,target_5d_forward_return_excess_spy
z_Breakeven_Inflation_10Y,227,XLY,3,target_5d_forward_return_excess_spy
z_CPI,198,XLY,3,target_5d_forward_return_excess_spy
z_Unemployment_Rate,144,XLY,3,target_5d_forward_return_excess_spy
z_Financial_Conditions_Index,234,XLY,3,target_5d_forward_return_excess_spy
z_VIX,248,XLY,3,target_5d_forward_return_excess_spy
z_rate_sensitivity_beta,153,XLY,3,target_5d_forward_return_excess_spy
z_return_5d,184,XLB,4,target_5d_forward_return_excess_spy
z_return_5d_rel_spy,25,XLB,4,target_5d_forward_return_excess_spy
z_return_5d_excess_rf,14,XLB,4,target_5d_forward_return_excess_spy
z_return_20d,131,XLB,4,target_5d_forward_return_excess_spy
z_return_20d_rel_spy,30,XLB,4,target_5d_forward_return_excess_spy
z_return_20d_excess_rf,3,XLB,4,target_5d_forward_return_excess_spy
z_return_60d_rel_spy,137,XLB,4,target_5d_forward_return_excess_spy
z_price_to_MA20,140,XLB,4,target_5d_forward_return_excess_spy
z_price_to_MA50,141,XLB,4,target_5d_forward_return_excess_spy
z_MA20_minus_MA50,308,XLB,4,target_5d_forward_return_excess_spy
z_volatility_20d,147,XLB,4,target_5d_forward_return_excess_spy
z_max_drawdown_60d,197,XLB,4,target_5d_forward_return_excess_spy
z_ATR_14,179,XLB,4,target_5d_forward_return_excess_spy
z_volume_change,74,XLB,4,target_5d_forward_return_excess_spy
z_relative_volume,92,XLB,4,target_5d_forward_return_excess_spy
z_RSI_14,139,XLB,4,target_5d_forward_return_excess_spy
z_market_beta_60d,179,XLB,4,target_5d_forward_return_excess_spy
z_idio_vol_60d,249,XLB,4,target_5d_forward_return_excess_spy
z_Federal_Funds_Rate,214,XLB,4,target_5d_forward_return_excess_spy
z_Treasury_10Y,181,XLB,4,target_5d_forward_return_excess_spy
z_Yield_Spread_10Y2Y,201,XLB,4,target_5d_forward_return_excess_spy
z_Breakeven_Inflation_10Y,228,XLB,4,target_5d_forward_return_excess_spy
z_CPI,189,XLB,4,target_5d_forward_return_excess_spy
z_Unemployment_Rate,206,XLB,4,target_5d_forward_return_excess_spy
z_Financial_Conditions_Index,210,XLB,4,target_5d_forward_return_excess_spy
z_VIX,145,XLB,4,target_5d_forward_return_excess_spy
z_rate_sensitivity_beta,257,XLB,4,target_5d_forward_return_excess_spy
z_return_5d,183,XLC,4,target_5d_forward_return_excess_spy
z_return_5d_rel_spy,34,XLC,4,target_5d_forward_return_excess_spy
z_return_5d_excess_rf,6,XLC,4,target_5d_forward_return_excess_spy
z_return_20d,119,XLC,4,target_5d_forward_return_excess_spy
z_return_20d_rel_spy,27,XLC,4,target_5d_forward_return_excess_spy
z_return_20d_excess_rf,2,XLC,4,target_5d_forward_return_excess_spy
z_return_60d_rel_spy,159,XLC,4,target_5d_forward_return_excess_spy
z_price_to_MA20,100,XLC,4,target_5d_forward_return_excess_spy
z_price_to_MA50,161,XLC,4,target_5d_forward_return_excess_spy
z_MA20_minus_MA50,238,XLC,4,target_5d_forward_return_excess_spy
z_volatility_20d,244,XLC,4,target_5d_forward_return_excess_spy
z_max_drawdown_60d,216,XLC,4,target_5d_forward_return_excess_spy
z_ATR_14,163,XLC,4,target_5d_forward_return_excess_spy
z_volume_change,98,XLC,4,target_5d_forward_return_excess_spy
z_relative_volume,129,XLC,4,target_5d_forward_return_excess_spy
z_RSI_14,152,XLC,4,target_5d_forward_return_excess_spy
z_market_beta_60d,156,XLC,4,target_5d_forward_return_excess_spy
z_idio_vol_60d,212,XLC,4,target_5d_forward_return_excess_spy
z_Federal_Funds_Rate,147,XLC,4,target_5d_forward_return_excess_spy
z_Treasury_10Y,222,XLC,4,target_5d_forward_return_excess_spy
z_Yield_Spread_10Y2Y,112,XLC,4,target_5d_forward_return_excess_spy
z_Breakeven_Inflation_10Y,173,XLC,4,target_5d_forward_return_excess_spy
z_CPI,292,XLC,4,target_5d_forward_return_excess_spy
z_Unemployment_Rate,179,XLC,4,target_5d_forward_return_excess_spy
z_Financial_Conditions_Index,309,XLC,4,target_5d_forward_return_excess_spy
z_VIX,233,XLC,4,target_5d_forward_return_excess_spy
z_rate_sensitivity_beta,134,XLC,4,target_5d_forward_return_excess_spy
z_return_5d,140,XLE,4,target_5d_forward_return_excess_spy
z_return_5d_rel_spy,40,XLE,4,target_5d_forward_return_excess_spy
z_return_5d_excess_rf,10,XLE,4,target_5d_forward_return_excess_spy
z_return_20d,116,XLE,4,target_5d_forward_return_excess_spy
z_return_20d_rel_spy,26,XLE,4,target_5d_forward_return_excess_spy
z_return_20d_excess_rf,2,XLE,4,target_5d_forward_return_excess_spy
z_return_60d_rel_spy,180,XLE,4,target_5d_forward_return_excess_spy
z_price_to_MA20,172,XLE,4,target_5d_forward_return_excess_spy
z_price_to_MA50,193,XLE,4,target_5d_forward_return_excess_spy
z_MA20_minus_MA50,262,XLE,4,target_5d_forward_return_excess_spy
z_volatility_20d,157,XLE,4,target_5d_forward_return_excess_spy
z_max_drawdown_60d,241,XLE,4,target_5d_forward_return_excess_spy
z_ATR_14,277,XLE,4,target_5d_forward_return_excess_spy
z_volume_change,51,XLE,4,target_5d_forward_return_excess_spy
z_relative_volume,98,XLE,4,target_5d_forward_return_excess_spy
z_RSI_14,121,XLE,4,target_5d_forward_return_excess_spy
z_market_beta_60d,248,XLE,4,target_5d_forward_return_excess_spy
z_idio_vol_60d,192,XLE,4,target_5d_forward_return_excess_spy
z_Federal_Funds_Rate,190,XLE,4,target_5d_forward_return_excess_spy
z_Treasury_10Y,165,XLE,4,target_5d_forward_return_excess_spy
z_Yield_Spread_10Y2Y,144,XLE,4,target_5d_forward_return_excess_spy
z_Breakeven_Inflation_10Y,176,XLE,4,target_5d_forward_return_excess_spy
z_CPI,148,XLE,4,target_5d_forward_return_excess_spy
z_Unemployment_Rate,129,XLE,4,target_5d_forward_return_excess_spy
z_Financial_Conditions_Index,288,XLE,4,target_5d_forward_return_excess_spy
z_VIX,210,XLE,4,target_5d_forward_return_excess_spy
z_rate_sensitivity_beta,224,XLE,4,target_5d_forward_return_excess_spy
z_return_5d,124,XLF,4,target_5d_forward_return_excess_spy
z_return_5d_rel_spy,26,XLF,4,target_5d_forward_return_excess_spy
z_return_5d_excess_rf,13,XLF,4,target_5d_forward_return_excess_spy
z_return_20d,106,XLF,4,target_5d_forward_return_excess_spy
z_return_20d_rel_spy,28,XLF,4,target_5d_forward_return_excess_spy
z_return_20d_excess_rf,4,XLF,4,target_5d_forward_return_excess_spy
z_return_60d_rel_spy,167,XLF,4,target_5d_forward_return_excess_spy
z_price_to_MA20,155,XLF,4,target_5d_forward_return_excess_spy
z_price_to_MA50,164,XLF,4,target_5d_forward_return_excess_spy
z_MA20_minus_MA50,193,XLF,4,target_5d_forward_return_excess_spy
z_volatility_20d,179,XLF,4,target_5d_forward_return_excess_spy
z_max_drawdown_60d,139,XLF,4,target_5d_forward_return_excess_spy
z_ATR_14,230,XLF,4,target_5d_forward_return_excess_spy
z_volume_change,58,XLF,4,target_5d_forward_return_excess_spy
z_relative_volume,125,XLF,4,target_5d_forward_return_excess_spy
z_RSI_14,130,XLF,4,target_5d_forward_return_excess_spy
z_market_beta_60d,239,XLF,4,target_5d_forward_return_excess_spy
z_idio_vol_60d,172,XLF,4,target_5d_forward_return_excess_spy
z_Federal_Funds_Rate,228,XLF,4,target_5d_forward_return_excess_spy
z_Treasury_10Y,155,XLF,4,target_5d_forward_return_excess_spy
z_Yield_Spread_10Y2Y,236,XLF,4,target_5d_forward_return_excess_spy
z_Breakeven_Inflation_10Y,247,XLF,4,target_5d_forward_return_excess_spy
z_CPI,212,XLF,4,target_5d_forward_return_excess_spy
z_Unemployment_Rate,230,XLF,4,target_5d_forward_return_excess_spy
z_Financial_Conditions_Index,277,XLF,4,target_5d_forward_return_excess_spy
z_VIX,142,XLF,4,target_5d_forward_return_excess_spy
z_rate_sensitivity_beta,221,XLF,4,target_5d_forward_return_excess_spy
z_return_5d,124,XLI,4,target_5d_forward_return_excess_spy
z_return_5d_rel_spy,22,XLI,4,target_5d_forward_return_excess_spy
z_return_5d_excess_rf,3,XLI,4,target_5d_forward_return_excess_spy
z_return_20d,95,XLI,4,target_5d_forward_return_excess_spy
z_return_20d_rel_spy,34,XLI,4,target_5d_forward_return_excess_spy
z_return_20d_excess_rf,2,XLI,4,target_5d_forward_return_excess_spy
z_return_60d_rel_spy,167,XLI,4,target_5d_forward_return_excess_spy
z_price_to_MA20,161,XLI,4,target_5d_forward_return_excess_spy
z_price_to_MA50,191,XLI,4,target_5d_forward_return_excess_spy
z_MA20_minus_MA50,232,XLI,4,target_5d_forward_return_excess_spy
z_volatility_20d,158,XLI,4,target_5d_forward_return_excess_spy
z_max_drawdown_60d,175,XLI,4,target_5d_forward_return_excess_spy
z_ATR_14,216,XLI,4,target_5d_forward_return_excess_spy
z_volume_change,91,XLI,4,target_5d_forward_return_excess_spy
z_relative_volume,81,XLI,4,target_5d_forward_return_excess_spy
z_RSI_14,189,XLI,4,target_5d_forward_return_excess_spy
z_market_beta_60d,161,XLI,4,target_5d_forward_return_excess_spy
z_idio_vol_60d,198,XLI,4,target_5d_forward_return_excess_spy
z_Federal_Funds_Rate,216,XLI,4,target_5d_forward_return_excess_spy
z_Treasury_10Y,143,XLI,4,target_5d_forward_return_excess_spy
z_Yield_Spread_10Y2Y,221,XLI,4,target_5d_forward_return_excess_spy
z_Breakeven_Inflation_10Y,149,XLI,4,target_5d_forward_return_excess_spy
z_CPI,242,XLI,4,target_5d_forward_return_excess_spy
z_Unemployment_Rate,266,XLI,4,target_5d_forward_return_excess_spy
z_Financial_Conditions_Index,259,XLI,4,target_5d_forward_return_excess_spy
z_VIX,186,XLI,4,target_5d_forward_return_excess_spy
z_rate_sensitivity_beta,218,XLI,4,target_5d_forward_return_excess_spy
z_return_5d,134,XLK,4,target_5d_forward_return_excess_spy
z_return_5d_rel_spy,23,XLK,4,target_5d_forward_return_excess_spy
z_return_5d_excess_rf,5,XLK,4,target_5d_forward_return_excess_spy
z_return_20d,166,XLK,4,target_5d_forward_return_excess_spy
z_return_20d_rel_spy,38,XLK,4,target_5d_forward_return_excess_spy
z_return_20d_excess_rf,8,XLK,4,target_5d_forward_return_excess_spy
z_return_60d_rel_spy,195,XLK,4,target_5d_forward_return_excess_spy
z_price_to_MA20,178,XLK,4,target_5d_forward_return_excess_spy
z_price_to_MA50,100,XLK,4,target_5d_forward_return_excess_spy
z_MA20_minus_MA50,283,XLK,4,target_5d_forward_return_excess_spy
z_volatility_20d,242,XLK,4,target_5d_forward_return_excess_spy
z_max_drawdown_60d,192,XLK,4,target_5d_forward_return_excess_spy
z_ATR_14,181,XLK,4,target_5d_forward_return_excess_spy
z_volume_change,93,XLK,4,target_5d_forward_return_excess_spy
z_relative_volume,116,XLK,4,target_5d_forward_return_excess_spy
z_RSI_14,156,XLK,4,target_5d_forward_return_excess_spy
z_market_beta_60d,180,XLK,4,target_5d_forward_return_excess_spy
z_idio_vol_60d,200,XLK,4,target_5d_forward_return_excess_spy
z_Federal_Funds_Rate,224,XLK,4,target_5d_forward_return_excess_spy
z_Treasury_10Y,188,XLK,4,target_5d_forward_return_excess_spy
z_Yield_Spread_10Y2Y,155,XLK,4,target_5d_forward_return_excess_spy
z_Breakeven_Inflation_10Y,201,XLK,4,target_5d_forward_return_excess_spy
z_CPI,224,XLK,4,target_5d_forward_return_excess_spy
z_Unemployment_Rate,165,XLK,4,target_5d_forward_return_excess_spy
z_Financial_Conditions_Index,238,XLK,4,target_5d_forward_return_excess_spy
z_VIX,133,XLK,4,target_5d_forward_return_excess_spy
z_rate_sensitivity_beta,182,XLK,4,target_5d_forward_return_excess_spy
z_return_5d,165,XLP,4,target_5d_forward_return_excess_spy
z_return_5d_rel_spy,36,XLP,4,target_5d_forward_return_excess_spy
z_return_5d_excess_rf,10,XLP,4,target_5d_forward_return_excess_spy
z_return_20d,157,XLP,4,target_5d_forward_return_excess_spy
z_return_20d_rel_spy,47,XLP,4,target_5d_forward_return_excess_spy
z_return_20d_excess_rf,3,XLP,4,target_5d_forward_return_excess_spy
z_return_60d_rel_spy,127,XLP,4,target_5d_forward_return_excess_spy
z_price_to_MA20,215,XLP,4,target_5d_forward_return_excess_spy
z_price_to_MA50,124,XLP,4,target_5d_forward_return_excess_spy
z_MA20_minus_MA50,195,XLP,4,target_5d_forward_return_excess_spy
z_volatility_20d,164,XLP,4,target_5d_forward_return_excess_spy
z_max_drawdown_60d,172,XLP,4,target_5d_forward_return_excess_spy
z_ATR_14,176,XLP,4,target_5d_forward_return_excess_spy
z_volume_change,92,XLP,4,target_5d_forward_return_excess_spy
z_relative_volume,93,XLP,4,target_5d_forward_return_excess_spy
z_RSI_14,178,XLP,4,target_5d_forward_return_excess_spy
z_market_beta_60d,164,XLP,4,target_5d_forward_return_excess_spy
z_idio_vol_60d,237,XLP,4,target_5d_forward_return_excess_spy
z_Federal_Funds_Rate,148,XLP,4,target_5d_forward_return_excess_spy
z_Treasury_10Y,231,XLP,4,target_5d_forward_return_excess_spy
z_Yield_Spread_10Y2Y,133,XLP,4,target_5d_forward_return_excess_spy
z_Breakeven_Inflation_10Y,200,XLP,4,target_5d_forward_return_excess_spy
z_CPI,189,XLP,4,target_5d_forward_return_excess_spy
z_Unemployment_Rate,202,XLP,4,target_5d_forward_return_excess_spy
z_Financial_Conditions_Index,266,XLP,4,target_5d_forward_return_excess_spy
z_VIX,234,XLP,4,target_5d_forward_return_excess_spy
z_rate_sensitivity_beta,242,XLP,4,target_5d_forward_return_excess_spy
z_return_5d,147,XLRE,4,target_5d_forward_return_excess_spy
z_return_5d_rel_spy,23,XLRE,4,target_5d_forward_return_excess_spy
z_return_5d_excess_rf,8,XLRE,4,target_5d_forward_return_excess_spy
z_return_20d,120,XLRE,4,target_5d_forward_return_excess_spy
z_return_20d_rel_spy,30,XLRE,4,target_5d_forward_return_excess_spy
z_return_20d_excess_rf,0,XLRE,4,target_5d_forward_return_excess_spy
z_return_60d_rel_spy,188,XLRE,4,target_5d_forward_return_excess_spy
z_price_to_MA20,108,XLRE,4,target_5d_forward_return_excess_spy
z_price_to_MA50,160,XLRE,4,target_5d_forward_return_excess_spy
z_MA20_minus_MA50,270,XLRE,4,target_5d_forward_return_excess_spy
z_volatility_20d,187,XLRE,4,target_5d_forward_return_excess_spy
z_max_drawdown_60d,174,XLRE,4,target_5d_forward_return_excess_spy
z_ATR_14,156,XLRE,4,target_5d_forward_return_excess_spy
z_volume_change,80,XLRE,4,target_5d_forward_return_excess_spy
z_relative_volume,138,XLRE,4,target_5d_forward_return_excess_spy
z_RSI_14,184,XLRE,4,target_5d_forward_return_excess_spy
z_market_beta_60d,264,XLRE,4,target_5d_forward_return_excess_spy
z_idio_vol_60d,164,XLRE,4,target_5d_forward_return_excess_spy
z_Federal_Funds_Rate,135,XLRE,4,target_5d_forward_return_excess_spy
z_Treasury_10Y,121,XLRE,4,target_5d_forward_return_excess_spy
z_Yield_Spread_10Y2Y,155,XLRE,4,target_5d_forward_return_excess_spy
z_Breakeven_Inflation_10Y,231,XLRE,4,target_5d_forward_return_excess_spy
z_CPI,164,XLRE,4,target_5d_forward_return_excess_spy
z_Unemployment_Rate,236,XLRE,4,target_5d_forward_return_excess_spy
z_Financial_Conditions_Index,284,XLRE,4,target_5d_forward_return_excess_spy
z_VIX,258,XLRE,4,target_5d_forward_return_excess_spy
z_rate_sensitivity_beta,215,XLRE,4,target_5d_forward_return_excess_spy
z_return_5d,144,XLU,4,target_5d_forward_return_excess_spy
z_return_5d_rel_spy,34,XLU,4,target_5d_forward_return_excess_spy
z_return_5d_excess_rf,5,XLU,4,target_5d_forward_return_excess_spy
z_return_20d,127,XLU,4,target_5d_forward_return_excess_spy
z_return_20d_rel_spy,36,XLU,4,target_5d_forward_return_excess_spy
z_return_20d_excess_rf,2,XLU,4,target_5d_forward_return_excess_spy
z_return_60d_rel_spy,173,XLU,4,target_5d_forward_return_excess_spy
z_price_to_MA20,211,XLU,4,target_5d_forward_return_excess_spy
z_price_to_MA50,161,XLU,4,target_5d_forward_return_excess_spy
z_MA20_minus_MA50,320,XLU,4,target_5d_forward_return_excess_spy
z_volatility_20d,206,XLU,4,target_5d_forward_return_excess_spy
z_max_drawdown_60d,216,XLU,4,target_5d_forward_return_excess_spy
z_ATR_14,195,XLU,4,target_5d_forward_return_excess_spy
z_volume_change,99,XLU,4,target_5d_forward_return_excess_spy
z_relative_volume,105,XLU,4,target_5d_forward_return_excess_spy
z_RSI_14,146,XLU,4,target_5d_forward_return_excess_spy
z_market_beta_60d,169,XLU,4,target_5d_forward_return_excess_spy
z_idio_vol_60d,205,XLU,4,target_5d_forward_return_excess_spy
z_Federal_Funds_Rate,106,XLU,4,target_5d_forward_return_excess_spy
z_Treasury_10Y,156,XLU,4,target_5d_forward_return_excess_spy
z_Yield_Spread_10Y2Y,149,XLU,4,target_5d_forward_return_excess_spy
z_Breakeven_Inflation_10Y,114,XLU,4,target_5d_forward_return_excess_spy
z_CPI,195,XLU,4,target_5d_forward_return_excess_spy
z_Unemployment_Rate,168,XLU,4,target_5d_forward_return_excess_spy
z_Financial_Conditions_Index,296,XLU,4,target_5d_forward_return_excess_spy
z_VIX,229,XLU,4,target_5d_forward_return_excess_spy
z_rate_sensitivity_beta,233,XLU,4,target_5d_forward_return_excess_spy
z_return_5d,137,XLV,4,target_5d_forward_return_excess_spy
z_return_5d_rel_spy,28,XLV,4,target_5d_forward_return_excess_spy
z_return_5d_excess_rf,4,XLV,4,target_5d_forward_return_excess_spy
z_return_20d,175,XLV,4,target_5d_forward_return_excess_spy
z_return_20d_rel_spy,47,XLV,4,target_5d_forward_return_excess_spy
z_return_20d_excess_rf,3,XLV,4,target_5d_forward_return_excess_spy
z_return_60d_rel_spy,148,XLV,4,target_5d_forward_return_excess_spy
z_price_to_MA20,203,XLV,4,target_5d_forward_return_excess_spy
z_price_to_MA50,181,XLV,4,target_5d_forward_return_excess_spy
z_MA20_minus_MA50,239,XLV,4,target_5d_forward_return_excess_spy
z_volatility_20d,213,XLV,4,target_5d_forward_return_excess_spy
z_max_drawdown_60d,157,XLV,4,target_5d_forward_return_excess_spy
z_ATR_14,168,XLV,4,target_5d_forward_return_excess_spy
z_volume_change,86,XLV,4,target_5d_forward_return_excess_spy
z_relative_volume,109,XLV,4,target_5d_forward_return_excess_spy
z_RSI_14,183,XLV,4,target_5d_forward_return_excess_spy
z_market_beta_60d,195,XLV,4,target_5d_forward_return_excess_spy
z_idio_vol_60d,177,XLV,4,target_5d_forward_return_excess_spy
z_Federal_Funds_Rate,137,XLV,4,target_5d_forward_return_excess_spy
z_Treasury_10Y,131,XLV,4,target_5d_forward_return_excess_spy
z_Yield_Spread_10Y2Y,182,XLV,4,target_5d_forward_return_excess_spy
z_Breakeven_Inflation_10Y,154,XLV,4,target_5d_forward_return_excess_spy
z_CPI,244,XLV,4,target_5d_forward_return_excess_spy
z_Unemployment_Rate,141,XLV,4,target_5d_forward_return_excess_spy
z_Financial_Conditions_Index,323,XLV,4,target_5d_forward_return_excess_spy
z_VIX,186,XLV,4,target_5d_forward_return_excess_spy
z_rate_sensitivity_beta,249,XLV,4,target_5d_forward_return_excess_spy
z_return_5d,155,XLY,4,target_5d_forward_return_excess_spy
z_return_5d_rel_spy,30,XLY,4,target_5d_forward_return_excess_spy
z_return_5d_excess_rf,8,XLY,4,target_5d_forward_return_excess_spy
z_return_20d,156,XLY,4,target_5d_forward_return_excess_spy
z_return_20d_rel_spy,30,XLY,4,target_5d_forward_return_excess_spy
z_return_20d_excess_rf,4,XLY,4,target_5d_forward_return_excess_spy
z_return_60d_rel_spy,195,XLY,4,target_5d_forward_return_excess_spy
z_price_to_MA20,162,XLY,4,target_5d_forward_return_excess_spy
z_price_to_MA50,163,XLY,4,target_5d_forward_return_excess_spy
z_MA20_minus_MA50,282,XLY,4,target_5d_forward_return_excess_spy
z_volatility_20d,133,XLY,4,target_5d_forward_return_excess_spy
z_max_drawdown_60d,274,XLY,4,target_5d_forward_return_excess_spy
z_ATR_14,185,XLY,4,target_5d_forward_return_excess_spy
z_volume_change,84,XLY,4,target_5d_forward_return_excess_spy
z_relative_volume,99,XLY,4,target_5d_forward_return_excess_spy
z_RSI_14,146,XLY,4,target_5d_forward_return_excess_spy
z_market_beta_60d,238,XLY,4,target_5d_forward_return_excess_spy
z_idio_vol_60d,137,XLY,4,target_5d_forward_return_excess_spy
z_Federal_Funds_Rate,141,XLY,4,target_5d_forward_return_excess_spy
z_Treasury_10Y,220,XLY,4,target_5d_forward_return_excess_spy
z_Yield_Spread_10Y2Y,133,XLY,4,target_5d_forward_return_excess_spy
z_Breakeven_Inflation_10Y,254,XLY,4,target_5d_forward_return_excess_spy
z_CPI,133,XLY,4,target_5d_forward_return_excess_spy
z_Unemployment_Rate,202,XLY,4,target_5d_forward_return_excess_spy
z_Financial_Conditions_Index,245,XLY,4,target_5d_forward_return_excess_spy
z_VIX,191,XLY,4,target_5d_forward_return_excess_spy
z_rate_sensitivity_beta,200,XLY,4,target_5d_forward_return_excess_spy
z_return_5d,164,XLB,5,target_5d_forward_return_excess_spy
z_return_5d_rel_spy,30,XLB,5,target_5d_forward_return_excess_spy
z_return_5d_excess_rf,7,XLB,5,target_5d_forward_return_excess_spy
z_return_20d,109,XLB,5,target_5d_forward_return_excess_spy
z_return_20d_rel_spy,45,XLB,5,target_5d_forward_return_excess_spy
z_return_20d_excess_rf,4,XLB,5,target_5d_forward_return_excess_spy
z_return_60d_rel_spy,164,XLB,5,target_5d_forward_return_excess_spy
z_price_to_MA20,160,XLB,5,target_5d_forward_return_excess_spy
z_price_to_MA50,159,XLB,5,target_5d_forward_return_excess_spy
z_MA20_minus_MA50,280,XLB,5,target_5d_forward_return_excess_spy
z_volatility_20d,164,XLB,5,target_5d_forward_return_excess_spy
z_max_drawdown_60d,185,XLB,5,target_5d_forward_return_excess_spy
z_ATR_14,216,XLB,5,target_5d_forward_return_excess_spy
z_volume_change,47,XLB,5,target_5d_forward_return_excess_spy
z_relative_volume,95,XLB,5,target_5d_forward_return_excess_spy
z_RSI_14,144,XLB,5,target_5d_forward_return_excess_spy
z_market_beta_60d,141,XLB,5,target_5d_forward_return_excess_spy
z_idio_vol_60d,275,XLB,5,target_5d_forward_return_excess_spy
z_Federal_Funds_Rate,215,XLB,5,target_5d_forward_return_excess_spy
z_Treasury_10Y,163,XLB,5,target_5d_forward_return_excess_spy
z_Yield_Spread_10Y2Y,209,XLB,5,target_5d_forward_return_excess_spy
z_Breakeven_Inflation_10Y,201,XLB,5,target_5d_forward_return_excess_spy
z_CPI,181,XLB,5,target_5d_forward_return_excess_spy
z_Unemployment_Rate,237,XLB,5,target_5d_forward_return_excess_spy
z_Financial_Conditions_Index,199,XLB,5,target_5d_forward_return_excess_spy
z_VIX,124,XLB,5,target_5d_forward_return_excess_spy
z_rate_sensitivity_beta,282,XLB,5,target_5d_forward_return_excess_spy
z_return_5d,140,XLC,5,target_5d_forward_return_excess_spy
z_return_5d_rel_spy,33,XLC,5,target_5d_forward_return_excess_spy
z_return_5d_excess_rf,11,XLC,5,target_5d_forward_return_excess_spy
z_return_20d,128,XLC,5,target_5d_forward_return_excess_spy
z_return_20d_rel_spy,23,XLC,5,target_5d_forward_return_excess_spy
z_return_20d_excess_rf,1,XLC,5,target_5d_forward_return_excess_spy
z_return_60d_rel_spy,184,XLC,5,target_5d_forward_return_excess_spy
z_price_to_MA20,132,XLC,5,target_5d_forward_return_excess_spy
z_price_to_MA50,159,XLC,5,target_5d_forward_return_excess_spy
z_MA20_minus_MA50,223,XLC,5,target_5d_forward_return_excess_spy
z_volatility_20d,220,XLC,5,target_5d_forward_return_excess_spy
z_max_drawdown_60d,211,XLC,5,target_5d_forward_return_excess_spy
z_ATR_14,174,XLC,5,target_5d_forward_return_excess_spy
z_volume_change,85,XLC,5,target_5d_forward_return_excess_spy
z_relative_volume,109,XLC,5,target_5d_forward_return_excess_spy
z_RSI_14,122,XLC,5,target_5d_forward_return_excess_spy
z_market_beta_60d,186,XLC,5,target_5d_forward_return_excess_spy
z_idio_vol_60d,246,XLC,5,target_5d_forward_return_excess_spy
z_Federal_Funds_Rate,164,XLC,5,target_5d_forward_return_excess_spy
z_Treasury_10Y,263,XLC,5,target_5d_forward_return_excess_spy
z_Yield_Spread_10Y2Y,115,XLC,5,target_5d_forward_return_excess_spy
z_Breakeven_Inflation_10Y,204,XLC,5,target_5d_forward_return_excess_spy
z_CPI,265,XLC,5,target_5d_forward_return_excess_spy
z_Unemployment_Rate,173,XLC,5,target_5d_forward_return_excess_spy
z_Financial_Conditions_Index,279,XLC,5,target_5d_forward_return_excess_spy
z_VIX,218,XLC,5,target_5d_forward_return_excess_spy
z_rate_sensitivity_beta,132,XLC,5,target_5d_forward_return_excess_spy
z_return_5d,135,XLE,5,target_5d_forward_return_excess_spy
z_return_5d_rel_spy,20,XLE,5,target_5d_forward_return_excess_spy
z_return_5d_excess_rf,9,XLE,5,target_5d_forward_return_excess_spy
z_return_20d,103,XLE,5,target_5d_forward_return_excess_spy
z_return_20d_rel_spy,31,XLE,5,target_5d_forward_return_excess_spy
z_return_20d_excess_rf,2,XLE,5,target_5d_forward_return_excess_spy
z_return_60d_rel_spy,173,XLE,5,target_5d_forward_return_excess_spy
z_price_to_MA20,169,XLE,5,target_5d_forward_return_excess_spy
z_price_to_MA50,156,XLE,5,target_5d_forward_return_excess_spy
z_MA20_minus_MA50,298,XLE,5,target_5d_forward_return_excess_spy
z_volatility_20d,133,XLE,5,target_5d_forward_return_excess_spy
z_max_drawdown_60d,299,XLE,5,target_5d_forward_return_excess_spy
z_ATR_14,284,XLE,5,target_5d_forward_return_excess_spy
z_volume_change,43,XLE,5,target_5d_forward_return_excess_spy
z_relative_volume,75,XLE,5,target_5d_forward_return_excess_spy
z_RSI_14,119,XLE,5,target_5d_forward_return_excess_spy
z_market_beta_60d,234,XLE,5,target_5d_forward_return_excess_spy
z_idio_vol_60d,209,XLE,5,target_5d_forward_return_excess_spy
z_Federal_Funds_Rate,190,XLE,5,target_5d_forward_return_excess_spy
z_Treasury_10Y,157,XLE,5,target_5d_forward_return_excess_spy
z_Yield_Spread_10Y2Y,177,XLE,5,target_5d_forward_return_excess_spy
z_Breakeven_Inflation_10Y,168,XLE,5,target_5d_forward_return_excess_spy
z_CPI,169,XLE,5,target_5d_forward_return_excess_spy
z_Unemployment_Rate,147,XLE,5,target_5d_forward_return_excess_spy
z_Financial_Conditions_Index,298,XLE,5,target_5d_forward_return_excess_spy
z_VIX,182,XLE,5,target_5d_forward_return_excess_spy
z_rate_sensitivity_beta,220,XLE,5,target_5d_forward_return_excess_spy
z_return_5d,124,XLF,5,target_5d_forward_return_excess_spy
z_return_5d_rel_spy,18,XLF,5,target_5d_forward_return_excess_spy
z_return_5d_excess_rf,5,XLF,5,target_5d_forward_return_excess_spy
z_return_20d,115,XLF,5,target_5d_forward_return_excess_spy
z_return_20d_rel_spy,25,XLF,5,target_5d_forward_return_excess_spy
z_return_20d_excess_rf,3,XLF,5,target_5d_forward_return_excess_spy
z_return_60d_rel_spy,164,XLF,5,target_5d_forward_return_excess_spy
z_price_to_MA20,140,XLF,5,target_5d_forward_return_excess_spy
z_price_to_MA50,174,XLF,5,target_5d_forward_return_excess_spy
z_MA20_minus_MA50,210,XLF,5,target_5d_forward_return_excess_spy
z_volatility_20d,179,XLF,5,target_5d_forward_return_excess_spy
z_max_drawdown_60d,170,XLF,5,target_5d_forward_return_excess_spy
z_ATR_14,243,XLF,5,target_5d_forward_return_excess_spy
z_volume_change,50,XLF,5,target_5d_forward_return_excess_spy
z_relative_volume,106,XLF,5,target_5d_forward_return_excess_spy
z_RSI_14,144,XLF,5,target_5d_forward_return_excess_spy
z_market_beta_60d,209,XLF,5,target_5d_forward_return_excess_spy
z_idio_vol_60d,190,XLF,5,target_5d_forward_return_excess_spy
z_Federal_Funds_Rate,207,XLF,5,target_5d_forward_return_excess_spy
z_Treasury_10Y,148,XLF,5,target_5d_forward_return_excess_spy
z_Yield_Spread_10Y2Y,213,XLF,5,target_5d_forward_return_excess_spy
z_Breakeven_Inflation_10Y,266,XLF,5,target_5d_forward_return_excess_spy
z_CPI,214,XLF,5,target_5d_forward_return_excess_spy
z_Unemployment_Rate,211,XLF,5,target_5d_forward_return_excess_spy
z_Financial_Conditions_Index,276,XLF,5,target_5d_forward_return_excess_spy
z_VIX,166,XLF,5,target_5d_forward_return_excess_spy
z_rate_sensitivity_beta,230,XLF,5,target_5d_forward_return_excess_spy
z_return_5d,130,XLI,5,target_5d_forward_return_excess_spy
z_return_5d_rel_spy,30,XLI,5,target_5d_forward_return_excess_spy
z_return_5d_excess_rf,3,XLI,5,target_5d_forward_return_excess_spy
z_return_20d,111,XLI,5,target_5d_forward_return_excess_spy
z_return_20d_rel_spy,31,XLI,5,target_5d_forward_return_excess_spy
z_return_20d_excess_rf,1,XLI,5,target_5d_forward_return_excess_spy
z_return_60d_rel_spy,148,XLI,5,target_5d_forward_return_excess_spy
z_price_to_MA20,154,XLI,5,target_5d_forward_return_excess_spy
z_price_to_MA50,174,XLI,5,target_5d_forward_return_excess_spy
z_MA20_minus_MA50,215,XLI,5,target_5d_forward_return_excess_spy
z_volatility_20d,136,XLI,5,target_5d_forward_return_excess_spy
z_max_drawdown_60d,197,XLI,5,target_5d_forward_return_excess_spy
z_ATR_14,205,XLI,5,target_5d_forward_return_excess_spy
z_volume_change,77,XLI,5,target_5d_forward_return_excess_spy
z_relative_volume,77,XLI,5,target_5d_forward_return_excess_spy
z_RSI_14,203,XLI,5,target_5d_forward_return_excess_spy
z_market_beta_60d,184,XLI,5,target_5d_forward_return_excess_spy
z_idio_vol_60d,173,XLI,5,target_5d_forward_return_excess_spy
z_Federal_Funds_Rate,271,XLI,5,target_5d_forward_return_excess_spy
z_Treasury_10Y,133,XLI,5,target_5d_forward_return_excess_spy
z_Yield_Spread_10Y2Y,218,XLI,5,target_5d_forward_return_excess_spy
z_Breakeven_Inflation_10Y,162,XLI,5,target_5d_forward_return_excess_spy
z_CPI,240,XLI,5,target_5d_forward_return_excess_spy
z_Unemployment_Rate,242,XLI,5,target_5d_forward_return_excess_spy
z_Financial_Conditions_Index,288,XLI,5,target_5d_forward_return_excess_spy
z_VIX,193,XLI,5,target_5d_forward_return_excess_spy
z_rate_sensitivity_beta,204,XLI,5,target_5d_forward_return_excess_spy
z_return_5d,155,XLK,5,target_5d_forward_return_excess_spy
z_return_5d_rel_spy,23,XLK,5,target_5d_forward_return_excess_spy
z_return_5d_excess_rf,4,XLK,5,target_5d_forward_return_excess_spy
z_return_20d,161,XLK,5,target_5d_forward_return_excess_spy
z_return_20d_rel_spy,31,XLK,5,target_5d_forward_return_excess_spy
z_return_20d_excess_rf,2,XLK,5,target_5d_forward_return_excess_spy
z_return_60d_rel_spy,163,XLK,5,target_5d_forward_return_excess_spy
z_price_to_MA20,194,XLK,5,target_5d_forward_return_excess_spy
z_price_to_MA50,121,XLK,5,target_5d_forward_return_excess_spy
z_MA20_minus_MA50,265,XLK,5,target_5d_forward_return_excess_spy
z_volatility_20d,232,XLK,5,target_5d_forward_return_excess_spy
z_max_drawdown_60d,178,XLK,5,target_5d_forward_return_excess_spy
z_ATR_14,169,XLK,5,target_5d_forward_return_excess_spy
z_volume_change,62,XLK,5,target_5d_forward_return_excess_spy
z_relative_volume,103,XLK,5,target_5d_forward_return_excess_spy
z_RSI_14,136,XLK,5,target_5d_forward_return_excess_spy
z_market_beta_60d,202,XLK,5,target_5d_forward_return_excess_spy
z_idio_vol_60d,199,XLK,5,target_5d_forward_return_excess_spy
z_Federal_Funds_Rate,220,XLK,5,target_5d_forward_return_excess_spy
z_Treasury_10Y,190,XLK,5,target_5d_forward_return_excess_spy
z_Yield_Spread_10Y2Y,184,XLK,5,target_5d_forward_return_excess_spy
z_Breakeven_Inflation_10Y,206,XLK,5,target_5d_forward_return_excess_spy
z_CPI,234,XLK,5,target_5d_forward_return_excess_spy
z_Unemployment_Rate,164,XLK,5,target_5d_forward_return_excess_spy
z_Financial_Conditions_Index,194,XLK,5,target_5d_forward_return_excess_spy
z_VIX,169,XLK,5,target_5d_forward_return_excess_spy
z_rate_sensitivity_beta,239,XLK,5,target_5d_forward_return_excess_spy
z_return_5d,178,XLP,5,target_5d_forward_return_excess_spy
z_return_5d_rel_spy,27,XLP,5,target_5d_forward_return_excess_spy
z_return_5d_excess_rf,9,XLP,5,target_5d_forward_return_excess_spy
z_return_20d,126,XLP,5,target_5d_forward_return_excess_spy
z_return_20d_rel_spy,49,XLP,5,target_5d_forward_return_excess_spy
z_return_20d_excess_rf,3,XLP,5,target_5d_forward_return_excess_spy
z_return_60d_rel_spy,140,XLP,5,target_5d_forward_return_excess_spy
z_price_to_MA20,189,XLP,5,target_5d_forward_return_excess_spy
z_price_to_MA50,115,XLP,5,target_5d_forward_return_excess_spy
z_MA20_minus_MA50,204,XLP,5,target_5d_forward_return_excess_spy
z_volatility_20d,157,XLP,5,target_5d_forward_return_excess_spy
z_max_drawdown_60d,222,XLP,5,target_5d_forward_return_excess_spy
z_ATR_14,184,XLP,5,target_5d_forward_return_excess_spy
z_volume_change,69,XLP,5,target_5d_forward_return_excess_spy
z_relative_volume,74,XLP,5,target_5d_forward_return_excess_spy
z_RSI_14,149,XLP,5,target_5d_forward_return_excess_spy
z_market_beta_60d,194,XLP,5,target_5d_forward_return_excess_spy
z_idio_vol_60d,280,XLP,5,target_5d_forward_return_excess_spy
z_Federal_Funds_Rate,150,XLP,5,target_5d_forward_return_excess_spy
z_Treasury_10Y,245,XLP,5,target_5d_forward_return_excess_spy
z_Yield_Spread_10Y2Y,162,XLP,5,target_5d_forward_return_excess_spy
z_Breakeven_Inflation_10Y,164,XLP,5,target_5d_forward_return_excess_spy
z_CPI,172,XLP,5,target_5d_forward_return_excess_spy
z_Unemployment_Rate,197,XLP,5,target_5d_forward_return_excess_spy
z_Financial_Conditions_Index,266,XLP,5,target_5d_forward_return_excess_spy
z_VIX,240,XLP,5,target_5d_forward_return_excess_spy
z_rate_sensitivity_beta,235,XLP,5,target_5d_forward_return_excess_spy
z_return_5d,130,XLRE,5,target_5d_forward_return_excess_spy
z_return_5d_rel_spy,32,XLRE,5,target_5d_forward_return_excess_spy
z_return_5d_excess_rf,11,XLRE,5,target_5d_forward_return_excess_spy
z_return_20d,137,XLRE,5,target_5d_forward_return_excess_spy
z_return_20d_rel_spy,43,XLRE,5,target_5d_forward_return_excess_spy
z_return_20d_excess_rf,0,XLRE,5,target_5d_forward_return_excess_spy
z_return_60d_rel_spy,217,XLRE,5,target_5d_forward_return_excess_spy
z_price_to_MA20,84,XLRE,5,target_5d_forward_return_excess_spy
z_price_to_MA50,196,XLRE,5,target_5d_forward_return_excess_spy
z_MA20_minus_MA50,248,XLRE,5,target_5d_forward_return_excess_spy
z_volatility_20d,157,XLRE,5,target_5d_forward_return_excess_spy
z_max_drawdown_60d,183,XLRE,5,target_5d_forward_return_excess_spy
z_ATR_14,184,XLRE,5,target_5d_forward_return_excess_spy
z_volume_change,61,XLRE,5,target_5d_forward_return_excess_spy
z_relative_volume,124,XLRE,5,target_5d_forward_return_excess_spy
z_RSI_14,172,XLRE,5,target_5d_forward_return_excess_spy
z_market_beta_60d,215,XLRE,5,target_5d_forward_return_excess_spy
z_idio_vol_60d,191,XLRE,5,target_5d_forward_return_excess_spy
z_Federal_Funds_Rate,151,XLRE,5,target_5d_forward_return_excess_spy
z_Treasury_10Y,147,XLRE,5,target_5d_forward_return_excess_spy
z_Yield_Spread_10Y2Y,168,XLRE,5,target_5d_forward_return_excess_spy
z_Breakeven_Inflation_10Y,239,XLRE,5,target_5d_forward_return_excess_spy
z_CPI,173,XLRE,5,target_5d_forward_return_excess_spy
z_Unemployment_Rate,210,XLRE,5,target_5d_forward_return_excess_spy
z_Financial_Conditions_Index,274,XLRE,5,target_5d_forward_return_excess_spy
z_VIX,230,XLRE,5,target_5d_forward_return_excess_spy
z_rate_sensitivity_beta,223,XLRE,5,target_5d_forward_return_excess_spy
z_return_5d,120,XLU,5,target_5d_forward_return_excess_spy
z_return_5d_rel_spy,26,XLU,5,target_5d_forward_return_excess_spy
z_return_5d_excess_rf,6,XLU,5,target_5d_forward_return_excess_spy
z_return_20d,124,XLU,5,target_5d_forward_return_excess_spy
z_return_20d_rel_spy,31,XLU,5,target_5d_forward_return_excess_spy
z_return_20d_excess_rf,4,XLU,5,target_5d_forward_return_excess_spy
z_return_60d_rel_spy,162,XLU,5,target_5d_forward_return_excess_spy
z_price_to_MA20,194,XLU,5,target_5d_forward_return_excess_spy
z_price_to_MA50,166,XLU,5,target_5d_forward_return_excess_spy
z_MA20_minus_MA50,333,XLU,5,target_5d_forward_return_excess_spy
z_volatility_20d,268,XLU,5,target_5d_forward_return_excess_spy
z_max_drawdown_60d,200,XLU,5,target_5d_forward_return_excess_spy
z_ATR_14,240,XLU,5,target_5d_forward_return_excess_spy
z_volume_change,89,XLU,5,target_5d_forward_return_excess_spy
z_relative_volume,75,XLU,5,target_5d_forward_return_excess_spy
z_RSI_14,132,XLU,5,target_5d_forward_return_excess_spy
z_market_beta_60d,206,XLU,5,target_5d_forward_return_excess_spy
z_idio_vol_60d,197,XLU,5,target_5d_forward_return_excess_spy
z_Federal_Funds_Rate,161,XLU,5,target_5d_forward_return_excess_spy
z_Treasury_10Y,178,XLU,5,target_5d_forward_return_excess_spy
z_Yield_Spread_10Y2Y,161,XLU,5,target_5d_forward_return_excess_spy
z_Breakeven_Inflation_10Y,127,XLU,5,target_5d_forward_return_excess_spy
z_CPI,181,XLU,5,target_5d_forward_return_excess_spy
z_Unemployment_Rate,174,XLU,5,target_5d_forward_return_excess_spy
z_Financial_Conditions_Index,249,XLU,5,target_5d_forward_return_excess_spy
z_VIX,189,XLU,5,target_5d_forward_return_excess_spy
z_rate_sensitivity_beta,207,XLU,5,target_5d_forward_return_excess_spy
z_return_5d,134,XLV,5,target_5d_forward_return_excess_spy
z_return_5d_rel_spy,22,XLV,5,target_5d_forward_return_excess_spy
z_return_5d_excess_rf,5,XLV,5,target_5d_forward_return_excess_spy
z_return_20d,154,XLV,5,target_5d_forward_return_excess_spy
z_return_20d_rel_spy,38,XLV,5,target_5d_forward_return_excess_spy
z_return_20d_excess_rf,2,XLV,5,target_5d_forward_return_excess_spy
z_return_60d_rel_spy,177,XLV,5,target_5d_forward_return_excess_spy
z_price_to_MA20,179,XLV,5,target_5d_forward_return_excess_spy
z_price_to_MA50,167,XLV,5,target_5d_forward_return_excess_spy
z_MA20_minus_MA50,237,XLV,5,target_5d_forward_return_excess_spy
z_volatility_20d,215,XLV,5,target_5d_forward_return_excess_spy
z_max_drawdown_60d,178,XLV,5,target_5d_forward_return_excess_spy
z_ATR_14,210,XLV,5,target_5d_forward_return_excess_spy
z_volume_change,47,XLV,5,target_5d_forward_return_excess_spy
z_relative_volume,109,XLV,5,target_5d_forward_return_excess_spy
z_RSI_14,185,XLV,5,target_5d_forward_return_excess_spy
z_market_beta_60d,211,XLV,5,target_5d_forward_return_excess_spy
z_idio_vol_60d,226,XLV,5,target_5d_forward_return_excess_spy
z_Federal_Funds_Rate,116,XLV,5,target_5d_forward_return_excess_spy
z_Treasury_10Y,154,XLV,5,target_5d_forward_return_excess_spy
z_Yield_Spread_10Y2Y,182,XLV,5,target_5d_forward_return_excess_spy
z_Breakeven_Inflation_10Y,164,XLV,5,target_5d_forward_return_excess_spy
z_CPI,190,XLV,5,target_5d_forward_return_excess_spy
z_Unemployment_Rate,146,XLV,5,target_5d_forward_return_excess_spy
z_Financial_Conditions_Index,334,XLV,5,target_5d_forward_return_excess_spy
z_VIX,188,XLV,5,target_5d_forward_return_excess_spy
z_rate_sensitivity_beta,230,XLV,5,target_5d_forward_return_excess_spy
z_return_5d,167,XLY,5,target_5d_forward_return_excess_spy
z_return_5d_rel_spy,23,XLY,5,target_5d_forward_return_excess_spy
z_return_5d_excess_rf,5,XLY,5,target_5d_forward_return_excess_spy
z_return_20d,148,XLY,5,target_5d_forward_return_excess_spy
z_return_20d_rel_spy,54,XLY,5,target_5d_forward_return_excess_spy
z_return_20d_excess_rf,1,XLY,5,target_5d_forward_return_excess_spy
z_return_60d_rel_spy,198,XLY,5,target_5d_forward_return_excess_spy
z_price_to_MA20,172,XLY,5,target_5d_forward_return_excess_spy
z_price_to_MA50,139,XLY,5,target_5d_forward_return_excess_spy
z_MA20_minus_MA50,277,XLY,5,target_5d_forward_return_excess_spy
z_volatility_20d,143,XLY,5,target_5d_forward_return_excess_spy
z_max_drawdown_60d,243,XLY,5,target_5d_forward_return_excess_spy
z_ATR_14,207,XLY,5,target_5d_forward_return_excess_spy
z_volume_change,67,XLY,5,target_5d_forward_return_excess_spy
z_relative_volume,87,XLY,5,target_5d_forward_return_excess_spy
z_RSI_14,115,XLY,5,target_5d_forward_return_excess_spy
z_market_beta_60d,241,XLY,5,target_5d_forward_return_excess_spy
z_idio_vol_60d,231,XLY,5,target_5d_forward_return_excess_spy
z_Federal_Funds_Rate,145,XLY,5,target_5d_forward_return_excess_spy
z_Treasury_10Y,221,XLY,5,target_5d_forward_return_excess_spy
z_Yield_Spread_10Y2Y,108,XLY,5,target_5d_forward_return_excess_spy
z_Breakeven_Inflation_10Y,230,XLY,5,target_5d_forward_return_excess_spy
z_CPI,209,XLY,5,target_5d_forward_return_excess_spy
z_Unemployment_Rate,190,XLY,5,target_5d_forward_return_excess_spy
z_Financial_Conditions_Index,217,XLY,5,target_5d_forward_return_excess_spy
z_VIX,153,XLY,5,target_5d_forward_return_excess_spy
z_rate_sensitivity_beta,209,XLY,5,target_5d_forward_return_excess_spy
